ar;val;kod;namn;valkrets;giltiga;blanka;ogiltiga_ovriga;ogiltiga;rostande;rostberattigade;valdeltagande;kalla_fil
2014;rf;14800001;Uppsamlingsdistrikt;Göteborg, Hisingen;1732;43;2;45;1777;;;2014_landstingsval_per_valdistrikt.xls
2014;rf;14800002;Uppsamlingsdistrikt;Göteborg, Öster;1891;47;4;51;1942;;;2014_landstingsval_per_valdistrikt.xls
2014;rf;14800003;Uppsamlingsdistrikt;Göteborg, Centrum;2496;54;2;56;2552;;;2014_landstingsval_per_valdistrikt.xls
2014;rf;14800004;Uppsamlingsdistrikt;Göteborg, Väster;1698;31;3;34;1732;;;2014_landstingsval_per_valdistrikt.xls
2014;rf;14801011;Majorna-Linné, Klippan;Göteborg, Väster;1415;21;1;22;1437;1738;82.68;2014_landstingsval_per_valdistrikt.xls
2014;rf;14801012;Majorna-Linné, Kungsladugård;Göteborg, Väster;1194;15;0;15;1209;1490;81.14;2014_landstingsval_per_valdistrikt.xls
2014;rf;14801013;Majorna-Linné, Mariaplan;Göteborg, Väster;1085;18;0;18;1103;1338;82.44;2014_landstingsval_per_valdistrikt.xls
2014;rf;14801014;Majorna-Linné, Silverkällan;Göteborg, Väster;1196;15;0;15;1211;1479;81.88;2014_landstingsval_per_valdistrikt.xls
2014;rf;14801015;Majorna-Linné, Skytteskogen;Göteborg, Väster;1424;13;0;13;1437;1715;83.79;2014_landstingsval_per_valdistrikt.xls
2014;rf;14801016;Majorna-Linné, Svalebo;Göteborg, Väster;1015;15;0;15;1030;1298;79.35;2014_landstingsval_per_valdistrikt.xls
2014;rf;14801021;Majorna-Linné, Sandarne;Göteborg, Väster;1304;27;0;27;1331;1780;74.78;2014_landstingsval_per_valdistrikt.xls
2014;rf;14801031;Majorna-Linné, Godhem;Göteborg, Väster;988;11;0;11;999;1177;84.88;2014_landstingsval_per_valdistrikt.xls
2014;rf;14801032;Majorna-Linné, Gråberget;Göteborg, Väster;1301;16;2;18;1319;1609;81.98;2014_landstingsval_per_valdistrikt.xls
2014;rf;14801033;Majorna-Linné, Hängmattan;Göteborg, Väster;1236;9;0;9;1245;1508;82.56;2014_landstingsval_per_valdistrikt.xls
2014;rf;14801034;Majorna-Linné, Majorna;Göteborg, Väster;1170;17;0;17;1187;1559;76.14;2014_landstingsval_per_valdistrikt.xls
2014;rf;14801035;Majorna-Linné, Marieberg;Göteborg, Väster;1152;11;0;11;1163;1380;84.28;2014_landstingsval_per_valdistrikt.xls
2014;rf;14801036;Majorna-Linné, Slottsskogsgatan m fl;Göteborg, Väster;1367;9;0;9;1376;1670;82.40;2014_landstingsval_per_valdistrikt.xls
2014;rf;14801041;Majorna-Linné, Djurgårdsgatan m fl;Göteborg, Centrum;1308;13;0;13;1321;1613;81.90;2014_landstingsval_per_valdistrikt.xls
2014;rf;14801042;Majorna-Linné, Gatenhielmska;Göteborg, Centrum;1043;13;0;13;1056;1297;81.42;2014_landstingsval_per_valdistrikt.xls
2014;rf;14801043;Majorna-Linné, Karl Johans torg;Göteborg, Centrum;1462;12;0;12;1474;1778;82.90;2014_landstingsval_per_valdistrikt.xls
2014;rf;14801044;Majorna-Linné, Söderlingska ängen;Göteborg, Centrum;1084;12;0;12;1096;1406;77.95;2014_landstingsval_per_valdistrikt.xls
2014;rf;14801051;Majorna-Linné, Masthugget, Nedre;Göteborg, Centrum;1152;8;1;9;1161;1336;86.90;2014_landstingsval_per_valdistrikt.xls
2014;rf;14801052;Majorna-Linné, Masthugget, Övre;Göteborg, Centrum;1327;19;1;20;1347;1555;86.62;2014_landstingsval_per_valdistrikt.xls
2014;rf;14801053;Majorna-Linné, Masthuggstorget;Göteborg, Centrum;1039;12;0;12;1051;1320;79.62;2014_landstingsval_per_valdistrikt.xls
2014;rf;14801054;Majorna-Linné, Oscar Fredrik;Göteborg, Centrum;1115;12;0;12;1127;1332;84.61;2014_landstingsval_per_valdistrikt.xls
2014;rf;14801055;Majorna-Linné, Slottsskogen;Göteborg, Centrum;872;15;0;15;887;1129;78.57;2014_landstingsval_per_valdistrikt.xls
2014;rf;14801056;Majorna-Linné, Stigberget;Göteborg, Centrum;1239;13;0;13;1252;1538;81.40;2014_landstingsval_per_valdistrikt.xls
2014;rf;14801057;Majorna-Linné, Vegastaden;Göteborg, Centrum;1065;6;0;6;1071;1267;84.53;2014_landstingsval_per_valdistrikt.xls
2014;rf;14801061;Majorna-Linné, Änggården;Göteborg, Centrum;977;12;0;12;989;1266;78.12;2014_landstingsval_per_valdistrikt.xls
2014;rf;14801071;Majorna-Linné, Haga;Göteborg, Centrum;1390;23;0;23;1413;1741;81.16;2014_landstingsval_per_valdistrikt.xls
2014;rf;14801072;Majorna-Linné, Skansberget;Göteborg, Centrum;1319;13;0;13;1332;1615;82.48;2014_landstingsval_per_valdistrikt.xls
2014;rf;14801081;Majorna-Linné, Annedal;Göteborg, Centrum;1524;18;1;19;1543;1935;79.74;2014_landstingsval_per_valdistrikt.xls
2014;rf;14801082;Majorna-Linné, Nilssonsberg;Göteborg, Centrum;1499;24;0;24;1523;1794;84.89;2014_landstingsval_per_valdistrikt.xls
2014;rf;14801091;Majorna-Linné, Kommendantsängen;Göteborg, Centrum;1078;16;0;16;1094;1261;86.76;2014_landstingsval_per_valdistrikt.xls
2014;rf;14801092;Majorna-Linné, Linné;Göteborg, Centrum;1280;9;0;9;1289;1532;84.14;2014_landstingsval_per_valdistrikt.xls
2014;rf;14801093;Majorna-Linné, Linnéplatsen;Göteborg, Centrum;911;10;0;10;921;1065;86.48;2014_landstingsval_per_valdistrikt.xls
2014;rf;14801094;Majorna-Linné, Långgatorna;Göteborg, Centrum;1335;10;0;10;1345;1641;81.96;2014_landstingsval_per_valdistrikt.xls
2014;rf;14801095;Majorna-Linné, Olivedal;Göteborg, Centrum;1426;9;0;9;1435;1698;84.51;2014_landstingsval_per_valdistrikt.xls
2014;rf;14801096;Majorna-Linné, Risåsen;Göteborg, Centrum;952;13;0;13;965;1149;83.99;2014_landstingsval_per_valdistrikt.xls
2014;rf;14801097;Majorna-Linné, Sveaplan;Göteborg, Centrum;1182;9;1;10;1192;1375;86.69;2014_landstingsval_per_valdistrikt.xls
2014;rf;14801101;Centrum, Framnäs;Göteborg, Centrum;1189;9;0;9;1198;1574;76.11;2014_landstingsval_per_valdistrikt.xls
2014;rf;14801102;Centrum, Fredriksdal;Göteborg, Centrum;846;7;0;7;853;1029;82.90;2014_landstingsval_per_valdistrikt.xls
2014;rf;14801103;Centrum, Fridkullagatan m fl;Göteborg, Centrum;1203;13;0;13;1216;1516;80.21;2014_landstingsval_per_valdistrikt.xls
2014;rf;14801104;Centrum, Getebergsäng;Göteborg, Centrum;1172;11;1;12;1184;1479;80.05;2014_landstingsval_per_valdistrikt.xls
2014;rf;14801105;Centrum, Kristinehöjd;Göteborg, Centrum;1059;15;1;16;1075;1345;79.93;2014_landstingsval_per_valdistrikt.xls
2014;rf;14801106;Centrum, Krokslätt;Göteborg, Centrum;1121;14;0;14;1135;1406;80.73;2014_landstingsval_per_valdistrikt.xls
2014;rf;14801107;Centrum, Mossen;Göteborg, Centrum;992;18;0;18;1010;1311;77.04;2014_landstingsval_per_valdistrikt.xls
2014;rf;14801108;Centrum, Olofshöjd;Göteborg, Centrum;638;15;0;15;653;1125;58.04;2014_landstingsval_per_valdistrikt.xls
2014;rf;14801111;Centrum, Eklanda;Göteborg, Centrum;1379;22;1;23;1402;1706;82.18;2014_landstingsval_per_valdistrikt.xls
2014;rf;14801112;Centrum, Johanneberg, Nedre;Göteborg, Centrum;1643;16;0;16;1659;1958;84.73;2014_landstingsval_per_valdistrikt.xls
2014;rf;14801113;Centrum, Johanneberg, Södra;Göteborg, Centrum;1196;13;0;13;1209;1455;83.09;2014_landstingsval_per_valdistrikt.xls
2014;rf;14801114;Centrum, Johanneberg, Övre;Göteborg, Centrum;1152;20;0;20;1172;1501;78.08;2014_landstingsval_per_valdistrikt.xls
2014;rf;14801121;Centrum, Landala;Göteborg, Centrum;1118;8;0;8;1126;1334;84.41;2014_landstingsval_per_valdistrikt.xls
2014;rf;14801122;Centrum, Landalabergen m fl;Göteborg, Centrum;1186;14;0;14;1200;1522;78.84;2014_landstingsval_per_valdistrikt.xls
2014;rf;14801123;Centrum, Landalagången m fl;Göteborg, Centrum;882;9;1;10;892;1182;75.47;2014_landstingsval_per_valdistrikt.xls
2014;rf;14801131;Centrum, Doktor Forselius gata m fl;Göteborg, Centrum;1107;19;1;20;1127;1373;82.08;2014_landstingsval_per_valdistrikt.xls
2014;rf;14801132;Centrum, Guldheden vattentornet;Göteborg, Centrum;1385;18;0;18;1403;1727;81.24;2014_landstingsval_per_valdistrikt.xls
2014;rf;14801133;Centrum, Guldheden, Centrala;Göteborg, Centrum;960;13;1;14;974;1205;80.83;2014_landstingsval_per_valdistrikt.xls
2014;rf;14801134;Centrum, Guldheden, Norra;Göteborg, Centrum;1265;9;1;10;1275;1463;87.15;2014_landstingsval_per_valdistrikt.xls
2014;rf;14801135;Centrum, Guldheden, Södra;Göteborg, Centrum;1090;12;0;12;1102;1323;83.30;2014_landstingsval_per_valdistrikt.xls
2014;rf;14801136;Centrum, Landala Egnahem;Göteborg, Centrum;1111;9;0;9;1120;1310;85.50;2014_landstingsval_per_valdistrikt.xls
2014;rf;14801141;Centrum, Lorensberg;Göteborg, Centrum;1391;11;3;14;1405;1661;84.59;2014_landstingsval_per_valdistrikt.xls
2014;rf;14801151;Centrum, Valand;Göteborg, Centrum;950;10;0;10;960;1169;82.12;2014_landstingsval_per_valdistrikt.xls
2014;rf;14801152;Centrum, Vasastaden, Norra;Göteborg, Centrum;1220;3;0;3;1223;1517;80.62;2014_landstingsval_per_valdistrikt.xls
2014;rf;14801153;Centrum, Vasastaden, Södra;Göteborg, Centrum;1411;19;1;20;1431;1721;83.15;2014_landstingsval_per_valdistrikt.xls
2014;rf;14801154;Centrum, Vasastaden, Östra;Göteborg, Centrum;1206;7;1;8;1214;1492;81.37;2014_landstingsval_per_valdistrikt.xls
2014;rf;14801161;Centrum, Inom Vallgraven;Göteborg, Centrum;1443;15;2;17;1460;1811;80.62;2014_landstingsval_per_valdistrikt.xls
2014;rf;14801162;Centrum, Nordstan-Otterhällan;Göteborg, Centrum;1423;16;0;16;1439;1787;80.53;2014_landstingsval_per_valdistrikt.xls
2014;rf;14801171;Centrum, Friggagatan-Stampen;Göteborg, Centrum;1172;16;0;16;1188;1447;82.10;2014_landstingsval_per_valdistrikt.xls
2014;rf;14801172;Centrum, Gullbergsvass-Svingeln;Göteborg, Centrum;1310;29;0;29;1339;1725;77.62;2014_landstingsval_per_valdistrikt.xls
2014;rf;14801173;Centrum, Gårda, Norra;Göteborg, Centrum;974;7;1;8;982;1152;85.24;2014_landstingsval_per_valdistrikt.xls
2014;rf;14801174;Centrum, Odinsgatan-Stampen;Göteborg, Centrum;1296;22;0;22;1318;1628;80.96;2014_landstingsval_per_valdistrikt.xls
2014;rf;14801181;Centrum, Bohusgatan m fl;Göteborg, Centrum;1162;16;1;17;1179;1462;80.64;2014_landstingsval_per_valdistrikt.xls
2014;rf;14801182;Centrum, Gårda, Södra;Göteborg, Centrum;962;20;2;22;984;1204;81.73;2014_landstingsval_per_valdistrikt.xls
2014;rf;14801183;Centrum, Heden;Göteborg, Centrum;1143;13;0;13;1156;1390;83.17;2014_landstingsval_per_valdistrikt.xls
2014;rf;14801184;Centrum, Hedås;Göteborg, Centrum;974;14;0;14;988;1198;82.47;2014_landstingsval_per_valdistrikt.xls
2014;rf;14802011;Örgryte-Härlanda, Gubbero;Göteborg, Centrum;972;11;1;12;984;1240;79.35;2014_landstingsval_per_valdistrikt.xls
2014;rf;14802012;Örgryte-Härlanda, Olskroken;Göteborg, Centrum;1035;15;0;15;1050;1377;76.25;2014_landstingsval_per_valdistrikt.xls
2014;rf;14802013;Örgryte-Härlanda, Redberget;Göteborg, Centrum;949;16;0;16;965;1189;81.16;2014_landstingsval_per_valdistrikt.xls
2014;rf;14802014;Örgryte-Härlanda, Redbergsplatsen;Göteborg, Centrum;945;15;0;15;960;1171;81.98;2014_landstingsval_per_valdistrikt.xls
2014;rf;14802021;Örgryte-Härlanda, Bagaregården;Göteborg, Öster;872;14;1;15;887;1049;84.56;2014_landstingsval_per_valdistrikt.xls
2014;rf;14802022;Örgryte-Härlanda, Ånäs;Göteborg, Öster;965;10;1;11;976;1183;82.50;2014_landstingsval_per_valdistrikt.xls
2014;rf;14802031;Örgryte-Härlanda, Redbergslid;Göteborg, Öster;1362;23;0;23;1385;1709;81.04;2014_landstingsval_per_valdistrikt.xls
2014;rf;14802032;Örgryte-Härlanda, Strömmensberg;Göteborg, Öster;1072;20;0;20;1092;1404;77.78;2014_landstingsval_per_valdistrikt.xls
2014;rf;14802041;Örgryte-Härlanda, Kallebäck, Västra;Göteborg, Öster;977;20;0;20;997;1460;68.29;2014_landstingsval_per_valdistrikt.xls
2014;rf;14802042;Örgryte-Härlanda, Kallebäck, Östra;Göteborg, Öster;1320;18;0;18;1338;1692;79.08;2014_landstingsval_per_valdistrikt.xls
2014;rf;14802051;Örgryte-Härlanda, Jakobsdal;Göteborg, Öster;1157;13;1;14;1171;1377;85.04;2014_landstingsval_per_valdistrikt.xls
2014;rf;14802052;Örgryte-Härlanda, Skår, Norra;Göteborg, Öster;943;6;1;7;950;1082;87.80;2014_landstingsval_per_valdistrikt.xls
2014;rf;14802053;Örgryte-Härlanda, Skår, Södra;Göteborg, Öster;1055;8;1;9;1064;1226;86.79;2014_landstingsval_per_valdistrikt.xls
2014;rf;14802061;Örgryte-Härlanda, Bö;Göteborg, Öster;863;10;1;11;874;983;88.91;2014_landstingsval_per_valdistrikt.xls
2014;rf;14802062;Örgryte-Härlanda, Örgryte;Göteborg, Öster;832;6;1;7;839;1003;83.65;2014_landstingsval_per_valdistrikt.xls
2014;rf;14802071;Örgryte-Härlanda, Torp;Göteborg, Öster;1549;12;0;12;1561;1812;86.15;2014_landstingsval_per_valdistrikt.xls
2014;rf;14802081;Örgryte-Härlanda, Kärralund;Göteborg, Centrum;1470;19;1;20;1490;1732;86.03;2014_landstingsval_per_valdistrikt.xls
2014;rf;14802082;Örgryte-Härlanda, Lunden, Gamla;Göteborg, Centrum;1206;16;0;16;1222;1508;81.03;2014_landstingsval_per_valdistrikt.xls
2014;rf;14802083;Örgryte-Härlanda, Lunden, Nya;Göteborg, Centrum;1376;20;0;20;1396;1676;83.29;2014_landstingsval_per_valdistrikt.xls
2014;rf;14802084;Örgryte-Härlanda, Nobelplatsen;Göteborg, Centrum;1110;20;0;20;1130;1381;81.82;2014_landstingsval_per_valdistrikt.xls
2014;rf;14802085;Örgryte-Härlanda, Sankt Pauli;Göteborg, Centrum;1299;19;0;19;1318;1665;79.16;2014_landstingsval_per_valdistrikt.xls
2014;rf;14802086;Örgryte-Härlanda, Överås;Göteborg, Centrum;1395;13;2;15;1410;1764;79.93;2014_landstingsval_per_valdistrikt.xls
2014;rf;14802091;Örgryte-Härlanda, Härlanda;Göteborg, Öster;1087;15;0;15;1102;1276;86.36;2014_landstingsval_per_valdistrikt.xls
2014;rf;14802101;Örgryte-Härlanda, Kålltorp, Norra;Göteborg, Öster;987;26;0;26;1013;1307;77.51;2014_landstingsval_per_valdistrikt.xls
2014;rf;14802102;Örgryte-Härlanda, Kålltorp, Södra;Göteborg, Öster;1014;19;0;19;1033;1220;84.67;2014_landstingsval_per_valdistrikt.xls
2014;rf;14802103;Örgryte-Härlanda, Kålltorp, Västra;Göteborg, Öster;899;10;0;10;909;1067;85.19;2014_landstingsval_per_valdistrikt.xls
2014;rf;14802104;Örgryte-Härlanda, Kålltorp, Östra;Göteborg, Öster;870;14;1;15;885;1091;81.12;2014_landstingsval_per_valdistrikt.xls
2014;rf;14802105;Örgryte-Härlanda, Munkebäck, Norra;Göteborg, Öster;910;15;0;15;925;1158;79.88;2014_landstingsval_per_valdistrikt.xls
2014;rf;14802106;Örgryte-Härlanda, Munkebäck, Södra;Göteborg, Öster;1053;15;0;15;1068;1319;80.97;2014_landstingsval_per_valdistrikt.xls
2014;rf;14802111;Örgryte-Härlanda, Fräntorp;Göteborg, Öster;977;7;0;7;984;1126;87.39;2014_landstingsval_per_valdistrikt.xls
2014;rf;14802112;Örgryte-Härlanda, Torpa;Göteborg, Öster;1412;21;1;22;1434;1832;78.28;2014_landstingsval_per_valdistrikt.xls
2014;rf;14802121;Örgryte-Härlanda, Björkekärr, Norra;Göteborg, Öster;743;13;0;13;756;904;83.63;2014_landstingsval_per_valdistrikt.xls
2014;rf;14802122;Örgryte-Härlanda, Björkekärr, Södra;Göteborg, Öster;1222;14;0;14;1236;1397;88.48;2014_landstingsval_per_valdistrikt.xls
2014;rf;14802123;Örgryte-Härlanda, Björkekärr, Västra;Göteborg, Öster;1001;13;0;13;1014;1375;73.75;2014_landstingsval_per_valdistrikt.xls
2014;rf;14802124;Örgryte-Härlanda, Björkekärr, Östra;Göteborg, Öster;911;18;2;20;931;1286;72.40;2014_landstingsval_per_valdistrikt.xls
2014;rf;14802125;Örgryte-Härlanda, Robertshöjd m fl;Göteborg, Öster;1249;22;0;22;1271;1612;78.85;2014_landstingsval_per_valdistrikt.xls
2014;rf;14803011;Östra Göteborg, Bellevue;Göteborg, Öster;965;11;1;12;977;1311;74.52;2014_landstingsval_per_valdistrikt.xls
2014;rf;14803012;Östra Göteborg, Gamlestaden;Göteborg, Öster;965;8;0;8;973;1352;71.97;2014_landstingsval_per_valdistrikt.xls
2014;rf;14803013;Östra Göteborg, Kviberg, Västra;Göteborg, Öster;1152;12;1;13;1165;1606;72.54;2014_landstingsval_per_valdistrikt.xls
2014;rf;14803014;Östra Göteborg, Kviberg, Östra;Göteborg, Öster;967;15;0;15;982;1213;80.96;2014_landstingsval_per_valdistrikt.xls
2014;rf;14803015;Östra Göteborg, Nylöse;Göteborg, Öster;1032;8;0;8;1040;1552;67.01;2014_landstingsval_per_valdistrikt.xls
2014;rf;14803021;Östra Göteborg, Fjällbo;Göteborg, Öster;1204;19;0;19;1223;1539;79.47;2014_landstingsval_per_valdistrikt.xls
2014;rf;14803022;Östra Göteborg, Utby;Göteborg, Öster;1287;21;0;21;1308;1476;88.62;2014_landstingsval_per_valdistrikt.xls
2014;rf;14803023;Östra Göteborg, Utbynäs;Göteborg, Öster;920;19;0;19;939;1131;83.02;2014_landstingsval_per_valdistrikt.xls
2014;rf;14803031;Östra Göteborg, Gregorianska g. m fl;Göteborg, Öster;877;8;1;9;886;1503;58.95;2014_landstingsval_per_valdistrikt.xls
2014;rf;14803032;Östra Göteborg, Kortedala Centrum;Göteborg, Öster;880;10;1;11;891;1560;57.12;2014_landstingsval_per_valdistrikt.xls
2014;rf;14803033;Östra Göteborg, Kortedala, Södra;Göteborg, Öster;963;9;0;9;972;1339;72.59;2014_landstingsval_per_valdistrikt.xls
2014;rf;14803034;Östra Göteborg, Kortedala, Västra;Göteborg, Öster;1024;10;0;10;1034;1459;70.87;2014_landstingsval_per_valdistrikt.xls
2014;rf;14803035;Östra Göteborg, Kortedala, Östra;Göteborg, Öster;1027;12;0;12;1039;1760;59.03;2014_landstingsval_per_valdistrikt.xls
2014;rf;14803041;Östra Göteborg, Adventsparken;Göteborg, Öster;989;15;1;16;1005;1549;64.88;2014_landstingsval_per_valdistrikt.xls
2014;rf;14803042;Östra Göteborg, Kortedala, Norra;Göteborg, Öster;1132;18;7;25;1157;1798;64.35;2014_landstingsval_per_valdistrikt.xls
2014;rf;14803043;Östra Göteborg, Månadsgatorna m fl;Göteborg, Öster;1106;11;1;12;1118;1691;66.11;2014_landstingsval_per_valdistrikt.xls
2014;rf;14803051;Östra Göteborg, Bergsjön, Norra;Göteborg, Öster;719;9;0;9;728;1105;65.88;2014_landstingsval_per_valdistrikt.xls
2014;rf;14803052;Östra Göteborg, Gärdsmosse;Göteborg, Öster;653;7;0;7;660;1442;45.77;2014_landstingsval_per_valdistrikt.xls
2014;rf;14803053;Östra Göteborg, Gärdsås;Göteborg, Öster;709;10;0;10;719;1035;69.47;2014_landstingsval_per_valdistrikt.xls
2014;rf;14803054;Östra Göteborg, Siriusgatan;Göteborg, Öster;1005;3;1;4;1009;1900;53.11;2014_landstingsval_per_valdistrikt.xls
2014;rf;14803061;Östra Göteborg, Bergsjön, Södra;Göteborg, Öster;794;4;0;4;798;1614;49.44;2014_landstingsval_per_valdistrikt.xls
2014;rf;14803062;Östra Göteborg, Bergsjön, Östra;Göteborg, Öster;745;5;0;5;750;1518;49.41;2014_landstingsval_per_valdistrikt.xls
2014;rf;14803063;Östra Göteborg, Komettorget;Göteborg, Öster;834;8;1;9;843;1640;51.40;2014_landstingsval_per_valdistrikt.xls
2014;rf;14803064;Östra Göteborg, Rymdtorget;Göteborg, Öster;511;4;0;4;515;1049;49.09;2014_landstingsval_per_valdistrikt.xls
2014;rf;14804021;Lundby, Bjurslätt;Göteborg, Hisingen;1263;9;1;10;1273;1871;68.04;2014_landstingsval_per_valdistrikt.xls
2014;rf;14804022;Lundby, Flunsås;Göteborg, Hisingen;1068;14;1;15;1083;1530;70.78;2014_landstingsval_per_valdistrikt.xls
2014;rf;14804023;Lundby, Kvillebäcken, Norra;Göteborg, Hisingen;1045;12;2;14;1059;1487;71.22;2014_landstingsval_per_valdistrikt.xls
2014;rf;14804024;Lundby, Kvillebäcken, Södra;Göteborg, Hisingen;1005;25;1;26;1031;1454;70.91;2014_landstingsval_per_valdistrikt.xls
2014;rf;14804025;Lundby, Kvillebäcken, Östra;Göteborg, Hisingen;820;14;0;14;834;1089;76.58;2014_landstingsval_per_valdistrikt.xls
2014;rf;14804026;Lundby, Wieselgrensplatsen;Göteborg, Hisingen;813;9;0;9;822;1212;67.82;2014_landstingsval_per_valdistrikt.xls
2014;rf;14804031;Lundby, Hilldedal;Göteborg, Hisingen;996;12;1;13;1009;1332;75.75;2014_landstingsval_per_valdistrikt.xls
2014;rf;14804032;Lundby, Slätta Damm;Göteborg, Hisingen;1300;24;1;25;1325;1775;74.65;2014_landstingsval_per_valdistrikt.xls
2014;rf;14804041;Lundby, Kärrdalen;Göteborg, Hisingen;1189;6;0;6;1195;1423;83.98;2014_landstingsval_per_valdistrikt.xls
2014;rf;14804042;Lundby, Tolered, Norra;Göteborg, Hisingen;959;7;0;7;966;1210;79.83;2014_landstingsval_per_valdistrikt.xls
2014;rf;14804043;Lundby, Tolered, Södra;Göteborg, Hisingen;952;18;0;18;970;1162;83.48;2014_landstingsval_per_valdistrikt.xls
2014;rf;14804051;Norra Hisingen, Glöstorp;Göteborg, Hisingen;961;15;0;15;976;1296;75.31;2014_landstingsval_per_valdistrikt.xls
2014;rf;14804052;Norra Hisingen, Gunnestorp;Göteborg, Hisingen;1329;11;1;12;1341;1642;81.67;2014_landstingsval_per_valdistrikt.xls
2014;rf;14804053;Norra Hisingen, Norumshöjd;Göteborg, Hisingen;937;9;1;10;947;1489;63.60;2014_landstingsval_per_valdistrikt.xls
2014;rf;14804054;Norra Hisingen, Tuve;Göteborg, Hisingen;1290;5;0;5;1295;1581;81.91;2014_landstingsval_per_valdistrikt.xls
2014;rf;14804055;Norra Hisingen, Tången;Göteborg, Hisingen;1106;14;1;15;1121;1270;88.27;2014_landstingsval_per_valdistrikt.xls
2014;rf;14804061;Norra Hisingen, Säve;Göteborg, Hisingen;1380;14;0;14;1394;1683;82.83;2014_landstingsval_per_valdistrikt.xls
2014;rf;14804071;Norra Hisingen, Gerrebacka-Ingebäck;Göteborg, Hisingen;1206;17;0;17;1223;1425;85.82;2014_landstingsval_per_valdistrikt.xls
2014;rf;14804072;Norra Hisingen, Kärra, Norra;Göteborg, Hisingen;921;6;0;6;927;1144;81.03;2014_landstingsval_per_valdistrikt.xls
2014;rf;14804073;Norra Hisingen, Kärra, Södra;Göteborg, Hisingen;1061;15;0;15;1076;1312;82.01;2014_landstingsval_per_valdistrikt.xls
2014;rf;14804074;Norra Hisingen, Kärra, Västra;Göteborg, Hisingen;987;21;0;21;1008;1249;80.70;2014_landstingsval_per_valdistrikt.xls
2014;rf;14804075;Norra Hisingen, Kärra, Östra;Göteborg, Hisingen;1056;18;0;18;1074;1353;79.38;2014_landstingsval_per_valdistrikt.xls
2014;rf;14804076;Norra Hisingen, Mysterna-Svankälla;Göteborg, Hisingen;1190;18;0;18;1208;1357;89.02;2014_landstingsval_per_valdistrikt.xls
2014;rf;14804081;Norra Hisingen, Rödbo;Göteborg, Hisingen;572;1;0;1;573;700;81.86;2014_landstingsval_per_valdistrikt.xls
2014;rf;14804091;Norra Hisingen, Skogome-Sankt Jörgen;Göteborg, Hisingen;1528;24;0;24;1552;1936;80.17;2014_landstingsval_per_valdistrikt.xls
2014;rf;14804101;Norra Hisingen, Aröd;Göteborg, Hisingen;1274;23;1;24;1298;1756;73.92;2014_landstingsval_per_valdistrikt.xls
2014;rf;14804102;Norra Hisingen, Backa-Tingstad;Göteborg, Hisingen;1269;15;1;16;1285;1675;76.72;2014_landstingsval_per_valdistrikt.xls
2014;rf;14804103;Norra Hisingen, Brunnsbo;Göteborg, Hisingen;1084;15;0;15;1099;1675;65.61;2014_landstingsval_per_valdistrikt.xls
2014;rf;14804121;Norra Hisingen, Backa;Göteborg, Hisingen;1117;16;0;16;1133;1573;72.03;2014_landstingsval_per_valdistrikt.xls
2014;rf;14804122;Norra Hisingen, Backa Röd;Göteborg, Hisingen;761;10;0;10;771;1250;61.68;2014_landstingsval_per_valdistrikt.xls
2014;rf;14804123;Norra Hisingen, Bällskär;Göteborg, Hisingen;1320;14;0;14;1334;1645;81.09;2014_landstingsval_per_valdistrikt.xls
2014;rf;14804124;Norra Hisingen, Wadköpingsgatan;Göteborg, Hisingen;846;18;0;18;864;1496;57.75;2014_landstingsval_per_valdistrikt.xls
2014;rf;14804131;Norra Hisingen, Backadalen;Göteborg, Hisingen;943;12;0;12;955;1441;66.27;2014_landstingsval_per_valdistrikt.xls
2014;rf;14804132;Norra Hisingen, Bäckebol;Göteborg, Hisingen;698;11;0;11;709;1020;69.51;2014_landstingsval_per_valdistrikt.xls
2014;rf;14804133;Norra Hisingen, Selma Lagerlöfs torg;Göteborg, Hisingen;734;14;0;14;748;1250;59.84;2014_landstingsval_per_valdistrikt.xls
2014;rf;14804134;Norra Hisingen, Skälltorp;Göteborg, Hisingen;1223;25;1;26;1249;1705;73.26;2014_landstingsval_per_valdistrikt.xls
2014;rf;14804135;Norra Hisingen, Åketorp;Göteborg, Hisingen;1415;29;0;29;1444;1642;87.94;2014_landstingsval_per_valdistrikt.xls
2014;rf;14804141;Lundby, Bräcke, Norra;Göteborg, Hisingen;1098;16;0;16;1114;1365;81.61;2014_landstingsval_per_valdistrikt.xls
2014;rf;14804142;Lundby, Bräcke, Södra;Göteborg, Hisingen;886;12;0;12;898;1188;75.59;2014_landstingsval_per_valdistrikt.xls
2014;rf;14804143;Lundby, Kyrkbyn;Göteborg, Hisingen;1052;13;0;13;1065;1438;74.06;2014_landstingsval_per_valdistrikt.xls
2014;rf;14804144;Lundby, Lundby, Norra;Göteborg, Hisingen;877;19;1;20;897;1221;73.46;2014_landstingsval_per_valdistrikt.xls
2014;rf;14804145;Lundby, Lundby, Södra;Göteborg, Hisingen;794;14;0;14;808;1098;73.59;2014_landstingsval_per_valdistrikt.xls
2014;rf;14804151;Lundby, Brämaregården, Norra;Göteborg, Hisingen;907;11;0;11;918;1218;75.37;2014_landstingsval_per_valdistrikt.xls
2014;rf;14804152;Lundby, Brämaregården, Östra;Göteborg, Hisingen;968;21;1;22;990;1384;71.53;2014_landstingsval_per_valdistrikt.xls
2014;rf;14804153;Lundby, Brämaregården-Rambergsstaden;Göteborg, Hisingen;1086;15;0;15;1101;1488;73.99;2014_landstingsval_per_valdistrikt.xls
2014;rf;14804154;Lundby, Porslinsfabriken;Göteborg, Hisingen;973;17;0;17;990;1285;77.04;2014_landstingsval_per_valdistrikt.xls
2014;rf;14804155;Lundby, Rambergsstaden, Norra;Göteborg, Hisingen;934;15;0;15;949;1247;76.10;2014_landstingsval_per_valdistrikt.xls
2014;rf;14804156;Lundby, Rambergsstaden, Västra;Göteborg, Hisingen;833;9;0;9;842;1367;61.59;2014_landstingsval_per_valdistrikt.xls
2014;rf;14804161;Lundby, Eriksberg Sjöporten;Göteborg, Hisingen;1207;15;0;15;1222;1453;84.10;2014_landstingsval_per_valdistrikt.xls
2014;rf;14804162;Lundby, Eriksberg, Västra;Göteborg, Hisingen;1008;10;1;11;1019;1148;88.76;2014_landstingsval_per_valdistrikt.xls
2014;rf;14804163;Lundby, Eriksberg, Östra;Göteborg, Hisingen;1095;11;0;11;1106;1281;86.34;2014_landstingsval_per_valdistrikt.xls
2014;rf;14804164;Lundby, Pölsebo-Bratterås;Göteborg, Hisingen;1186;18;0;18;1204;1379;87.31;2014_landstingsval_per_valdistrikt.xls
2014;rf;14804165;Lundby, Sannegården;Göteborg, Hisingen;1284;14;0;14;1298;1450;89.52;2014_landstingsval_per_valdistrikt.xls
2014;rf;14804171;Lundby, Lindholmen;Göteborg, Hisingen;1368;12;1;13;1381;1574;87.74;2014_landstingsval_per_valdistrikt.xls
2014;rf;14804172;Lundby, Lundbyvassen;Göteborg, Hisingen;1105;21;1;22;1127;1370;82.26;2014_landstingsval_per_valdistrikt.xls
2014;rf;14805011;Västra Göteborg, Björnekulla;Göteborg, Väster;1289;6;1;7;1296;1442;89.88;2014_landstingsval_per_valdistrikt.xls
2014;rf;14805012;Västra Göteborg, Fiskebäck, Norra;Göteborg, Väster;1284;7;0;7;1291;1408;91.69;2014_landstingsval_per_valdistrikt.xls
2014;rf;14805013;Västra Göteborg, Fiskebäck, Södra;Göteborg, Väster;965;6;1;7;972;1151;84.45;2014_landstingsval_per_valdistrikt.xls
2014;rf;14805014;Västra Göteborg, Påvelund;Göteborg, Väster;1381;12;0;12;1393;1603;86.90;2014_landstingsval_per_valdistrikt.xls
2014;rf;14805021;Västra Göteborg, Långedrag;Göteborg, Väster;1386;4;0;4;1390;1529;90.91;2014_landstingsval_per_valdistrikt.xls
2014;rf;14805031;Västra Göteborg, Hagen;Göteborg, Väster;1335;5;0;5;1340;1490;89.93;2014_landstingsval_per_valdistrikt.xls
2014;rf;14805032;Västra Göteborg, Nya Varvet;Göteborg, Väster;1259;11;2;13;1272;1492;85.25;2014_landstingsval_per_valdistrikt.xls
2014;rf;14805033;Västra Göteborg, Tångudden;Göteborg, Väster;1186;10;1;11;1197;1317;90.89;2014_landstingsval_per_valdistrikt.xls
2014;rf;14805041;Västra Göteborg, Ekebäck;Göteborg, Väster;1253;15;0;15;1268;1458;86.97;2014_landstingsval_per_valdistrikt.xls
2014;rf;14805042;Västra Göteborg, Grimmered;Göteborg, Väster;1489;8;0;8;1497;1693;88.42;2014_landstingsval_per_valdistrikt.xls
2014;rf;14805051;Västra Göteborg, Brännö-Asperö;Göteborg, Väster;875;5;0;5;880;1015;86.70;2014_landstingsval_per_valdistrikt.xls
2014;rf;14805052;Västra Göteborg, Donsö-Vrångö;Göteborg, Väster;1154;14;0;14;1168;1354;86.26;2014_landstingsval_per_valdistrikt.xls
2014;rf;14805053;Västra Göteborg, Styrsö-Köpstadsö;Göteborg, Väster;941;6;0;6;947;1140;83.07;2014_landstingsval_per_valdistrikt.xls
2014;rf;14805061;Västra Göteborg, Bratthammar;Göteborg, Väster;1626;19;0;19;1645;1925;85.45;2014_landstingsval_per_valdistrikt.xls
2014;rf;14805071;Västra Göteborg, Beryllg.-Guldringen;Göteborg, Väster;1464;23;0;23;1487;1847;80.51;2014_landstingsval_per_valdistrikt.xls
2014;rf;14805081;Västra Göteborg, Tynnered;Göteborg, Väster;1475;14;0;14;1489;2055;72.46;2014_landstingsval_per_valdistrikt.xls
2014;rf;14805091;Askim-Frölunda-Högsbo, Kavås;Göteborg, Väster;1047;16;0;16;1063;1233;86.21;2014_landstingsval_per_valdistrikt.xls
2014;rf;14805092;Askim-Frölunda-Högsbo, Kaverös, N;Göteborg, Väster;982;13;1;14;996;1241;80.26;2014_landstingsval_per_valdistrikt.xls
2014;rf;14805093;Askim-Frölunda-Högsbo, Kaverös, S;Göteborg, Väster;891;11;1;12;903;1172;77.05;2014_landstingsval_per_valdistrikt.xls
2014;rf;14805101;Askim-Frölunda-Högsbo, Flatås, V;Göteborg, Väster;1230;15;0;15;1245;1585;78.55;2014_landstingsval_per_valdistrikt.xls
2014;rf;14805111;Askim-Frölunda-Högsbo, Högsbohöjd, N;Göteborg, Väster;1015;16;0;16;1031;1395;73.91;2014_landstingsval_per_valdistrikt.xls
2014;rf;14805112;Askim-Frölunda-Högsbo, Högsbohöjd, S;Göteborg, Väster;1196;14;0;14;1210;1526;79.29;2014_landstingsval_per_valdistrikt.xls
2014;rf;14805121;Askim-Frölunda-Högsbo, Högsbo;Göteborg, Väster;983;9;0;9;992;1397;71.01;2014_landstingsval_per_valdistrikt.xls
2014;rf;14805122;Askim-Frölunda-Högsbo, Högsbotorp, V;Göteborg, Väster;1186;13;1;14;1200;1488;80.65;2014_landstingsval_per_valdistrikt.xls
2014;rf;14805123;Askim-Frölunda-Högsbo, Högsbotorp, Ö;Göteborg, Väster;1123;13;0;13;1136;1378;82.44;2014_landstingsval_per_valdistrikt.xls
2014;rf;14805124;Askim-Frölunda-Högsbo, Marklandsg.;Göteborg, Väster;1285;17;1;18;1303;1619;80.48;2014_landstingsval_per_valdistrikt.xls
2014;rf;14805131;Askim-Frölunda-Högsbo, Spinetten;Göteborg, Väster;668;6;0;6;674;954;70.65;2014_landstingsval_per_valdistrikt.xls
2014;rf;14805132;Askim-Frölunda-Högsbo, Tofta;Göteborg, Väster;1002;9;0;9;1011;1404;72.01;2014_landstingsval_per_valdistrikt.xls
2014;rf;14805141;Askim-Frölunda-Högsbo, Ruddalen;Göteborg, Väster;1435;11;5;16;1451;1920;75.57;2014_landstingsval_per_valdistrikt.xls
2014;rf;14805151;Askim-Frölunda-Högsbo, Järnbrott, V;Göteborg, Väster;1480;20;0;20;1500;1831;81.92;2014_landstingsval_per_valdistrikt.xls
2014;rf;14805152;Askim-Frölunda-Högsbo, Järnbrott, Ö;Göteborg, Väster;1045;13;0;13;1058;1373;77.06;2014_landstingsval_per_valdistrikt.xls
2014;rf;14805161;Askim-Frölunda-Högsbo, Flatås, Ö;Göteborg, Väster;955;17;2;19;974;1282;75.98;2014_landstingsval_per_valdistrikt.xls
2014;rf;14805171;Askim-Frölunda-Högsbo, Frölunda;Göteborg, Väster;532;4;1;5;537;971;55.30;2014_landstingsval_per_valdistrikt.xls
2014;rf;14805172;Askim-Frölunda-Högsbo, Frölunda Torg;Göteborg, Väster;800;11;0;11;811;1381;58.73;2014_landstingsval_per_valdistrikt.xls
2014;rf;14805173;Askim-Frölunda-Högsbo, Gånglåten;Göteborg, Väster;689;10;0;10;699;1080;64.72;2014_landstingsval_per_valdistrikt.xls
2014;rf;14805174;Askim-Frölunda-Högsbo, Mandolingatan;Göteborg, Väster;760;9;0;9;769;1112;69.15;2014_landstingsval_per_valdistrikt.xls
2014;rf;14805181;Västra Göteborg, Korsåsen;Göteborg, Väster;1062;9;1;10;1072;1492;71.85;2014_landstingsval_per_valdistrikt.xls
2014;rf;14805182;Västra Göteborg, Ängås;Göteborg, Väster;842;13;1;14;856;1397;61.27;2014_landstingsval_per_valdistrikt.xls
2014;rf;14805191;Västra Göteborg, Önnered, Västra;Göteborg, Väster;1218;11;0;11;1229;1396;88.04;2014_landstingsval_per_valdistrikt.xls
2014;rf;14805192;Västra Göteborg, Önnered, Östra;Göteborg, Väster;1331;8;0;8;1339;1523;87.92;2014_landstingsval_per_valdistrikt.xls
2014;rf;14805201;Västra Göteborg, Grevegården;Göteborg, Väster;866;8;1;9;875;1362;64.24;2014_landstingsval_per_valdistrikt.xls
2014;rf;14805202;Västra Göteborg, Skattegården;Göteborg, Väster;998;2;0;2;1000;1578;63.37;2014_landstingsval_per_valdistrikt.xls
2014;rf;14805211;Västra Göteborg, Näset, Norra;Göteborg, Väster;1482;9;1;10;1492;1666;89.56;2014_landstingsval_per_valdistrikt.xls
2014;rf;14805212;Västra Göteborg, Näset, Södra;Göteborg, Väster;1187;10;0;10;1197;1382;86.61;2014_landstingsval_per_valdistrikt.xls
2014;rf;14805213;Västra Göteborg, Åkered;Göteborg, Väster;1297;8;0;8;1305;1470;88.78;2014_landstingsval_per_valdistrikt.xls
2014;rf;14805221;Västra Göteborg, Opaltorget, Norra;Göteborg, Väster;972;20;0;20;992;1386;71.57;2014_landstingsval_per_valdistrikt.xls
2014;rf;14805222;Västra Göteborg, Opaltorget, Södra;Göteborg, Väster;769;8;0;8;777;1000;77.70;2014_landstingsval_per_valdistrikt.xls
2014;rf;14805231;Askim-Frölunda-Högsbo, Askim;Göteborg, Väster;1046;8;0;8;1054;1241;84.93;2014_landstingsval_per_valdistrikt.xls
2014;rf;14805232;Askim-Frölunda-Högsbo, Hovås, Norra;Göteborg, Väster;946;10;0;10;956;1131;84.53;2014_landstingsval_per_valdistrikt.xls
2014;rf;14805233;Askim-Frölunda-Högsbo, Hult;Göteborg, Väster;1096;12;0;12;1108;1218;90.97;2014_landstingsval_per_valdistrikt.xls
2014;rf;14805234;Askim-Frölunda-Högsbo, Pilegården;Göteborg, Väster;928;16;0;16;944;1226;77.00;2014_landstingsval_per_valdistrikt.xls
2014;rf;14805235;Askim-Frölunda-Högsbo, Sisjön, Norra;Göteborg, Väster;1227;12;0;12;1239;1500;82.60;2014_landstingsval_per_valdistrikt.xls
2014;rf;14805236;Askim-Frölunda-Högsbo, Sisjön, Södra;Göteborg, Väster;1363;13;0;13;1376;1499;91.79;2014_landstingsval_per_valdistrikt.xls
2014;rf;14805241;Askim-Frölunda-Högsbo, Hovås, Södra;Göteborg, Väster;905;1;0;1;906;1062;85.31;2014_landstingsval_per_valdistrikt.xls
2014;rf;14805242;Askim-Frölunda-Högsbo, Trollåsen;Göteborg, Väster;1192;6;1;7;1199;1380;86.88;2014_landstingsval_per_valdistrikt.xls
2014;rf;14805251;Askim-Frölunda-Högsbo, Billdal;Göteborg, Väster;1622;10;0;10;1632;1809;90.22;2014_landstingsval_per_valdistrikt.xls
2014;rf;14805252;Askim-Frölunda-Högsbo, Brottkärr;Göteborg, Väster;839;4;2;6;845;949;89.04;2014_landstingsval_per_valdistrikt.xls
2014;rf;14805253;Askim-Frölunda-Högsbo, Lindås;Göteborg, Väster;1322;15;0;15;1337;1488;89.85;2014_landstingsval_per_valdistrikt.xls
2014;rf;14805254;Askim-Frölunda-Högsbo, Lyckhem;Göteborg, Väster;1071;7;1;8;1079;1178;91.60;2014_landstingsval_per_valdistrikt.xls
2014;rf;14805255;Askim-Frölunda-Högsbo, Nygård;Göteborg, Väster;1092;11;0;11;1103;1250;88.24;2014_landstingsval_per_valdistrikt.xls
2014;rf;14805256;Askim-Frölunda-Högsbo, Skintebo;Göteborg, Väster;1065;10;0;10;1075;1212;88.70;2014_landstingsval_per_valdistrikt.xls
2014;rf;14806011;Angered, Lövgärdet, Nedre;Göteborg, Öster;1188;8;1;9;1197;2278;52.55;2014_landstingsval_per_valdistrikt.xls
2014;rf;14806012;Angered, Lövgärdet, Övre;Göteborg, Öster;908;7;0;7;915;1739;52.62;2014_landstingsval_per_valdistrikt.xls
2014;rf;14806013;Angered, Lövgärdets Centrum;Göteborg, Öster;661;7;0;7;668;1296;51.54;2014_landstingsval_per_valdistrikt.xls
2014;rf;14806021;Angered, Rannebergen, Norra;Göteborg, Öster;1196;13;0;13;1209;1753;68.97;2014_landstingsval_per_valdistrikt.xls
2014;rf;14806022;Angered, Rannebergen, Södra;Göteborg, Öster;970;9;2;11;981;1675;58.57;2014_landstingsval_per_valdistrikt.xls
2014;rf;14806031;Angered, Gårdsten, Norra;Göteborg, Öster;766;6;2;8;774;2039;37.96;2014_landstingsval_per_valdistrikt.xls
2014;rf;14806032;Angered, Gårdsten, Södra;Göteborg, Öster;498;5;0;5;503;985;51.07;2014_landstingsval_per_valdistrikt.xls
2014;rf;14806033;Angered, Gårdsten, Västra;Göteborg, Öster;542;2;1;3;545;1316;41.41;2014_landstingsval_per_valdistrikt.xls
2014;rf;14806034;Angered, Gårdsten, Östra;Göteborg, Öster;777;2;1;3;780;1521;51.28;2014_landstingsval_per_valdistrikt.xls
2014;rf;14806041;Angered, Angereds Centrum;Göteborg, Öster;1056;10;1;11;1067;1550;68.84;2014_landstingsval_per_valdistrikt.xls
2014;rf;14806042;Angered, Trägårdsgärdet;Göteborg, Öster;825;12;2;14;839;1218;68.88;2014_landstingsval_per_valdistrikt.xls
2014;rf;14806051;Angered, Agnesberg;Göteborg, Öster;506;8;0;8;514;761;67.54;2014_landstingsval_per_valdistrikt.xls
2014;rf;14806061;Angered, Hammarkullen, Västra;Göteborg, Öster;989;7;0;7;996;1831;54.40;2014_landstingsval_per_valdistrikt.xls
2014;rf;14806062;Angered, Hammarkullen, Östra;Göteborg, Öster;881;5;1;6;887;1621;54.72;2014_landstingsval_per_valdistrikt.xls
2014;rf;14806063;Angered, Sandeslätt;Göteborg, Öster;1141;16;0;16;1157;1782;64.93;2014_landstingsval_per_valdistrikt.xls
2014;rf;14806101;Angered, Gunnilse-Linnarhult;Göteborg, Öster;1180;7;1;8;1188;1534;77.44;2014_landstingsval_per_valdistrikt.xls
2014;rf;14806111;Angered, Björsared-Knipared;Göteborg, Öster;1187;21;0;21;1208;1521;79.42;2014_landstingsval_per_valdistrikt.xls
2014;rf;14806112;Angered, Olofstorp;Göteborg, Öster;1444;21;0;21;1465;1831;80.01;2014_landstingsval_per_valdistrikt.xls
2014;rf;14806121;Angered, Bläsebo;Göteborg, Öster;824;3;1;4;828;1421;58.27;2014_landstingsval_per_valdistrikt.xls
2014;rf;14806122;Angered, Hjällbo, Norra;Göteborg, Öster;781;5;0;5;786;1441;54.55;2014_landstingsval_per_valdistrikt.xls
2014;rf;14806123;Angered, Hjällbo, Södra;Göteborg, Öster;521;0;0;0;521;1006;51.79;2014_landstingsval_per_valdistrikt.xls
2014;rf;14806124;Angered, Skolspåret;Göteborg, Öster;616;1;1;2;618;1115;55.43;2014_landstingsval_per_valdistrikt.xls
2014;rf;14806131;Angered, Eriksbo;Göteborg, Öster;1018;6;0;6;1024;1860;55.05;2014_landstingsval_per_valdistrikt.xls
2014;rf;14807011;Västra Hisingen, Biskopsgården, N;Göteborg, Hisingen;886;2;1;3;889;1701;52.26;2014_landstingsval_per_valdistrikt.xls
2014;rf;14807012;Västra Hisingen, Svarte Mosse;Göteborg, Hisingen;777;7;1;8;785;1496;52.47;2014_landstingsval_per_valdistrikt.xls
2014;rf;14807021;Västra Hisingen, Länsmansgården, C;Göteborg, Hisingen;815;10;0;10;825;1332;61.94;2014_landstingsval_per_valdistrikt.xls
2014;rf;14807022;Västra Hisingen, Länsmansgården, N;Göteborg, Hisingen;839;9;0;9;848;1315;64.49;2014_landstingsval_per_valdistrikt.xls
2014;rf;14807023;Västra Hisingen, Länsmansgården, S;Göteborg, Hisingen;611;8;2;10;621;1065;58.31;2014_landstingsval_per_valdistrikt.xls
2014;rf;14807031;Västra Hisingen, Badvädersgatan m fl;Göteborg, Hisingen;753;12;0;12;765;1286;59.49;2014_landstingsval_per_valdistrikt.xls
2014;rf;14807032;Västra Hisingen, Stackmolnsg. m fl;Göteborg, Hisingen;931;10;0;10;941;1622;58.01;2014_landstingsval_per_valdistrikt.xls
2014;rf;14807041;Västra Hisingen, Andalen;Göteborg, Hisingen;1606;14;1;15;1621;1811;89.51;2014_landstingsval_per_valdistrikt.xls
2014;rf;14807042;Västra Hisingen, Hjuvik;Göteborg, Hisingen;1461;5;2;7;1468;1634;89.84;2014_landstingsval_per_valdistrikt.xls
2014;rf;14807043;Västra Hisingen, Hällsvik;Göteborg, Hisingen;1320;17;0;17;1337;1480;90.34;2014_landstingsval_per_valdistrikt.xls
2014;rf;14807051;Västra Hisingen, Amhult-Arendal;Göteborg, Hisingen;1093;15;0;15;1108;1325;83.62;2014_landstingsval_per_valdistrikt.xls
2014;rf;14807052;Västra Hisingen, Domarringen m fl;Göteborg, Hisingen;1290;14;0;14;1304;1471;88.65;2014_landstingsval_per_valdistrikt.xls
2014;rf;14807053;Västra Hisingen, Nolered;Göteborg, Hisingen;1258;18;0;18;1276;1484;85.98;2014_landstingsval_per_valdistrikt.xls
2014;rf;14807054;Västra Hisingen, Torslanda;Göteborg, Hisingen;1575;24;0;24;1599;1817;88.00;2014_landstingsval_per_valdistrikt.xls
2014;rf;14807055;Västra Hisingen, Tumlehed;Göteborg, Hisingen;1249;19;2;21;1270;1510;84.11;2014_landstingsval_per_valdistrikt.xls
2014;rf;14807061;Västra Hisingen, Björlanda;Göteborg, Hisingen;1398;18;0;18;1416;1648;85.92;2014_landstingsval_per_valdistrikt.xls
2014;rf;14807062;Västra Hisingen, Kvisljungeby;Göteborg, Hisingen;1018;5;0;5;1023;1183;86.48;2014_landstingsval_per_valdistrikt.xls
2014;rf;14807063;Västra Hisingen, Lilleby;Göteborg, Hisingen;1329;8;0;8;1337;1508;88.66;2014_landstingsval_per_valdistrikt.xls
2014;rf;14807064;Västra Hisingen, Älvegården m fl;Göteborg, Hisingen;1005;14;0;14;1019;1159;87.92;2014_landstingsval_per_valdistrikt.xls
2014;rf;14807081;Västra Hisingen, Biskopsgården, S;Göteborg, Hisingen;839;6;0;6;845;1273;66.38;2014_landstingsval_per_valdistrikt.xls
2014;rf;14807082;Västra Hisingen, Treröset;Göteborg, Hisingen;888;13;0;13;901;1562;57.68;2014_landstingsval_per_valdistrikt.xls
2014;rf;14807083;Västra Hisingen, Vårväderstorget;Göteborg, Hisingen;1010;17;0;17;1027;1753;58.59;2014_landstingsval_per_valdistrikt.xls
2014;rf;14807084;Västra Hisingen, Väderlekstorget;Göteborg, Hisingen;664;12;0;12;676;1027;65.82;2014_landstingsval_per_valdistrikt.xls
2014;rf;14807091;Västra Hisingen, Jättesten;Göteborg, Hisingen;1189;12;1;13;1202;1814;66.26;2014_landstingsval_per_valdistrikt.xls
2014;rf;14807092;Västra Hisingen, Kärrmossen;Göteborg, Hisingen;1291;14;2;16;1307;1972;66.28;2014_landstingsval_per_valdistrikt.xls
2014;rf;14807093;Västra Hisingen, Svartedalen;Göteborg, Hisingen;928;14;0;14;942;1531;61.53;2014_landstingsval_per_valdistrikt.xls
