ar;val;kod;namn;andrad_indelning
2002;rd;14800101;Domkyrko 1;1
2002;rd;14800102;Domkyrko 2;1
2002;rd;14800103;Domkyrko 3;1
2002;rd;14800104;Domkyrko 4;1
2002;rd;14800105;Domkyrko 5;1
2002;rd;14800106;Domkyrko 6;1
2002;rd;14800107;Domkyrko 7;0
2002;rd;14800108;Domkyrko 8;0
2002;rd;14800401;Nylöse 1;0
2002;rd;14800402;Nylöse 2;1
2002;rd;14800403;Nylöse 3;0
2002;rd;14800404;Nylöse 4;0
2002;rd;14800405;Nylöse 5;1
2002;rd;14800406;Nylöse 6;0
2002;rd;14800407;Nylöse 7;0
2002;rd;14800501;Kortedala 1;1
2002;rd;14800502;Kortedala 2;1
2002;rd;14800503;Kortedala 3;0
2002;rd;14800504;Kortedala 4;1
2002;rd;14800505;Kortedala 5;1
2002;rd;14800506;Kortedala 6;1
2002;rd;14800507;Kortedala 7;1
2002;rd;14800508;Kortedala 8;0
2002;rd;14800509;Kortedala 9;0
2002;rd;14800601;Härlanda 1;1
2002;rd;14800602;Härlanda 2;0
2002;rd;14800603;Härlanda 3;0
2002;rd;14800604;Härlanda 4;1
2002;rd;14800605;Härlanda 5;1
2002;rd;14800606;Härlanda 6;1
2002;rd;14800607;Härlanda 7;1
2002;rd;14800608;Härlanda 8;1
2002;rd;14800609;Härlanda 9;1
2002;rd;14800610;Härlanda 10;1
2002;rd;14800611;Härlanda 11;0
2002;rd;14800701;Vasa 1;1
2002;rd;14800702;Vasa 2;1
2002;rd;14800703;Vasa 3;1
2002;rd;14800704;Vasa 4;1
2002;rd;14800705;Vasa 5;1
2002;rd;14800706;Vasa 6;0
2002;rd;14800707;Vasa 7;0
2002;rd;14800708;Vasa 8;1
2002;rd;14800709;Vasa 9;1
2002;rd;14800710;Vasa 10;0
2002;rd;14800801;Johanneberg 1;1
2002;rd;14800802;Johanneberg 2;1
2002;rd;14800803;Johanneberg 3;1
2002;rd;14800804;Johanneberg 4;1
2002;rd;14800805;Johanneberg 5;1
2002;rd;14800806;Johanneberg 6;1
2002;rd;14800807;Johanneberg 7;1
2002;rd;14800808;Johanneberg 8;1
2002;rd;14800809;Johanneberg 9;0
2002;rd;14800810;Johanneberg 10;1
2002;rd;14800811;Johanneberg 11;0
2002;rd;14800812;Johanneberg 12;0
2002;rd;14800813;Johanneberg 13;0
2002;rd;14800901;Annedal 1;0
2002;rd;14800902;Annedal 2;0
2002;rd;14800903;Annedal 3;1
2002;rd;14800904;Annedal 4;1
2002;rd;14800905;Annedal 5;0
2002;rd;14800906;Annedal 6;1
2002;rd;14800907;Annedal 7;1
2002;rd;14800908;Annedal 8;0
2002;rd;14800909;Annedal 9;0
2002;rd;14800910;Annedal 10;1
2002;rd;14800911;Annedal 11;0
2002;rd;14801001;Haga 1;0
2002;rd;14801002;Haga 2;0
2002;rd;14801003;Haga 3;0
2002;rd;14801101;Oskar Fredrik 1;1
2002;rd;14801102;Oskar Fredrik 2;1
2002;rd;14801103;Oskar Fredrik 3;1
2002;rd;14801104;Oskar Fredrik 4;1
2002;rd;14801105;Oskar Fredrik 5;1
2002;rd;14801106;Oskar Fredrik 6;1
2002;rd;14801107;Oskar Fredrik 7;1
2002;rd;14801201;Masthugg 1;1
2002;rd;14801202;Masthugg 2;1
2002;rd;14801203;Masthugg 3;0
2002;rd;14801204;Masthugg 4;1
2002;rd;14801205;Masthugg 5;1
2002;rd;14801206;Masthugg 6;1
2002;rd;14801207;Masthugg 7;1
2002;rd;14801208;Masthugg 8;1
2002;rd;14801301;Karl Johan 1;1
2002;rd;14801302;Karl Johan 2;0
2002;rd;14801303;Karl Johan 3;1
2002;rd;14801304;Karl Johan 4;0
2002;rd;14801305;Karl Johan 5;0
2002;rd;14801306;Karl Johan 6;0
2002;rd;14801307;Karl Johan 7;1
2002;rd;14801308;Karl Johan 8;1
2002;rd;14801309;Karl Johan 9;1
2002;rd;14801310;Karl Johan 10;0
2002;rd;14801311;Karl Johan 11;0
2002;rd;14801312;Karl Johan 12;0
2002;rd;14801601;Örgryte 1;0
2002;rd;14801602;Örgryte 2;0
2002;rd;14801603;Örgryte 3;0
2002;rd;14801604;Örgryte 4;0
2002;rd;14801605;Örgryte 5;0
2002;rd;14801606;Örgryte 6;0
2002;rd;14801607;Örgryte 7;0
2002;rd;14801608;Örgryte 8;0
2002;rd;14801609;Örgryte 9;0
2002;rd;14801701;Lundby 1;1
2002;rd;14801702;Lundby 2;0
2002;rd;14801703;Lundby 3;0
2002;rd;14801704;Lundby 4;0
2002;rd;14801705;Lundby 5;0
2002;rd;14801706;Lundby 6;0
2002;rd;14801707;Lundby 7;0
2002;rd;14801708;Lundby 8;1
2002;rd;14801709;Lundby 9;1
2002;rd;14801710;Lundby 10;1
2002;rd;14801711;Lundby 11;1
2002;rd;14801712;Lundby 12;0
2002;rd;14801713;Lundby 13;0
2002;rd;14801714;Lundby 14;0
2002;rd;14801801;Biskopsgården 1;1
2002;rd;14801802;Biskopsgården 2;1
2002;rd;14801803;Biskopsgården 3;1
2002;rd;14801804;Biskopsgården 4;1
2002;rd;14801805;Biskopsgården 5;1
2002;rd;14801806;Biskopsgården 6;0
2002;rd;14801807;Biskopsgården 7;1
2002;rd;14801808;Biskopsgården 8;1
2002;rd;14801809;Biskopsgården 9;0
2002;rd;14801810;Biskopsgården 10;1
2002;rd;14801811;Biskopsgården 11;1
2002;rd;14801812;Biskopsgården 12;0
2002;rd;14801813;Biskopsgården 13;0
2002;rd;14801901;Brämaregården 1;0
2002;rd;14801902;Brämaregården 2;0
2002;rd;14801903;Brämaregården 3;0
2002;rd;14801904;Brämaregården 4;0
2002;rd;14801905;Brämaregården 5;0
2002;rd;14801906;Brämaregården 6;0
2002;rd;14801907;Brämaregården 7;0
2002;rd;14801908;Brämaregården 8;0
2002;rd;14802001;Backa 1;0
2002;rd;14802002;Backa 2;0
2002;rd;14802003;Backa 3;0
2002;rd;14802004;Backa 4;0
2002;rd;14802005;Backa 5;0
2002;rd;14802101;Högsbo 1;0
2002;rd;14802102;Högsbo 2;0
2002;rd;14802103;Högsbo 3;0
2002;rd;14802104;Högsbo 4;0
2002;rd;14802105;Högsbo 5;0
2002;rd;14802106;Högsbo 6;0
2002;rd;14802107;Högsbo 7;0
2002;rd;14802108;Högsbo 8;1
2002;rd;14802109;Högsbo 9;1
2002;rd;14802110;Högsbo 10;1
2002;rd;14802111;Högsbo 11;0
2002;rd;14802112;Högsbo 12;0
2002;rd;14802201;Västra Frölunda 1;0
2002;rd;14802202;Västra Frölunda 2;0
2002;rd;14802203;Västra Frölunda 3;0
2002;rd;14802204;Västra Frölunda 4;0
2002;rd;14802205;Västra Frölunda 5;0
2002;rd;14802206;Västra Frölunda 6;0
2002;rd;14802207;Västra Frölunda 7;0
2002;rd;14802208;Västra Frölunda 8;0
2002;rd;14802209;Västra Frölunda 9;0
2002;rd;14802210;Västra Frölunda 10;0
2002;rd;14802301;Älvsborg 1;1
2002;rd;14802302;Älvsborg 2;0
2002;rd;14802303;Älvsborg 3;1
2002;rd;14802304;Älvsborg 4;1
2002;rd;14802305;Älvsborg 5;0
2002;rd;14802306;Älvsborg 6;1
2002;rd;14802307;Älvsborg 7;1
2002;rd;14802308;Älvsborg 8;1
2002;rd;14802309;Älvsborg 9;0
2002;rd;14802310;Älvsborg 10;0
2002;rd;14802401;Tynnered 1;1
2002;rd;14802402;Tynnered 2;1
2002;rd;14802403;Tynnered 3;0
2002;rd;14802404;Tynnered 4;0
2002;rd;14802405;Tynnered 5;0
2002;rd;14802406;Tynnered 6;0
2002;rd;14802407;Tynnered 7;0
2002;rd;14802408;Tynnered 8;1
2002;rd;14802409;Tynnered 9;0
2002;rd;14802410;Tynnered 10;0
2002;rd;14802601;Angered 1;0
2002;rd;14802602;Angered 2;0
2002;rd;14802603;Angered 3;0
2002;rd;14802604;Angered 4;0
2002;rd;14802605;Angered 5;0
2002;rd;14802606;Angered 6;0
2002;rd;14802607;Angered 7;0
2002;rd;14802608;Angered 8;0
2002;rd;14802609;Angered 9;0
2002;rd;14802701;Bergum 1;0
2002;rd;14802702;Bergum 2;0
2002;rd;14802801;Torslanda 1;0
2002;rd;14802802;Torslanda 2;0
2002;rd;14802803;Torslanda 3;0
2002;rd;14802804;Torslanda 4;0
2002;rd;14802805;Torslanda 5;1
2002;rd;14802806;Torslanda 6;1
2002;rd;14802807;Torslanda 7;0
2002;rd;14802901;Björlanda 1;1
2002;rd;14802902;Björlanda 2;1
2002;rd;14802903;Björlanda 3;0
2002;rd;14803001;Tuve 1;0
2002;rd;14803002;Tuve 2;1
2002;rd;14803003;Tuve 3;0
2002;rd;14803004;Tuve 4;0
2002;rd;14803005;Tuve 5;0
2002;rd;14803006;Tuve 6;1
2002;rd;14803101;Säve 1;0
2002;rd;14803102;Säve 2;0
2002;rd;14803103;Säve 3;1
2002;rd;14803104;Säve 4;1
2002;rd;14803105;Säve 5;1
2002;rd;14803106;Säve 6;1
2002;rd;14803107;Säve 7;0
2002;rd;14803108;Säve 8;0
2002;rd;14803201;Bergsjön 1;0
2002;rd;14803202;Bergsjön 2;1
2002;rd;14803203;Bergsjön 3;1
2002;rd;14803204;Bergsjön 4;0
2002;rd;14803205;Bergsjön 5;0
2002;rd;14803206;Bergsjön 6;1
2002;rd;14803207;Bergsjön 7;1
2002;rd;14803208;Bergsjön 8;1
2002;rd;14803301;S:t Pauli 1;1
2002;rd;14803302;S:t Pauli 2;0
2002;rd;14803303;S:t Pauli 3;0
2002;rd;14803304;S:t Pauli 4;0
2002;rd;14803305;S:t Pauli 5;1
2002;rd;14803306;S:t Pauli 6;1
2002;rd;14803307;S:t Pauli 7;1
2002;rd;14803308;S:t Pauli 8;0
2002;rd;14803309;S:t Pauli 9;0
2002;rd;14803310;S:t Pauli 10;0
2002;rd;14803401;Gunnared 1;0
2002;rd;14803402;Gunnared 2;0
2002;rd;14803403;Gunnared 3;1
2002;rd;14803404;Gunnared 4;1
2002;rd;14803405;Gunnared 5;1
2002;rd;14803406;Gunnared 6;1
2002;rd;14803407;Gunnared 7;0
2002;rd;14803408;Gunnared 8;0
2002;rd;14803409;Gunnared 9;0
2002;rd;14803410;Gunnared 10;0
2002;rd;14803411;Gunnared 11;0
2002;rd;14803501;Rödbo 1;0
2002;rd;14803601;Askim 1;1
2002;rd;14803602;Askim 2;1
2002;rd;14803603;Askim 3;1
2002;rd;14803604;Askim 4;0
2002;rd;14803605;Askim 5;0
2002;rd;14803606;Askim 6;0
2002;rd;14803607;Askim 7;0
2002;rd;14803608;Askim 8;1
2002;rd;14803609;Askim 9;1
2002;rd;14803610;Askim 10;1
2002;rd;14803611;Askim 11;1
2002;rd;14803612;Askim 12;0
2002;rd;14803701;Styrsö 1;0
2002;rd;14803702;Styrsö 2;0
2002;rd;14803703;Styrsö 3;0
2002;rd;14803801;Björkekärr 1;1
2002;rd;14803802;Björkekärr 2;0
2002;rd;14803803;Björkekärr 3;1
2002;rd;14803804;Björkekärr 4;0
2002;rd;14803901;Brunnsbo 1;1
2002;rd;14803902;Brunnsbo 2;1
2002;rd;14803903;Brunnsbo 3;1
2002;rd;14804001;Bäckebol 1;0
2002;rd;14804002;Bäckebol 2;0
2002;rd;14804003;Bäckebol 3;0
2002;rd;14804004;Bäckebol 4;0
2002;rd;14804005;Bäckebol 5;0
2002;rd;14804101;Näset 1;0
2002;rd;14804102;Näset 2;0
2002;rd;14804103;Näset 3;0
2002;rd;14804104;Näset 4;0
2002;rf;14800101;Domkyrko 1;1
2002;rf;14800102;Domkyrko 2;1
2002;rf;14800103;Domkyrko 3;1
2002;rf;14800104;Domkyrko 4;1
2002;rf;14800105;Domkyrko 5;1
2002;rf;14800106;Domkyrko 6;1
2002;rf;14800107;Domkyrko 7;0
2002;rf;14800108;Domkyrko 8;0
2002;rf;14800401;Nylöse 1;0
2002;rf;14800402;Nylöse 2;1
2002;rf;14800403;Nylöse 3;0
2002;rf;14800404;Nylöse 4;0
2002;rf;14800405;Nylöse 5;1
2002;rf;14800406;Nylöse 6;0
2002;rf;14800407;Nylöse 7;0
2002;rf;14800501;Kortedala 1;1
2002;rf;14800502;Kortedala 2;1
2002;rf;14800503;Kortedala 3;0
2002;rf;14800504;Kortedala 4;1
2002;rf;14800505;Kortedala 5;1
2002;rf;14800506;Kortedala 6;1
2002;rf;14800507;Kortedala 7;1
2002;rf;14800508;Kortedala 8;0
2002;rf;14800509;Kortedala 9;0
2002;rf;14800601;Härlanda 1;1
2002;rf;14800602;Härlanda 2;0
2002;rf;14800603;Härlanda 3;0
2002;rf;14800604;Härlanda 4;1
2002;rf;14800605;Härlanda 5;1
2002;rf;14800606;Härlanda 6;1
2002;rf;14800607;Härlanda 7;1
2002;rf;14800608;Härlanda 8;1
2002;rf;14800609;Härlanda 9;1
2002;rf;14800610;Härlanda 10;1
2002;rf;14800611;Härlanda 11;0
2002;rf;14800701;Vasa 1;1
2002;rf;14800702;Vasa 2;1
2002;rf;14800703;Vasa 3;1
2002;rf;14800704;Vasa 4;1
2002;rf;14800705;Vasa 5;1
2002;rf;14800706;Vasa 6;0
2002;rf;14800707;Vasa 7;0
2002;rf;14800708;Vasa 8;1
2002;rf;14800709;Vasa 9;1
2002;rf;14800710;Vasa 10;0
2002;rf;14800801;Johanneberg 1;1
2002;rf;14800802;Johanneberg 2;1
2002;rf;14800803;Johanneberg 3;1
2002;rf;14800804;Johanneberg 4;1
2002;rf;14800805;Johanneberg 5;1
2002;rf;14800806;Johanneberg 6;1
2002;rf;14800807;Johanneberg 7;1
2002;rf;14800808;Johanneberg 8;1
2002;rf;14800809;Johanneberg 9;0
2002;rf;14800810;Johanneberg 10;1
2002;rf;14800811;Johanneberg 11;0
2002;rf;14800812;Johanneberg 12;0
2002;rf;14800813;Johanneberg 13;0
2002;rf;14800901;Annedal 1;0
2002;rf;14800902;Annedal 2;0
2002;rf;14800903;Annedal 3;1
2002;rf;14800904;Annedal 4;1
2002;rf;14800905;Annedal 5;0
2002;rf;14800906;Annedal 6;1
2002;rf;14800907;Annedal 7;1
2002;rf;14800908;Annedal 8;0
2002;rf;14800909;Annedal 9;0
2002;rf;14800910;Annedal 10;1
2002;rf;14800911;Annedal 11;0
2002;rf;14801001;Haga 1;0
2002;rf;14801002;Haga 2;0
2002;rf;14801003;Haga 3;0
2002;rf;14801101;Oskar Fredrik 1;1
2002;rf;14801102;Oskar Fredrik 2;1
2002;rf;14801103;Oskar Fredrik 3;1
2002;rf;14801104;Oskar Fredrik 4;1
2002;rf;14801105;Oskar Fredrik 5;1
2002;rf;14801106;Oskar Fredrik 6;1
2002;rf;14801107;Oskar Fredrik 7;1
2002;rf;14801201;Masthugg 1;1
2002;rf;14801202;Masthugg 2;1
2002;rf;14801203;Masthugg 3;0
2002;rf;14801204;Masthugg 4;1
2002;rf;14801205;Masthugg 5;1
2002;rf;14801206;Masthugg 6;1
2002;rf;14801207;Masthugg 7;1
2002;rf;14801208;Masthugg 8;1
2002;rf;14801301;Karl Johan 1;1
2002;rf;14801302;Karl Johan 2;0
2002;rf;14801303;Karl Johan 3;1
2002;rf;14801304;Karl Johan 4;0
2002;rf;14801305;Karl Johan 5;0
2002;rf;14801306;Karl Johan 6;0
2002;rf;14801307;Karl Johan 7;1
2002;rf;14801308;Karl Johan 8;1
2002;rf;14801309;Karl Johan 9;1
2002;rf;14801310;Karl Johan 10;0
2002;rf;14801311;Karl Johan 11;0
2002;rf;14801312;Karl Johan 12;0
2002;rf;14801601;Örgryte 1;0
2002;rf;14801602;Örgryte 2;0
2002;rf;14801603;Örgryte 3;0
2002;rf;14801604;Örgryte 4;0
2002;rf;14801605;Örgryte 5;0
2002;rf;14801606;Örgryte 6;0
2002;rf;14801607;Örgryte 7;0
2002;rf;14801608;Örgryte 8;0
2002;rf;14801609;Örgryte 9;0
2002;rf;14801701;Lundby 1;1
2002;rf;14801702;Lundby 2;0
2002;rf;14801703;Lundby 3;0
2002;rf;14801704;Lundby 4;0
2002;rf;14801705;Lundby 5;0
2002;rf;14801706;Lundby 6;0
2002;rf;14801707;Lundby 7;0
2002;rf;14801708;Lundby 8;1
2002;rf;14801709;Lundby 9;1
2002;rf;14801710;Lundby 10;1
2002;rf;14801711;Lundby 11;1
2002;rf;14801712;Lundby 12;0
2002;rf;14801713;Lundby 13;0
2002;rf;14801714;Lundby 14;0
2002;rf;14801801;Biskopsgården 1;1
2002;rf;14801802;Biskopsgården 2;1
2002;rf;14801803;Biskopsgården 3;1
2002;rf;14801804;Biskopsgården 4;1
2002;rf;14801805;Biskopsgården 5;1
2002;rf;14801806;Biskopsgården 6;0
2002;rf;14801807;Biskopsgården 7;1
2002;rf;14801808;Biskopsgården 8;1
2002;rf;14801809;Biskopsgården 9;0
2002;rf;14801810;Biskopsgården 10;1
2002;rf;14801811;Biskopsgården 11;1
2002;rf;14801812;Biskopsgården 12;0
2002;rf;14801813;Biskopsgården 13;0
2002;rf;14801901;Brämaregården 1;0
2002;rf;14801902;Brämaregården 2;0
2002;rf;14801903;Brämaregården 3;0
2002;rf;14801904;Brämaregården 4;0
2002;rf;14801905;Brämaregården 5;0
2002;rf;14801906;Brämaregården 6;0
2002;rf;14801907;Brämaregården 7;0
2002;rf;14801908;Brämaregården 8;0
2002;rf;14802001;Backa 1;0
2002;rf;14802002;Backa 2;0
2002;rf;14802003;Backa 3;0
2002;rf;14802004;Backa 4;0
2002;rf;14802005;Backa 5;0
2002;rf;14802101;Högsbo 1;0
2002;rf;14802102;Högsbo 2;0
2002;rf;14802103;Högsbo 3;0
2002;rf;14802104;Högsbo 4;0
2002;rf;14802105;Högsbo 5;0
2002;rf;14802106;Högsbo 6;0
2002;rf;14802107;Högsbo 7;0
2002;rf;14802108;Högsbo 8;1
2002;rf;14802109;Högsbo 9;1
2002;rf;14802110;Högsbo 10;1
2002;rf;14802111;Högsbo 11;0
2002;rf;14802112;Högsbo 12;0
2002;rf;14802201;Västra Frölunda 1;0
2002;rf;14802202;Västra Frölunda 2;0
2002;rf;14802203;Västra Frölunda 3;0
2002;rf;14802204;Västra Frölunda 4;0
2002;rf;14802205;Västra Frölunda 5;0
2002;rf;14802206;Västra Frölunda 6;0
2002;rf;14802207;Västra Frölunda 7;0
2002;rf;14802208;Västra Frölunda 8;0
2002;rf;14802209;Västra Frölunda 9;0
2002;rf;14802210;Västra Frölunda 10;0
2002;rf;14802301;Älvsborg 1;1
2002;rf;14802302;Älvsborg 2;0
2002;rf;14802303;Älvsborg 3;1
2002;rf;14802304;Älvsborg 4;1
2002;rf;14802305;Älvsborg 5;0
2002;rf;14802306;Älvsborg 6;1
2002;rf;14802307;Älvsborg 7;1
2002;rf;14802308;Älvsborg 8;1
2002;rf;14802309;Älvsborg 9;0
2002;rf;14802310;Älvsborg 10;0
2002;rf;14802401;Tynnered 1;1
2002;rf;14802402;Tynnered 2;1
2002;rf;14802403;Tynnered 3;0
2002;rf;14802404;Tynnered 4;0
2002;rf;14802405;Tynnered 5;0
2002;rf;14802406;Tynnered 6;0
2002;rf;14802407;Tynnered 7;0
2002;rf;14802408;Tynnered 8;1
2002;rf;14802409;Tynnered 9;0
2002;rf;14802410;Tynnered 10;0
2002;rf;14802601;Angered 1;0
2002;rf;14802602;Angered 2;0
2002;rf;14802603;Angered 3;0
2002;rf;14802604;Angered 4;0
2002;rf;14802605;Angered 5;0
2002;rf;14802606;Angered 6;0
2002;rf;14802607;Angered 7;0
2002;rf;14802608;Angered 8;0
2002;rf;14802609;Angered 9;0
2002;rf;14802701;Bergum 1;0
2002;rf;14802702;Bergum 2;0
2002;rf;14802801;Torslanda 1;0
2002;rf;14802802;Torslanda 2;0
2002;rf;14802803;Torslanda 3;0
2002;rf;14802804;Torslanda 4;0
2002;rf;14802805;Torslanda 5;1
2002;rf;14802806;Torslanda 6;1
2002;rf;14802807;Torslanda 7;0
2002;rf;14802901;Björlanda 1;1
2002;rf;14802902;Björlanda 2;1
2002;rf;14802903;Björlanda 3;0
2002;rf;14803001;Tuve 1;0
2002;rf;14803002;Tuve 2;1
2002;rf;14803003;Tuve 3;0
2002;rf;14803004;Tuve 4;0
2002;rf;14803005;Tuve 5;0
2002;rf;14803006;Tuve 6;1
2002;rf;14803101;Säve 1;0
2002;rf;14803102;Säve 2;0
2002;rf;14803103;Säve 3;1
2002;rf;14803104;Säve 4;1
2002;rf;14803105;Säve 5;1
2002;rf;14803106;Säve 6;1
2002;rf;14803107;Säve 7;0
2002;rf;14803108;Säve 8;0
2002;rf;14803201;Bergsjön 1;0
2002;rf;14803202;Bergsjön 2;1
2002;rf;14803203;Bergsjön 3;1
2002;rf;14803204;Bergsjön 4;0
2002;rf;14803205;Bergsjön 5;0
2002;rf;14803206;Bergsjön 6;1
2002;rf;14803207;Bergsjön 7;1
2002;rf;14803208;Bergsjön 8;1
2002;rf;14803301;S:t Pauli 1;1
2002;rf;14803302;S:t Pauli 2;0
2002;rf;14803303;S:t Pauli 3;0
2002;rf;14803304;S:t Pauli 4;0
2002;rf;14803305;S:t Pauli 5;1
2002;rf;14803306;S:t Pauli 6;1
2002;rf;14803307;S:t Pauli 7;1
2002;rf;14803308;S:t Pauli 8;0
2002;rf;14803309;S:t Pauli 9;0
2002;rf;14803310;S:t Pauli 10;0
2002;rf;14803401;Gunnared 1;0
2002;rf;14803402;Gunnared 2;0
2002;rf;14803403;Gunnared 3;1
2002;rf;14803404;Gunnared 4;1
2002;rf;14803405;Gunnared 5;1
2002;rf;14803406;Gunnared 6;1
2002;rf;14803407;Gunnared 7;0
2002;rf;14803408;Gunnared 8;0
2002;rf;14803409;Gunnared 9;0
2002;rf;14803410;Gunnared 10;0
2002;rf;14803411;Gunnared 11;0
2002;rf;14803501;Rödbo 1;0
2002;rf;14803601;Askim 1;1
2002;rf;14803602;Askim 2;1
2002;rf;14803603;Askim 3;1
2002;rf;14803604;Askim 4;0
2002;rf;14803605;Askim 5;0
2002;rf;14803606;Askim 6;0
2002;rf;14803607;Askim 7;0
2002;rf;14803608;Askim 8;1
2002;rf;14803609;Askim 9;1
2002;rf;14803610;Askim 10;1
2002;rf;14803611;Askim 11;1
2002;rf;14803612;Askim 12;0
2002;rf;14803701;Styrsö 1;0
2002;rf;14803702;Styrsö 2;0
2002;rf;14803703;Styrsö 3;0
2002;rf;14803801;Björkekärr 1;1
2002;rf;14803802;Björkekärr 2;0
2002;rf;14803803;Björkekärr 3;1
2002;rf;14803804;Björkekärr 4;0
2002;rf;14803901;Brunnsbo 1;1
2002;rf;14803902;Brunnsbo 2;1
2002;rf;14803903;Brunnsbo 3;1
2002;rf;14804001;Bäckebol 1;0
2002;rf;14804002;Bäckebol 2;0
2002;rf;14804003;Bäckebol 3;0
2002;rf;14804004;Bäckebol 4;0
2002;rf;14804005;Bäckebol 5;0
2002;rf;14804101;Näset 1;0
2002;rf;14804102;Näset 2;0
2002;rf;14804103;Näset 3;0
2002;rf;14804104;Näset 4;0
2002;kf;14800101;Domkyrko 1;1
2002;kf;14800102;Domkyrko 2;1
2002;kf;14800103;Domkyrko 3;1
2002;kf;14800104;Domkyrko 4;1
2002;kf;14800105;Domkyrko 5;1
2002;kf;14800106;Domkyrko 6;1
2002;kf;14800107;Domkyrko 7;0
2002;kf;14800108;Domkyrko 8;0
2002;kf;14800401;Nylöse 1;0
2002;kf;14800402;Nylöse 2;1
2002;kf;14800403;Nylöse 3;0
2002;kf;14800404;Nylöse 4;0
2002;kf;14800405;Nylöse 5;1
2002;kf;14800406;Nylöse 6;0
2002;kf;14800407;Nylöse 7;0
2002;kf;14800501;Kortedala 1;1
2002;kf;14800502;Kortedala 2;1
2002;kf;14800503;Kortedala 3;0
2002;kf;14800504;Kortedala 4;1
2002;kf;14800505;Kortedala 5;1
2002;kf;14800506;Kortedala 6;1
2002;kf;14800507;Kortedala 7;1
2002;kf;14800508;Kortedala 8;0
2002;kf;14800509;Kortedala 9;0
2002;kf;14800601;Härlanda 1;1
2002;kf;14800602;Härlanda 2;0
2002;kf;14800603;Härlanda 3;0
2002;kf;14800604;Härlanda 4;1
2002;kf;14800605;Härlanda 5;1
2002;kf;14800606;Härlanda 6;1
2002;kf;14800607;Härlanda 7;1
2002;kf;14800608;Härlanda 8;1
2002;kf;14800609;Härlanda 9;1
2002;kf;14800610;Härlanda 10;1
2002;kf;14800611;Härlanda 11;0
2002;kf;14800701;Vasa 1;1
2002;kf;14800702;Vasa 2;1
2002;kf;14800703;Vasa 3;1
2002;kf;14800704;Vasa 4;1
2002;kf;14800705;Vasa 5;1
2002;kf;14800706;Vasa 6;0
2002;kf;14800707;Vasa 7;0
2002;kf;14800708;Vasa 8;1
2002;kf;14800709;Vasa 9;1
2002;kf;14800710;Vasa 10;0
2002;kf;14800801;Johanneberg 1;1
2002;kf;14800802;Johanneberg 2;1
2002;kf;14800803;Johanneberg 3;1
2002;kf;14800804;Johanneberg 4;1
2002;kf;14800805;Johanneberg 5;1
2002;kf;14800806;Johanneberg 6;1
2002;kf;14800807;Johanneberg 7;1
2002;kf;14800808;Johanneberg 8;1
2002;kf;14800809;Johanneberg 9;0
2002;kf;14800810;Johanneberg 10;1
2002;kf;14800811;Johanneberg 11;0
2002;kf;14800812;Johanneberg 12;0
2002;kf;14800813;Johanneberg 13;0
2002;kf;14800901;Annedal 1;0
2002;kf;14800902;Annedal 2;0
2002;kf;14800903;Annedal 3;1
2002;kf;14800904;Annedal 4;1
2002;kf;14800905;Annedal 5;0
2002;kf;14800906;Annedal 6;1
2002;kf;14800907;Annedal 7;1
2002;kf;14800908;Annedal 8;0
2002;kf;14800909;Annedal 9;0
2002;kf;14800910;Annedal 10;1
2002;kf;14800911;Annedal 11;0
2002;kf;14801001;Haga 1;0
2002;kf;14801002;Haga 2;0
2002;kf;14801003;Haga 3;0
2002;kf;14801101;Oskar Fredrik 1;1
2002;kf;14801102;Oskar Fredrik 2;1
2002;kf;14801103;Oskar Fredrik 3;1
2002;kf;14801104;Oskar Fredrik 4;1
2002;kf;14801105;Oskar Fredrik 5;1
2002;kf;14801106;Oskar Fredrik 6;1
2002;kf;14801107;Oskar Fredrik 7;1
2002;kf;14801201;Masthugg 1;1
2002;kf;14801202;Masthugg 2;1
2002;kf;14801203;Masthugg 3;0
2002;kf;14801204;Masthugg 4;1
2002;kf;14801205;Masthugg 5;1
2002;kf;14801206;Masthugg 6;1
2002;kf;14801207;Masthugg 7;1
2002;kf;14801208;Masthugg 8;1
2002;kf;14801301;Karl Johan 1;1
2002;kf;14801302;Karl Johan 2;0
2002;kf;14801303;Karl Johan 3;1
2002;kf;14801304;Karl Johan 4;0
2002;kf;14801305;Karl Johan 5;0
2002;kf;14801306;Karl Johan 6;0
2002;kf;14801307;Karl Johan 7;1
2002;kf;14801308;Karl Johan 8;1
2002;kf;14801309;Karl Johan 9;1
2002;kf;14801310;Karl Johan 10;0
2002;kf;14801311;Karl Johan 11;0
2002;kf;14801312;Karl Johan 12;0
2002;kf;14801601;Örgryte 1;0
2002;kf;14801602;Örgryte 2;0
2002;kf;14801603;Örgryte 3;0
2002;kf;14801604;Örgryte 4;0
2002;kf;14801605;Örgryte 5;0
2002;kf;14801606;Örgryte 6;0
2002;kf;14801607;Örgryte 7;0
2002;kf;14801608;Örgryte 8;0
2002;kf;14801609;Örgryte 9;0
2002;kf;14801701;Lundby 1;1
2002;kf;14801702;Lundby 2;0
2002;kf;14801703;Lundby 3;0
2002;kf;14801704;Lundby 4;0
2002;kf;14801705;Lundby 5;0
2002;kf;14801706;Lundby 6;0
2002;kf;14801707;Lundby 7;0
2002;kf;14801708;Lundby 8;1
2002;kf;14801709;Lundby 9;1
2002;kf;14801710;Lundby 10;1
2002;kf;14801711;Lundby 11;1
2002;kf;14801712;Lundby 12;0
2002;kf;14801713;Lundby 13;0
2002;kf;14801714;Lundby 14;0
2002;kf;14801801;Biskopsgården 1;1
2002;kf;14801802;Biskopsgården 2;1
2002;kf;14801803;Biskopsgården 3;1
2002;kf;14801804;Biskopsgården 4;1
2002;kf;14801805;Biskopsgården 5;1
2002;kf;14801806;Biskopsgården 6;0
2002;kf;14801807;Biskopsgården 7;1
2002;kf;14801808;Biskopsgården 8;1
2002;kf;14801809;Biskopsgården 9;0
2002;kf;14801810;Biskopsgården 10;1
2002;kf;14801811;Biskopsgården 11;1
2002;kf;14801812;Biskopsgården 12;0
2002;kf;14801813;Biskopsgården 13;0
2002;kf;14801901;Brämaregården 1;0
2002;kf;14801902;Brämaregården 2;0
2002;kf;14801903;Brämaregården 3;0
2002;kf;14801904;Brämaregården 4;0
2002;kf;14801905;Brämaregården 5;0
2002;kf;14801906;Brämaregården 6;0
2002;kf;14801907;Brämaregården 7;0
2002;kf;14801908;Brämaregården 8;0
2002;kf;14802001;Backa 1;0
2002;kf;14802002;Backa 2;0
2002;kf;14802003;Backa 3;0
2002;kf;14802004;Backa 4;0
2002;kf;14802005;Backa 5;0
2002;kf;14802101;Högsbo 1;0
2002;kf;14802102;Högsbo 2;0
2002;kf;14802103;Högsbo 3;0
2002;kf;14802104;Högsbo 4;0
2002;kf;14802105;Högsbo 5;0
2002;kf;14802106;Högsbo 6;0
2002;kf;14802107;Högsbo 7;0
2002;kf;14802108;Högsbo 8;1
2002;kf;14802109;Högsbo 9;1
2002;kf;14802110;Högsbo 10;1
2002;kf;14802111;Högsbo 11;0
2002;kf;14802112;Högsbo 12;0
2002;kf;14802201;Västra Frölunda 1;0
2002;kf;14802202;Västra Frölunda 2;0
2002;kf;14802203;Västra Frölunda 3;0
2002;kf;14802204;Västra Frölunda 4;0
2002;kf;14802205;Västra Frölunda 5;0
2002;kf;14802206;Västra Frölunda 6;0
2002;kf;14802207;Västra Frölunda 7;0
2002;kf;14802208;Västra Frölunda 8;0
2002;kf;14802209;Västra Frölunda 9;0
2002;kf;14802210;Västra Frölunda 10;0
2002;kf;14802301;Älvsborg 1;1
2002;kf;14802302;Älvsborg 2;0
2002;kf;14802303;Älvsborg 3;1
2002;kf;14802304;Älvsborg 4;1
2002;kf;14802305;Älvsborg 5;0
2002;kf;14802306;Älvsborg 6;1
2002;kf;14802307;Älvsborg 7;1
2002;kf;14802308;Älvsborg 8;1
2002;kf;14802309;Älvsborg 9;0
2002;kf;14802310;Älvsborg 10;0
2002;kf;14802401;Tynnered 1;1
2002;kf;14802402;Tynnered 2;1
2002;kf;14802403;Tynnered 3;0
2002;kf;14802404;Tynnered 4;0
2002;kf;14802405;Tynnered 5;0
2002;kf;14802406;Tynnered 6;0
2002;kf;14802407;Tynnered 7;0
2002;kf;14802408;Tynnered 8;1
2002;kf;14802409;Tynnered 9;0
2002;kf;14802410;Tynnered 10;0
2002;kf;14802601;Angered 1;0
2002;kf;14802602;Angered 2;0
2002;kf;14802603;Angered 3;0
2002;kf;14802604;Angered 4;0
2002;kf;14802605;Angered 5;0
2002;kf;14802606;Angered 6;0
2002;kf;14802607;Angered 7;0
2002;kf;14802608;Angered 8;0
2002;kf;14802609;Angered 9;0
2002;kf;14802701;Bergum 1;0
2002;kf;14802702;Bergum 2;0
2002;kf;14802801;Torslanda 1;0
2002;kf;14802802;Torslanda 2;0
2002;kf;14802803;Torslanda 3;0
2002;kf;14802804;Torslanda 4;0
2002;kf;14802805;Torslanda 5;1
2002;kf;14802806;Torslanda 6;1
2002;kf;14802807;Torslanda 7;0
2002;kf;14802901;Björlanda 1;1
2002;kf;14802902;Björlanda 2;1
2002;kf;14802903;Björlanda 3;0
2002;kf;14803001;Tuve 1;0
2002;kf;14803002;Tuve 2;1
2002;kf;14803003;Tuve 3;0
2002;kf;14803004;Tuve 4;0
2002;kf;14803005;Tuve 5;0
2002;kf;14803006;Tuve 6;1
2002;kf;14803101;Säve 1;0
2002;kf;14803102;Säve 2;0
2002;kf;14803103;Säve 3;1
2002;kf;14803104;Säve 4;1
2002;kf;14803105;Säve 5;1
2002;kf;14803106;Säve 6;1
2002;kf;14803107;Säve 7;0
2002;kf;14803108;Säve 8;0
2002;kf;14803201;Bergsjön 1;0
2002;kf;14803202;Bergsjön 2;1
2002;kf;14803203;Bergsjön 3;1
2002;kf;14803204;Bergsjön 4;0
2002;kf;14803205;Bergsjön 5;0
2002;kf;14803206;Bergsjön 6;1
2002;kf;14803207;Bergsjön 7;1
2002;kf;14803208;Bergsjön 8;1
2002;kf;14803301;S:t Pauli 1;1
2002;kf;14803302;S:t Pauli 2;0
2002;kf;14803303;S:t Pauli 3;0
2002;kf;14803304;S:t Pauli 4;0
2002;kf;14803305;S:t Pauli 5;1
2002;kf;14803306;S:t Pauli 6;1
2002;kf;14803307;S:t Pauli 7;1
2002;kf;14803308;S:t Pauli 8;0
2002;kf;14803309;S:t Pauli 9;0
2002;kf;14803310;S:t Pauli 10;0
2002;kf;14803401;Gunnared 1;0
2002;kf;14803402;Gunnared 2;0
2002;kf;14803403;Gunnared 3;1
2002;kf;14803404;Gunnared 4;1
2002;kf;14803405;Gunnared 5;1
2002;kf;14803406;Gunnared 6;1
2002;kf;14803407;Gunnared 7;0
2002;kf;14803408;Gunnared 8;0
2002;kf;14803409;Gunnared 9;0
2002;kf;14803410;Gunnared 10;0
2002;kf;14803411;Gunnared 11;0
2002;kf;14803501;Rödbo 1;0
2002;kf;14803601;Askim 1;1
2002;kf;14803602;Askim 2;1
2002;kf;14803603;Askim 3;1
2002;kf;14803604;Askim 4;0
2002;kf;14803605;Askim 5;0
2002;kf;14803606;Askim 6;0
2002;kf;14803607;Askim 7;0
2002;kf;14803608;Askim 8;1
2002;kf;14803609;Askim 9;1
2002;kf;14803610;Askim 10;1
2002;kf;14803611;Askim 11;1
2002;kf;14803612;Askim 12;0
2002;kf;14803701;Styrsö 1;0
2002;kf;14803702;Styrsö 2;0
2002;kf;14803703;Styrsö 3;0
2002;kf;14803801;Björkekärr 1;1
2002;kf;14803802;Björkekärr 2;0
2002;kf;14803803;Björkekärr 3;1
2002;kf;14803804;Björkekärr 4;0
2002;kf;14803901;Brunnsbo 1;1
2002;kf;14803902;Brunnsbo 2;1
2002;kf;14803903;Brunnsbo 3;1
2002;kf;14804001;Bäckebol 1;0
2002;kf;14804002;Bäckebol 2;0
2002;kf;14804003;Bäckebol 3;0
2002;kf;14804004;Bäckebol 4;0
2002;kf;14804005;Bäckebol 5;0
2002;kf;14804101;Näset 1;0
2002;kf;14804102;Näset 2;0
2002;kf;14804103;Näset 3;0
2002;kf;14804104;Näset 4;0
