ar_fg;val;kod_2010;namn_2010;giltiga_2010;giltiga_fgval;rostande_2010;rostande_fgval;rostberattigade_2010;rostberattigade_fgval;valdeltagande_2010;valdeltagande_fgval;indelning
2006;rd;14800711;Centrum, Burås;1200;1174;1211;1191;1449;1452;83.57;82.02;
2006;rd;14800742;Centrum, Centrala Guldheden;955;895;966;910;1163;1110;83.06;81.98;
2006;rd;14800746;Centrum, Doktor Forselius gata m fl;994;975;1001;985;1203;1208;83.21;81.54;
2006;rd;14800723;Centrum, Eklanda;1319;1318;1321;1338;1775;1864;74.42;71.78;
2006;rd;14800713;Centrum, Framnäs;1444;1239;1459;1257;1797;1649;81.19;76.23;
2006;rd;14800783;Centrum, Friggagatan-Stampen;1138;1086;1148;1099;1469;1453;78.15;75.64;
2006;rd;14800717;Centrum, Getebergsäng;920;886;923;899;1076;1063;85.78;84.57;
2006;rd;14800741;Centrum, Guldheden vattentornet;1246;1226;1264;1243;1522;1513;83.05;82.15;
2006;rd;14800782;Centrum, Gullbergsvass-Svingeln;1493;874;1507;885;1793;1108;84.05;79.87;
2006;rd;14800791;Centrum, Hedås-Gårda;1404;1336;1411;1361;1763;1749;80.03;77.82;
2006;rd;14800771;Centrum, Inom Vallgraven;1353;1244;1359;1262;1677;1592;81.04;79.27;
2006;rd;14800716;Centrum, Kristinehöjd;1066;987;1073;1002;1345;1301;79.78;77.02;
2006;rd;14800715;Centrum, Krokslätt;1405;1282;1421;1299;1752;1667;81.11;77.92;
2006;rd;14800732;Centrum, Landala;1077;1045;1090;1054;1341;1299;81.28;81.14;
2006;rd;14800744;Centrum, Landala Egnahem;1074;1030;1083;1037;1280;1270;84.61;81.65;
2006;rd;14800731;Centrum, Landalabergen m fl;1388;1371;1403;1397;1731;1718;81.05;81.32;
2006;rd;14800733;Centrum, Landalagången m fl;738;660;744;672;975;900;76.31;74.67;
2006;rd;14800751;Centrum, Lorensberg;1302;1193;1310;1202;1725;1702;75.94;70.62;
2006;rd;14800712;Centrum, Mossen;1089;910;1099;918;1341;1146;81.95;80.10;
2006;rd;14800721;Centrum, Nedre Johanneberg;1567;1197;1579;1217;1869;1450;84.48;83.93;
2006;rd;14800772;Centrum, Nordstan-Otterhällan;1327;1230;1346;1242;1655;1601;81.33;77.58;
2006;rd;14800743;Centrum, Norra Guldheden;1209;1118;1217;1138;1417;1362;85.89;83.55;
2006;rd;14800793;Centrum, Norra Heden-Gårda;1579;1410;1591;1424;1899;1722;83.78;82.69;
2006;rd;14800762;Centrum, Norra Vasastaden;1238;1179;1245;1188;1682;1673;74.02;71.01;
2006;rd;14800781;Centrum, Odinsgatan-Stampen;1272;1199;1292;1223;1574;1568;82.08;78.00;
2006;rd;14800714;Centrum, Olofshöjd;689;777;704;783;887;1002;79.37;78.14;
2006;rd;14800745;Centrum, Södra Guldheden;1063;978;1075;994;1276;1244;84.25;79.90;
2006;rd;14800792;Centrum, Södra Heden;1211;1124;1226;1143;1471;1445;83.34;79.10;
2006;rd;14800724;Centrum, Södra Johanneberg;1170;1105;1183;1128;1445;1417;81.87;79.60;
2006;rd;14800761;Centrum, Södra Vasastaden;1362;1329;1371;1346;1677;1643;81.75;81.92;
2006;rd;14800763;Centrum, Valand;898;879;906;886;1129;1112;80.25;79.68;
2006;rd;14800764;Centrum, Östra Vasastaden;1225;1052;1228;1066;1482;1383;82.86;77.08;
2006;rd;14800722;Centrum, Övre Johanneberg;1148;1177;1163;1207;1401;1447;83.01;83.41;
2006;rd;14800841;Linnéstaden, Annedal;1392;1281;1407;1314;1779;1742;79.09;75.43;
2006;rd;14800832;Linnéstaden, Haga;1430;1316;1448;1334;1757;1660;82.41;80.36;
2006;rd;14800856;Linnéstaden, Kommendantsängen;1045;997;1050;1014;1247;1218;84.20;83.25;
2006;rd;14800854;Linnéstaden, Linné;1261;1168;1270;1182;1489;1445;85.29;81.80;
2006;rd;14800851;Linnéstaden, Linnéplatsen;882;830;885;851;1036;1008;85.42;84.42;
2006;rd;14800853;Linnéstaden, Långgatorna;1351;1280;1362;1295;1722;1696;79.09;76.36;
2006;rd;14800813;Linnéstaden, Masthuggstorget;1074;930;1091;949;1327;1245;82.22;76.22;
2006;rd;14800814;Linnéstaden, Nedre Masthugget;1133;1054;1139;1072;1301;1287;87.55;83.29;
2006;rd;14800842;Linnéstaden, Nilssonsberg;1471;1416;1486;1440;1762;1752;84.34;82.19;
2006;rd;14800852;Linnéstaden, Olivedal;1353;1320;1364;1337;1617;1598;84.35;83.67;
2006;rd;14800815;Linnéstaden, Oscar Fredrik;1050;986;1061;1008;1287;1265;82.44;79.68;
2006;rd;14800855;Linnéstaden, Risåsen;999;958;1007;974;1339;1356;75.21;71.83;
2006;rd;14800831;Linnéstaden, Skansberget;1322;1244;1333;1266;1617;1555;82.44;81.41;
2006;rd;14800817;Linnéstaden, Slottsskogen;892;817;908;824;1108;1057;81.95;77.96;
2006;rd;14800812;Linnéstaden, Stigberget;1204;1144;1212;1158;1547;1564;78.35;74.04;
2006;rd;14800857;Linnéstaden, Sveaplan;1149;1110;1154;1126;1346;1339;85.74;84.09;
2006;rd;14800816;Linnéstaden, Vegastaden;984;890;988;902;1192;1130;82.89;79.82;
2006;rd;14800821;Linnéstaden, Änggården;917;897;929;909;1166;1134;79.67;80.16;
2006;rd;14800811;Linnéstaden, Övre Masthugget;1293;1213;1304;1238;1473;1459;88.53;84.85;
2006;rd;14800943;Majorna, Djurgårdsgatan m fl;1258;1190;1271;1214;1507;1501;84.34;80.88;
2006;rd;14800944;Majorna, Gatenhielmska;998;941;1011;961;1219;1202;82.94;79.95;
2006;rd;14800942;Majorna, Karl Johans torg;1457;1273;1476;1302;1724;1656;85.61;78.62;
2006;rd;14800941;Majorna, Söderlingska ängen;1083;1003;1096;1015;1350;1305;81.19;77.78;
2006;rd;14800682;Örgryte, Gamla Lunden;1188;1096;1196;1118;1469;1447;81.42;77.26;
2006;rd;14800611;Örgryte, Gubbero;1447;1404;1466;1435;1815;1793;80.77;80.03;
2006;rd;14800686;Örgryte, Kärralund;1359;1281;1366;1300;1605;1539;85.11;84.47;
2006;rd;14800683;Örgryte, Nobelplatsen;1034;976;1050;999;1320;1278;79.55;78.17;
2006;rd;14800685;Örgryte, Nya Lunden-Prästgårdsängen;1315;1274;1329;1298;1594;1599;83.38;81.18;
2006;rd;14800612;Örgryte, Olskroken;1021;975;1035;1000;1310;1288;79.01;77.64;
2006;rd;14800613;Örgryte, Redberget;1365;1300;1383;1329;1733;1719;79.80;77.31;
2006;rd;14800684;Örgryte, Sankt Pauli;1061;967;1075;995;1320;1272;81.44;78.22;
2006;rd;14800681;Örgryte, Överås;1373;1249;1401;1279;1911;1863;73.31;68.65;
2006;rd;14800003;Onsdagsdistrikt;4148;3507;;;;;;;
2006;rd;14802013;Backa, Aröd;1392;1298;1406;1326;1793;1693;78.42;78.32;
2006;rd;14802022;Backa, Backa Röd;1001;945;1011;958;1530;1455;66.08;65.84;
2006;rd;14802032;Backa, Backadalen;978;969;984;983;1359;1360;72.41;72.28;
2006;rd;14802012;Backa, Brunnsbo;1134;1076;1146;1101;1561;1548;73.41;71.12;
2006;rd;14802031;Backa, Bäckebol;685;633;696;643;964;936;72.20;68.70;
2006;rd;14802024;Backa, Bällskär;822;790;834;807;975;949;85.54;85.04;
2006;rd;14802023;Backa, Norra Backa;1121;1067;1136;1077;1598;1548;71.09;69.57;
2006;rd;14802033;Backa, Selma Lagerlöfs torg;632;653;639;663;964;982;66.29;67.52;
2006;rd;14802041;Backa, Skogome-Sankt Jörgen;1462;1282;1478;1297;1792;1583;82.48;81.93;
2006;rd;14802034;Backa, Skälltorp;1271;1203;1283;1231;1614;1609;79.49;76.51;
2006;rd;14802021;Backa, Södra Backa;1053;1019;1067;1035;1325;1302;80.53;79.49;
2006;rd;14802011;Backa, Tingstad;1107;1020;1121;1038;1448;1387;77.42;74.84;
2006;rd;14802035;Backa, Åketorp;1486;1399;1504;1415;1634;1586;92.04;89.22;
2006;rd;14801732;Biskopsgården, Badvädersgatan m fl;807;764;815;777;1193;1167;68.32;66.58;
2006;rd;14801751;Biskopsgården, Jättesten;1175;1149;1188;1171;1636;1608;72.62;72.82;
2006;rd;14801753;Biskopsgården, Kärrsmossen;1249;1063;1260;1076;1658;1450;76.00;74.21;
2006;rd;14801722;Biskopsgården, Länsmansgårdens Centr;726;736;735;759;1122;1179;65.51;64.38;
2006;rd;14801712;Biskopsgården, Norra Biskopsgården;672;609;673;622;1144;1153;58.83;53.95;
2006;rd;14801723;Biskopsgården, Norra Länsmansgården;750;723;759;734;1048;1076;72.42;68.22;
2006;rd;14801731;Biskopsgården, Stackmolnsgatan m fl;1017;921;1028;932;1443;1435;71.24;64.95;
2006;rd;14801711;Biskopsgården, Svarte Mosse;823;765;829;768;1408;1415;58.88;54.28;
2006;rd;14801752;Biskopsgården, Svartedalen;1009;1013;1021;1035;1427;1433;71.55;72.23;
2006;rd;14801741;Biskopsgården, Södra Biskopsgården;749;711;758;722;1083;1092;69.99;66.12;
2006;rd;14801721;Biskopsgården, Södra Länsmansgården;602;564;606;573;893;909;67.86;63.04;
2006;rd;14801743;Biskopsgården, Treröset;988;929;994;947;1420;1480;70.00;63.99;
2006;rd;14801744;Biskopsgården, Vårväderstorget;1047;885;1053;905;1594;1524;66.06;59.38;
2006;rd;14801742;Biskopsgården, Väderlekstorget;638;637;641;649;1009;1157;63.53;56.09;
2006;rd;14802112;Kärra-Rödbo, Gerrebacka-Ingebäck;1147;944;1156;970;1331;1168;86.85;83.05;
2006;rd;14802111;Kärra-Rödbo, Mysterna-Svankällan;1150;1056;1165;1080;1300;1227;89.62;88.02;
2006;rd;14802114;Kärra-Rödbo, Norra Kärra;938;911;952;924;1131;1123;84.17;82.28;
2006;rd;14802121;Kärra-Rödbo, Rödbo;535;501;538;513;662;629;81.27;81.56;
2006;rd;14802116;Kärra-Rödbo, Södra Kärra;1079;1017;1092;1039;1264;1252;86.39;82.99;
2006;rd;14802113;Kärra-Rödbo, Västra Kärra;981;947;1001;973;1193;1177;83.91;82.67;
2006;rd;14802115;Kärra-Rödbo, Östra Kärra;1006;1004;1024;1017;1306;1261;78.41;80.65;
2006;rd;14801822;Lundby, Bjurslätt;1024;928;1031;937;1477;1448;69.80;64.71;
2006;rd;14801821;Lundby, Flunsås;1015;941;1038;953;1419;1376;73.15;69.26;
2006;rd;14801831;Lundby, Hilldedal;1182;903;1196;920;1539;1247;77.71;73.78;
2006;rd;14801854;Lundby, Kyrkbyn;854;835;866;849;1119;1133;77.39;74.93;
2006;rd;14801843;Lundby, Kärrdalen;1160;1059;1166;1074;1326;1295;87.93;82.93;
2006;rd;14801811;Lundby, Lindholmen;1772;;1789;;2045;;87.48;;Modifierad
2006;rd;14801816;Lundby, Lundbyvassen;489;;499;;665;;75.04;;Modifierad
2006;rd;14801853;Lundby, Norra Bräcke;1046;954;1060;972;1278;1235;82.94;78.70;
2006;rd;14801823;Lundby, Norra Kvillebäcken;1011;918;1029;941;1360;1350;75.66;69.70;
2006;rd;14801855;Lundby, Norra Lundby;685;711;698;726;1033;1022;67.57;71.04;
2006;rd;14801842;Lundby, Norra Tolered;901;847;909;853;1060;1048;85.75;81.39;
2006;rd;14801858;Lundby, Sannegården;1068;;1073;;1208;;88.82;;Modifierad
2006;rd;14801832;Lundby, Slätta Damm;1061;1006;1074;1022;1404;1369;76.50;74.65;
2006;rd;14801852;Lundby, Södra Bräcke;880;836;892;850;1109;1081;80.43;78.63;
2006;rd;14801825;Lundby, Södra Kvillebäcken;996;930;1010;962;1424;1465;70.93;65.67;
2006;rd;14801856;Lundby, Södra Lundby;780;705;790;725;1066;1013;74.11;71.57;
2006;rd;14801841;Lundby, Södra Tolered;914;869;930;892;1093;1079;85.09;82.67;
2006;rd;14801814;Lundby, Västra Brämaregården;1138;1102;1147;1118;1508;1492;76.06;74.93;
2006;rd;14801851;Lundby, Västra Eriksberg;1654;;1677;;1912;;87.71;;Modifierad
2006;rd;14801812;Lundby, Västra Rambergsstaden;1179;1046;1189;1062;1681;1648;70.73;64.44;
2006;rd;14801824;Lundby, Wieselgrensplatsen;809;721;822;733;1176;1168;69.90;62.76;
2006;rd;14801815;Lundby, Östra Brämaregården;1015;;1028;;1433;;71.74;;Modifierad
2006;rd;14801857;Lundby, Östra Eriksberg;1414;;1429;;1608;;88.87;;Modifierad
2006;rd;14801813;Lundby, Östra Rambergsstaden;1324;1196;1341;1217;1715;1640;78.19;74.21;
2006;rd;14801625;Torslanda, Amhult-Arendal;1108;839;1116;851;1425;1083;78.32;78.58;
2006;rd;14801613;Torslanda, Andalen;1520;1289;1534;1299;1666;1452;92.08;89.46;
2006;rd;14801632;Torslanda, Björlanda;1362;1239;1374;1258;1541;1438;89.16;87.48;
2006;rd;14801622;Torslanda, Domarringen m fl;1320;1247;1334;1274;1461;1424;91.31;89.47;
2006;rd;14801611;Torslanda, Hjuvik;1369;1242;1382;1257;1512;1377;91.40;91.29;
2006;rd;14801612;Torslanda, Hällsvik;1283;1213;1292;1233;1438;1362;89.85;90.53;
2006;rd;14801633;Torslanda, Kvisljungeby;1250;1097;1260;1115;1408;1249;89.49;89.27;
2006;rd;14801631;Torslanda, Lilleby;1837;;1854;;2048;;90.53;;Modifierad
2006;rd;14801624;Torslanda, Nolered;1253;1206;1263;1233;1438;1440;87.83;85.63;
2006;rd;14801623;Torslanda, Torslanda;1557;1343;1576;1371;1789;1572;88.09;87.21;
2006;rd;14801621;Torslanda, Tumlehed;1292;1158;1309;1175;1512;1416;86.57;82.98;
2006;rd;14801914;Tuve-Säve, Glöstorp;858;795;869;804;1061;1055;81.90;76.21;
2006;rd;14801913;Tuve-Säve, Gunnestorp;1271;1211;1287;1229;1503;1452;85.63;84.64;
2006;rd;14801915;Tuve-Säve, Norumshöjd;873;769;880;787;1291;1190;68.16;66.13;
2006;rd;14801921;Tuve-Säve, Säve;1372;1270;1385;1292;1589;1511;87.16;85.51;
2006;rd;14801912;Tuve-Säve, Tuve;1264;1205;1277;1222;1588;1562;80.42;78.23;
2006;rd;14801911;Tuve-Säve, Tången;1063;1037;1072;1050;1177;1166;91.08;90.05;
2006;rd;14800001;Onsdagsdistrikt;2241;1664;;;;;;;
2006;rd;14801313;Askim, Askim;925;879;929;887;1056;1022;87.97;86.79;
2006;rd;14801331;Askim, Billdal;1640;1519;1647;1527;1816;1707;90.69;89.46;
2006;rd;14801334;Askim, Brottkärr;750;681;750;683;833;764;90.04;89.40;
2006;rd;14801311;Askim, Hult;1120;1081;1130;1094;1351;1360;83.64;80.44;
2006;rd;14801336;Askim, Lindås;1081;1049;1084;1053;1200;1170;90.33;90.00;
2006;rd;14801335;Askim, Lyckhem;1050;892;1056;898;1184;1023;89.19;87.78;
2006;rd;14801316;Askim, Norra Hovås;913;904;917;913;1079;1084;84.99;84.23;
2006;rd;14801314;Askim, Norra Sisjön;1278;1213;1286;1237;1495;1465;86.02;84.44;
2006;rd;14801332;Askim, Nygård;1094;1023;1096;1034;1216;1194;90.13;86.60;
2006;rd;14801312;Askim, Pilegården;957;878;969;900;1183;1159;81.91;77.65;
2006;rd;14801333;Askim, Skintebo;1081;1027;1085;1041;1192;1148;91.02;90.68;
2006;rd;14801321;Askim, Södra Hovås;859;796;862;798;1006;929;85.69;85.90;
2006;rd;14801315;Askim, Södra Sisjön;1349;1244;1356;1257;1456;1377;93.13;91.29;
2006;rd;14801322;Askim, Trollåsen;1148;1000;1150;1004;1294;1164;88.87;86.25;
2006;rd;14801243;Frölunda, Frölunda;766;759;777;764;980;985;79.29;77.56;
2006;rd;14801241;Frölunda, Frölunda torg;757;726;758;736;1123;1148;67.50;64.11;
2006;rd;14801242;Frölunda, Gånglåten m fl;1206;1132;1224;1148;1722;1692;71.08;67.85;
2006;rd;14801221;Frölunda, Ruddalen;1417;;1430;;1872;;76.39;;Modifierad
2006;rd;14801212;Frölunda, Spinetten;662;627;665;640;860;886;77.33;72.23;
2006;rd;14801211;Frölunda, Tofta;783;795;786;799;1063;1074;73.94;74.39;
2006;rd;14801231;Frölunda, Västra Järnbrott;1137;1089;1153;1106;1372;1367;84.04;80.91;
2006;rd;14801232;Frölunda, Östra Järnbrott;1089;1029;1098;1049;1344;1343;81.70;78.11;
2006;rd;14801041;Högsbo, Högsbo;993;962;999;982;1320;1309;75.68;75.02;
2006;rd;14801043;Högsbo, Marklandsgatan m fl;1175;1150;1179;1159;1501;1536;78.55;75.46;
2006;rd;14801032;Högsbo, Norra Högsbohöjd;1123;1033;1137;1056;1404;1414;80.98;74.68;
2006;rd;14801012;Högsbo, Norra Kaverös;1480;1253;1496;1273;1771;1513;84.47;84.14;
2006;rd;14801031;Högsbo, Södra Högsbohöjd;1154;1124;1171;1142;1444;1466;81.09;77.90;
2006;rd;14801011;Högsbo, Södra Kaverös;1272;1224;1286;1241;1581;1571;81.34;78.99;
2006;rd;14801022;Högsbo, Västra Flatås;1201;1163;1222;1180;1489;1465;82.07;80.55;
2006;rd;14801042;Högsbo, Västra Högsbotorp;1112;844;1126;853;1358;1124;82.92;75.89;
2006;rd;14801021;Högsbo, Östra Flatås;943;886;966;915;1230;1203;78.54;76.06;
2006;rd;14801044;Högsbo, Östra Högsbotorp;1103;1033;1113;1048;1317;1285;84.51;81.56;
2006;rd;14800936;Majorna, Godhem;1023;933;1033;947;1194;1155;86.52;81.99;
2006;rd;14800934;Majorna, Gråberget;1327;1266;1349;1294;1601;1601;84.26;80.82;
2006;rd;14800933;Majorna, Hängmattan;938;835;945;842;1133;1071;83.41;78.62;
2006;rd;14800916;Majorna, Klippan;1415;1073;1437;1103;1700;1390;84.53;79.35;
2006;rd;14800913;Majorna, Kungsladugård;1155;1034;1170;1068;1405;1362;83.27;78.41;
2006;rd;14800932;Majorna, Majorna;1008;948;1019;965;1297;1281;78.57;75.33;
2006;rd;14800914;Majorna, Mariaplan;1054;1009;1068;1026;1287;1265;82.98;81.11;
2006;rd;14800935;Majorna, Marieberg;1483;1374;1496;1404;1861;1814;80.39;77.40;
2006;rd;14800921;Majorna, Sandarne;1302;1221;1318;1248;1697;1654;77.67;75.45;
2006;rd;14800915;Majorna, Silverkällan;1173;1117;1194;1142;1461;1397;81.72;81.75;
2006;rd;14800912;Majorna, Skytteskogen;1393;1301;1406;1319;1648;1602;85.32;82.33;
2006;rd;14800931;Majorna, Slottsskogsgatan m fl;1442;1345;1452;1381;1737;1747;83.59;79.05;
2006;rd;14800911;Majorna, Svalebo;943;940;959;950;1180;1183;81.27;80.30;
2006;rd;14801513;Södra Skärgården, Brännö-Asperö;828;763;830;769;938;900;88.49;85.44;
2006;rd;14801511;Södra Skärgården, Donsö-Vrångö;1184;1144;1190;1156;1367;1326;87.05;87.18;
2006;rd;14801512;Södra Skärgården, Styrsö-Köpstadsö;951;932;963;946;1149;1167;83.81;81.06;
2006;rd;14801421;Tynnered, Beryllgatan-Guldringen;1471;1445;1500;1473;1793;1797;83.66;81.97;
2006;rd;14801411;Tynnered, Bratthammar;1694;1645;1704;1665;1902;1866;89.59;89.23;
2006;rd;14801461;Tynnered, Grevegården;887;835;899;856;1194;1189;75.29;71.99;
2006;rd;14801441;Tynnered, Korsåsen;983;918;989;925;1290;1326;76.67;69.76;
2006;rd;14801472;Tynnered, Norra Näset;1503;1464;1513;1472;1652;1624;91.59;90.64;
2006;rd;14801482;Tynnered, Norra Opaltorget;1020;978;1035;994;1326;1310;78.05;75.88;
2006;rd;14801462;Tynnered, Skattegården;1043;968;1053;981;1542;1543;68.29;63.58;
2006;rd;14801471;Tynnered, Södra Näset;1194;1105;1209;1113;1355;1233;89.23;90.27;
2006;rd;14801481;Tynnered, Södra Opaltorget;750;749;759;758;926;900;81.97;84.22;
2006;rd;14801431;Tynnered, Tynnered;1533;1406;1552;1427;1963;1906;79.06;74.87;
2006;rd;14801451;Tynnered, Västra Önnered;1198;1123;1202;1132;1339;1303;89.77;86.88;
2006;rd;14801473;Tynnered, Åkered;1311;1303;1321;1313;1467;1453;90.05;90.36;
2006;rd;14801442;Tynnered, Ängås;909;826;918;838;1280;1272;71.72;65.88;
2006;rd;14801452;Tynnered, Östra Önnered;1330;1305;1344;1325;1492;1506;90.08;87.98;
2006;rd;14801114;Älvsborg, Björnekulla;1318;1282;1323;1290;1437;1433;92.07;90.02;
2006;rd;14801142;Älvsborg, Ekebäck;1301;1230;1311;1242;1448;1396;90.54;88.97;
2006;rd;14801141;Älvsborg, Grimmered;1456;;1465;;1628;;89.99;;Modifierad
2006;rd;14801133;Älvsborg, Hagen;912;898;914;911;993;991;92.04;91.93;
2006;rd;14801121;Älvsborg, Långedrag;1376;1287;1380;1290;1515;1446;91.09;89.21;
2006;rd;14801112;Älvsborg, Norra Fiskebäck;1299;1257;1309;1262;1409;1362;92.90;92.66;
2006;rd;14801132;Älvsborg, Nya Varvet;1625;1499;1633;1503;1906;1764;85.68;85.20;
2006;rd;14801113;Älvsborg, Påvelund;1362;1353;1373;1360;1626;1623;84.44;83.80;
2006;rd;14801111;Älvsborg, Södra Fiskebäck;822;798;824;801;957;920;86.10;87.07;
2006;rd;14801131;Älvsborg, Tångudden;1196;1107;1201;1119;1329;1247;90.37;89.74;
2006;rd;14800004;Onsdagsdistrikt;2410;1995;;;;;;;
2006;rd;14800413;Bergsjön, Gärdsmosse;608;538;611;547;1177;1173;51.91;46.63;
2006;rd;14800411;Bergsjön, Gärdsås;705;646;707;658;942;914;75.05;71.99;
2006;rd;14800424;Bergsjön, Komettorget;737;574;740;581;1225;1128;60.41;51.51;
2006;rd;14800414;Bergsjön, Norra Bergsjön;619;565;624;567;921;889;67.75;63.78;
2006;rd;14800423;Bergsjön, Rymdtorget;417;432;421;434;780;813;53.97;53.38;
2006;rd;14800412;Bergsjön, Siriusgatan;866;907;876;922;1392;1517;62.93;60.78;
2006;rd;14800421;Bergsjön, Södra Bergsjön;725;662;735;665;1163;1119;63.20;59.43;
2006;rd;14800422;Bergsjön, Östra Bergsjön;728;645;729;651;1238;1241;58.89;52.46;
2006;rd;14800141;Gunnared, Angereds Centrum;1009;848;1017;861;1372;1241;74.13;69.38;
2006;rd;14800111;Gunnared, Lövgärdets Centrum;634;591;638;602;1026;1018;62.18;59.14;
2006;rd;14800113;Gunnared, Nedre Lövgärdet;1107;996;1117;1012;1691;1673;66.06;60.49;
2006;rd;14800132;Gunnared, Norra Gårdsten;823;688;826;691;1376;1312;60.03;52.67;
2006;rd;14800122;Gunnared, Norra Rannebergen;1224;1156;1238;1174;1586;1561;78.06;75.21;
2006;rd;14800134;Gunnared, Södra Gårdsten;477;;480;;894;;53.69;;Modifierad
2006;rd;14800121;Gunnared, Södra Rannebergen;943;921;954;942;1389;1436;68.68;65.60;
2006;rd;14800142;Gunnared, Trädgårdsgärdet;813;695;819;701;1144;1071;71.59;65.45;
2006;rd;14800131;Gunnared, Västra Gårdsten;507;;511;;903;;56.59;;Modifierad
2006;rd;14800133;Gunnared, Östra Gårdsten;771;683;783;688;1251;1165;62.59;59.06;
2006;rd;14800112;Gunnared, Övre Lövgärdet;921;718;930;728;1391;1285;66.86;56.65;
2006;rd;14800532;Härlanda, Fräntorp;929;761;941;779;1081;878;87.05;88.72;
2006;rd;14800511;Härlanda, Härlanda;1017;969;1022;982;1261;1248;81.05;78.69;
2006;rd;14800525;Härlanda, Munkebäck;1331;1275;1342;1298;1683;1651;79.74;78.62;
2006;rd;14800543;Härlanda, Norra Björkekärr;722;737;730;745;846;849;86.29;87.75;
2006;rd;14800544;Härlanda, Robertshöjd;1239;1227;1256;1245;1671;1628;75.16;76.47;
2006;rd;14800541;Härlanda, Södra Björkekärr;1600;1567;1610;1584;1814;1791;88.75;88.44;
2006;rd;14800521;Härlanda, Södra Kålltorp;1312;1229;1325;1252;1628;1558;81.39;80.36;
2006;rd;14800531;Härlanda, Torpa;1412;1314;1428;1335;1752;1682;81.51;79.37;
2006;rd;14800524;Härlanda, Vidkärr;1101;1027;1123;1059;1351;1285;83.12;82.41;
2006;rd;14800542;Härlanda, Västra Björkekärr;1306;1273;1313;1291;1649;1631;79.62;79.15;
2006;rd;14800522;Härlanda, Västra Kålltorp;882;830;888;842;1057;1075;84.01;78.33;
2006;rd;14800523;Härlanda, Östra Kålltorp;846;816;856;840;1056;1031;81.06;81.47;
2006;rd;14800341;Kortedala, Adventsparken;963;989;978;1001;1386;1436;70.56;69.71;
2006;rd;14800314;Kortedala, Bellevue;860;802;867;816;1173;1147;73.91;71.14;
2006;rd;14800323;Kortedala, Fjällbo;1199;1176;1216;1191;1436;1389;84.68;85.75;
2006;rd;14800311;Kortedala, Gamlestaden;1303;1170;1313;1198;1704;1652;77.05;72.52;
2006;rd;14800331;Kortedala, Gregorianska gatan m fl;802;801;815;811;1204;1271;67.69;63.81;
2006;rd;14800334;Kortedala, Kortedala Centrum;888;786;893;799;1334;1317;66.94;60.67;
2006;rd;14800313;Kortedala, Kviberg;1285;1166;1292;1191;1648;1593;78.40;74.76;
2006;rd;14800343;Kortedala, Månadsgatorna m fl;1091;1051;1101;1070;1484;1489;74.19;71.86;
2006;rd;14800342;Kortedala, Norra Kortedala;1121;1057;1136;1088;1659;1675;68.47;64.96;
2006;rd;14800312;Kortedala, Nylöse;1019;916;1038;948;1514;1488;68.56;63.71;
2006;rd;14800335;Kortedala, Södra Kortedala;1002;945;1008;963;1250;1242;80.64;77.54;
2006;rd;14800322;Kortedala, Utby;1253;1194;1267;1213;1423;1348;89.04;89.99;
2006;rd;14800321;Kortedala, Utbynäs;936;885;951;899;1063;1029;89.46;87.37;
2006;rd;14800332;Kortedala, Västra Kortedala;1044;1005;1057;1024;1378;1364;76.71;75.07;
2006;rd;14800333;Kortedala, Östra Kortedala;987;1001;998;1012;1471;1545;67.85;65.50;
2006;rd;14800211;Lärjedalen, Agnesberg;507;466;514;478;797;792;64.49;60.35;
2006;rd;14800251;Lärjedalen, Björsared-Knipared;1145;989;1156;1012;1396;1214;82.81;83.36;
2006;rd;14800264;Lärjedalen, Bläsebo;806;661;814;677;1246;1169;65.33;57.91;
2006;rd;14800271;Lärjedalen, Eriksbo;860;907;864;922;1328;1400;65.06;65.86;
2006;rd;14800231;Lärjedalen, Gunnilse-Linnarhult;1157;1091;1173;1108;1404;1335;83.55;83.00;
2006;rd;14800263;Lärjedalen, Norra Hjällbo;745;676;749;680;1263;1226;59.30;55.46;
2006;rd;14800252;Lärjedalen, Olofstorp;1438;1216;1459;1236;1684;1492;86.64;82.84;
2006;rd;14800223;Lärjedalen, Sandeslätt;883;846;889;856;1278;1263;69.56;67.78;
2006;rd;14800262;Lärjedalen, Skolspåret;552;514;556;519;933;915;59.59;56.72;
2006;rd;14800261;Lärjedalen, Södra Hjällbo;446;409;449;411;799;760;56.20;54.08;
2006;rd;14800221;Lärjedalen, Västra Hammarkullen;960;816;971;828;1522;1395;63.80;59.35;
2006;rd;14800222;Lärjedalen, Östra Hammarkullen;974;854;978;860;1581;1534;61.86;56.06;
2006;rd;14800621;Örgryte, Bagaregården;849;789;858;817;1003;966;85.54;84.58;
2006;rd;14800662;Örgryte, Bö;825;799;834;806;941;902;88.63;89.36;
2006;rd;14800652;Örgryte, Jakobsdal;1131;1085;1141;1090;1368;1321;83.41;82.51;
2006;rd;14800653;Örgryte, Norra Skår;980;928;983;932;1083;1035;90.77;90.05;
2006;rd;14800632;Örgryte, Redbergslid;1175;1113;1190;1129;1459;1391;81.56;81.16;
2006;rd;14800631;Örgryte, Strömmensberg;1129;998;1148;1016;1489;1469;77.10;69.16;
2006;rd;14800651;Örgryte, Södra Skår;1036;965;1043;972;1168;1084;89.30;89.67;
2006;rd;14800671;Örgryte, Torp;1523;1437;1538;1455;1797;1710;85.59;85.09;
2006;rd;14800641;Örgryte, Västra Kallebäck;1177;1178;1188;1208;1466;1496;81.04;80.75;
2006;rd;14800622;Örgryte, Ånäs;920;850;928;871;1110;1101;83.60;79.11;
2006;rd;14800661;Örgryte, Örgryte;808;823;813;831;956;970;85.04;85.67;
2006;rd;14800642;Örgryte, Östra Kallebäck;1154;840;1162;856;1420;1085;81.83;78.89;
2006;rd;14800002;Onsdagsdistrikt;2330;1717;;;;;;;
