kod_2010;namn_2010;kod_2006_troligast;namn_2006;typ;belagg
14800001;Onsdagsdistrikt;1480VK01;Onsdagsdistrikt;identisk;FGVAL kf+rd+rf ger var för sig identisk vektor, kf: M,C,L,KD,S,V,MP,SD = 238,29,98,38,469,112,143,29 (summa 1156) mot 2006 1480VK01, namn lika
14800002;Onsdagsdistrikt;1480VK02;Onsdagsdistrikt;identisk;FGVAL kf+rd+rf ger var för sig identisk vektor, kf: M,C,L,KD,S,V,MP,SD = 220,33,106,57,530,136,127,32 (summa 1241) mot 2006 1480VK02, namn lika
14800003;Onsdagsdistrikt;1480VK03;Onsdagsdistrikt;identisk;FGVAL kf+rd+rf ger var för sig identisk vektor, kf: M,C,L,KD,S,V,MP,SD = 653,69,273,94,440,159,282,34 (summa 2004) mot 2006 1480VK03, namn lika
14800004;Onsdagsdistrikt;1480VK04;Onsdagsdistrikt;identisk;FGVAL kf+rd+rf ger var för sig identisk vektor, kf: M,C,L,KD,S,V,MP,SD = 305,44,116,52,344,116,114,21 (summa 1112) mot 2006 1480VK04, namn lika
14800111;Gunnared, Lövgärdets Centrum;14803403;Lövgärdet-Gårdsten 3;namnbyte;FGVAL kf+rd+rf ger var för sig identisk vektor, kf: M,C,L,KD,S,V,MP,SD = 58,9,26,27,346,82,33,25 (summa 606) mot 2006 14803403, geometri 99.5/100.0 procent, namn olika
14800112;Gunnared, Övre Lövgärdet;14803402;Lövgärdet-Gårdsten 2;namnbyte;FGVAL kf+rd+rf ger var för sig identisk vektor, kf: M,C,L,KD,S,V,MP,SD = 54,5,24,14,503,82,36,28 (summa 746) mot 2006 14803402, geometri 99.9/98.8 procent, namn olika
14800113;Gunnared, Nedre Lövgärdet;14803401;Lövgärdet-Gårdsten 1;namnbyte;FGVAL kf+rd+rf ger var för sig identisk vektor, kf: M,C,L,KD,S,V,MP,SD = 94,13,46,26,612,85,89,39 (summa 1004) mot 2006 14803401, geometri 99.8/100.0 procent, namn olika
14800121;Gunnared, Södra Rannebergen;14803502;Rannebergen-Angered 2;namnbyte;FGVAL kf+rd+rf ger var för sig identisk vektor, kf: M,C,L,KD,S,V,MP,SD = 74,17,39,44,500,93,49,86 (summa 902) mot 2006 14803502, geometri 100.0/100.0 procent, namn olika
14800122;Gunnared, Norra Rannebergen;14803501;Rannebergen-Angered 1;namnbyte;FGVAL kf+rd+rf ger var för sig identisk vektor, kf: M,C,L,KD,S,V,MP,SD = 153,13,73,59,614,121,64,65 (summa 1162) mot 2006 14803501, geometri 100.0/100.0 procent, namn olika
14800131;Gunnared, Västra Gårdsten;14803406;Lövgärdet-Gårdsten 6;omritad;ingen FGVAL i källan, det vill säga Valmyndigheten anger distriktet som ändrat (INDELNING=Modifierad), geometri geo_overlap_2006_2010.csv: 14803406 (Lövgärdet-Gårdsten 6) täcker 80.7 procent av det nya distriktet, 56.5 procent av det gamla ligger där, 2 källor över 5 procent
14800132;Gunnared, Norra Gårdsten;14803404;Lövgärdet-Gårdsten 4;namnbyte;FGVAL kf+rd+rf ger var för sig identisk vektor, kf: M,C,L,KD,S,V,MP,SD = 52,7,32,23,489,78,61,37 (summa 779) mot 2006 14803404, geometri 99.1/84.2 procent, namn olika
14800133;Gunnared, Östra Gårdsten;14803405;Lövgärdet-Gårdsten 5;namnbyte;FGVAL kf+rd+rf ger var för sig identisk vektor, kf: M,C,L,KD,S,V,MP,SD = 77,5,40,27,406,67,51,25 (summa 698) mot 2006 14803405, geometri 100.0/100.0 procent, namn olika
14800134;Gunnared, Södra Gårdsten;14803406;Lövgärdet-Gårdsten 6;delad;ingen FGVAL i källan, det vill säga Valmyndigheten anger distriktet som ändrat (INDELNING=Modifierad), geometri geo_overlap_2006_2010.csv: 14803406 (Lövgärdet-Gårdsten 6) täcker 100.0 procent av det nya distriktet, 43.5 procent av det gamla ligger där, 1 källor över 5 procent
14800141;Gunnared, Angereds Centrum;14803503;Rannebergen-Angered 3;namnbyte;FGVAL kf+rd+rf ger var för sig identisk vektor, kf: M,C,L,KD,S,V,MP,SD = 69,10,49,59,496,102,33,28 (summa 846) mot 2006 14803503, geometri 100.0/100.0 procent, namn olika
14800142;Gunnared, Trädgårdsgärdet;14803504;Rannebergen-Angered 4;namnbyte;FGVAL kf+rd+rf ger var för sig identisk vektor, kf: M,C,L,KD,S,V,MP,SD = 81,6,31,38,395,79,46,16 (summa 692) mot 2006 14803504, geometri 100.0/100.0 procent, namn olika
14800211;Lärjedalen, Agnesberg;14803004;Hammarkullen-Agnesberg 4;namnbyte;FGVAL kf+rd+rf ger var för sig identisk vektor, kf: M,C,L,KD,S,V,MP,SD = 91,7,37,23,250,31,29,13 (summa 481) mot 2006 14803004, geometri 100.0/100.0 procent, namn olika
14800221;Lärjedalen, Västra Hammarkullen;14803001;Hammarkullen-Agnesberg 1;namnbyte;FGVAL kf+rd+rf ger var för sig identisk vektor, kf: M,C,L,KD,S,V,MP,SD = 84,6,26,27,624,66,42,17 (summa 892) mot 2006 14803001, geometri 100.0/100.0 procent, namn olika
14800222;Lärjedalen, Östra Hammarkullen;14803002;Hammarkullen-Agnesberg 2;namnbyte;FGVAL kf+rd+rf ger var för sig identisk vektor, kf: M,C,L,KD,S,V,MP,SD = 50,4,31,56,614,72,61,21 (summa 909) mot 2006 14803002, geometri 100.0/100.0 procent, namn olika
14800223;Lärjedalen, Sandeslätt;14803003;Hammarkullen-Agnesberg 3;namnbyte;FGVAL kf+rd+rf ger var för sig identisk vektor, kf: M,C,L,KD,S,V,MP,SD = 63,9,34,69,435,124,66,20 (summa 820) mot 2006 14803003, geometri 100.0/100.0 procent, namn olika
14800231;Lärjedalen, Gunnilse-Linnarhult;14802703;Bergum-Gunnilse 3;namnbyte;FGVAL kf+rd+rf ger var för sig identisk vektor, kf: M,C,L,KD,S,V,MP,SD = 230,42,78,80,469,55,71,67 (summa 1092) mot 2006 14802703, geometri 100.0/100.0 procent, namn olika
14800251;Lärjedalen, Björsared-Knipared;14802702;Bergum-Gunnilse 2;namnbyte;FGVAL kf+rd+rf ger var för sig identisk vektor, kf: M,C,L,KD,S,V,MP,SD = 172,66,81,57,424,58,49,71 (summa 978) mot 2006 14802702, geometri 100.0/100.0 procent, namn olika
14800252;Lärjedalen, Olofstorp;14802701;Bergum-Gunnilse 1;namnbyte;FGVAL kf+rd+rf ger var för sig identisk vektor, kf: M,C,L,KD,S,V,MP,SD = 214,45,109,80,561,59,53,80 (summa 1201) mot 2006 14802701, geometri 99.8/99.7 procent, namn olika
14800261;Lärjedalen, Södra Hjällbo;14803101;Hjällbo-Eriksbo 1;namnbyte;FGVAL kf+rd+rf ger var för sig identisk vektor, kf: M,C,L,KD,S,V,MP,SD = 43,4,12,8,246,35,46,10 (summa 404) mot 2006 14803101, geometri 100.0/100.0 procent, namn olika
14800262;Lärjedalen, Skolspåret;14803102;Hjällbo-Eriksbo 2;namnbyte;FGVAL kf+rd+rf ger var för sig identisk vektor, kf: M,C,L,KD,S,V,MP,SD = 23,0,23,42,360,49,27,4 (summa 528) mot 2006 14803102, geometri 100.0/100.0 procent, namn olika
14800263;Lärjedalen, Norra Hjällbo;14803103;Hjällbo-Eriksbo 3;namnbyte;FGVAL kf+rd+rf ger var för sig identisk vektor, kf: M,C,L,KD,S,V,MP,SD = 34,3,17,45,402,60,50,11 (summa 622) mot 2006 14803103, geometri 100.0/100.0 procent, namn olika
14800264;Lärjedalen, Bläsebo;14803104;Hjällbo-Eriksbo 4;namnbyte;FGVAL kf+rd+rf ger var för sig identisk vektor, kf: M,C,L,KD,S,V,MP,SD = 46,3,15,47,402,74,46,16 (summa 649) mot 2006 14803104, geometri 100.0/100.0 procent, namn olika
14800271;Lärjedalen, Eriksbo;14803105;Hjällbo-Eriksbo 5;namnbyte;FGVAL kf+rd+rf ger var för sig identisk vektor, kf: M,C,L,KD,S,V,MP,SD = 81,12,34,44,475,92,55,53 (summa 846) mot 2006 14803105, geometri 100.0/100.0 procent, namn olika
14800311;Kortedala, Gamlestaden;14802902;Gamlestaden-Utby 2;namnbyte;FGVAL kf+rd+rf ger var för sig identisk vektor, kf: M,C,L,KD,S,V,MP,SD = 147,24,102,30,399,143,177,39 (summa 1061) mot 2006 14802902, geometri 100.0/100.0 procent, namn olika
14800312;Kortedala, Nylöse;14802901;Gamlestaden-Utby 1;namnbyte;FGVAL kf+rd+rf ger var för sig identisk vektor, kf: M,C,L,KD,S,V,MP,SD = 106,17,58,20,399,128,91,32 (summa 851) mot 2006 14802901, geometri 100.0/100.0 procent, namn olika
14800313;Kortedala, Kviberg;14802903;Gamlestaden-Utby 3;namnbyte;FGVAL kf+rd+rf ger var för sig identisk vektor, kf: M,C,L,KD,S,V,MP,SD = 177,31,92,66,488,119,107,46 (summa 1126) mot 2006 14802903, geometri 100.0/100.0 procent, namn olika
14800314;Kortedala, Bellevue;14802904;Gamlestaden-Utby 4;namnbyte;FGVAL kf+rd+rf ger var för sig identisk vektor, kf: M,C,L,KD,S,V,MP,SD = 109,23,75,30,295,79,94,30 (summa 735) mot 2006 14802904, geometri 100.0/100.0 procent, namn olika
14800321;Kortedala, Utbynäs;14802905;Gamlestaden-Utby 5;namnbyte;FGVAL kf+rd+rf ger var för sig identisk vektor, kf: M,C,L,KD,S,V,MP,SD = 227,25,115,62,338,29,50,35 (summa 881) mot 2006 14802905, geometri 100.0/100.0 procent, namn olika
14800322;Kortedala, Utby;14802906;Gamlestaden-Utby 6;namnbyte;FGVAL kf+rd+rf ger var för sig identisk vektor, kf: M,C,L,KD,S,V,MP,SD = 268,40,142,129,413,59,96,25 (summa 1172) mot 2006 14802906, geometri 100.0/100.0 procent, namn olika
14800323;Kortedala, Fjällbo;14802907;Gamlestaden-Utby 7;namnbyte;FGVAL kf+rd+rf ger var för sig identisk vektor, kf: M,C,L,KD,S,V,MP,SD = 220,36,145,67,496,72,78,18 (summa 1132) mot 2006 14802907, geometri 100.0/100.0 procent, namn olika
14800331;Kortedala, Gregorianska gatan m fl;14803207;Kortedala 7;namnbyte;FGVAL kf+rd+rf ger var för sig identisk vektor, kf: M,C,L,KD,S,V,MP,SD = 69,9,31,22,422,84,73,34 (summa 744) mot 2006 14803207, geometri 100.0/100.0 procent, namn olika
14800332;Kortedala, Västra Kortedala;14803204;Kortedala 4;namnbyte;FGVAL kf+rd+rf ger var för sig identisk vektor, kf: M,C,L,KD,S,V,MP,SD = 99,16,52,40,574,73,68,51 (summa 973) mot 2006 14803204, geometri 100.0/100.0 procent, namn olika
14800333;Kortedala, Östra Kortedala;14803205;Kortedala 5;namnbyte;FGVAL kf+rd+rf ger var för sig identisk vektor, kf: M,C,L,KD,S,V,MP,SD = 104,17,69,40,482,109,97,52 (summa 970) mot 2006 14803205, geometri 100.0/100.0 procent, namn olika
14800334;Kortedala, Kortedala Centrum;14803206;Kortedala 6;namnbyte;FGVAL kf+rd+rf ger var för sig identisk vektor, kf: M,C,L,KD,S,V,MP,SD = 59,10,34,19,476,84,43,40 (summa 765) mot 2006 14803206, geometri 100.0/100.0 procent, namn olika
14800335;Kortedala, Södra Kortedala;14803208;Kortedala 8;namnbyte;FGVAL kf+rd+rf ger var för sig identisk vektor, kf: M,C,L,KD,S,V,MP,SD = 104,19,80,64,454,75,67,37 (summa 900) mot 2006 14803208, geometri 100.0/100.0 procent, namn olika
14800341;Kortedala, Adventsparken;14803203;Kortedala 3;namnbyte;FGVAL kf+rd+rf ger var för sig identisk vektor, kf: M,C,L,KD,S,V,MP,SD = 127,11,59,42,508,94,55,48 (summa 944) mot 2006 14803203, geometri 100.0/100.0 procent, namn olika
14800342;Kortedala, Norra Kortedala;14803201;Kortedala 1;namnbyte;FGVAL kf+rd+rf ger var för sig identisk vektor, kf: M,C,L,KD,S,V,MP,SD = 74,18,30,38,558,144,82,47 (summa 991) mot 2006 14803201, geometri 100.0/100.0 procent, namn olika
14800343;Kortedala, Månadsgatorna m fl;14803202;Kortedala 2;namnbyte;FGVAL kf+rd+rf ger var för sig identisk vektor, kf: M,C,L,KD,S,V,MP,SD = 117,17,74,24,541,118,83,46 (summa 1020) mot 2006 14803202, geometri 100.0/100.0 procent, namn olika
14800411;Bergsjön, Gärdsås;14802604;Bergsjön 4;namnbyte;FGVAL kf+rd+rf ger var för sig identisk vektor, kf: M,C,L,KD,S,V,MP,SD = 93,10,41,56,324,48,31,23 (summa 626) mot 2006 14802604, geometri 100.0/100.0 procent, namn olika
14800412;Bergsjön, Siriusgatan;14802602;Bergsjön 2;namnbyte;FGVAL kf+rd+rf ger var för sig identisk vektor, kf: M,C,L,KD,S,V,MP,SD = 65,15,45,44,535,101,66,28 (summa 899) mot 2006 14802602, geometri 100.0/100.0 procent, namn olika
14800413;Bergsjön, Gärdsmosse;14802601;Bergsjön 1;namnbyte;FGVAL kf+rd+rf ger var för sig identisk vektor, kf: M,C,L,KD,S,V,MP,SD = 48,6,20,13,337,78,46,24 (summa 572) mot 2006 14802601, geometri 100.0/100.0 procent, namn olika
14800414;Bergsjön, Norra Bergsjön;14802603;Bergsjön 3;namnbyte;FGVAL kf+rd+rf ger var för sig identisk vektor, kf: M,C,L,KD,S,V,MP,SD = 51,13,36,30,238,94,65,9 (summa 536) mot 2006 14802603, geometri 100.0/100.0 procent, namn olika
14800421;Bergsjön, Södra Bergsjön;14802606;Bergsjön 6;namnbyte;FGVAL kf+rd+rf ger var för sig identisk vektor, kf: M,C,L,KD,S,V,MP,SD = 53,1,29,22,535,64,18,19 (summa 741) mot 2006 14802606, geometri 100.0/100.0 procent, namn olika
14800422;Bergsjön, Östra Bergsjön;14802605;Bergsjön 5;namnbyte;FGVAL kf+rd+rf ger var för sig identisk vektor, kf: M,C,L,KD,S,V,MP,SD = 49,8,30,41,427,66,38,14 (summa 673) mot 2006 14802605, geometri 100.0/100.0 procent, namn olika
14800423;Bergsjön, Rymdtorget;14802607;Bergsjön 7;namnbyte;FGVAL kf+rd+rf ger var för sig identisk vektor, kf: M,C,L,KD,S,V,MP,SD = 29,6,13,33,269,55,33,5 (summa 443) mot 2006 14802607, geometri 100.0/100.0 procent, namn olika
14800424;Bergsjön, Komettorget;14802608;Bergsjön 8;namnbyte;FGVAL kf+rd+rf ger var för sig identisk vektor, kf: M,C,L,KD,S,V,MP,SD = 43,3,37,26,393,56,25,15 (summa 598) mot 2006 14802608, geometri 100.0/100.0 procent, namn olika
14800511;Härlanda, Härlanda;14803306;Kålltorp-Härlanda 6;namnbyte;FGVAL kf+rd+rf ger var för sig identisk vektor, kf: M,C,L,KD,S,V,MP,SD = 248,40,140,48,311,54,100,16 (summa 957) mot 2006 14803306, geometri 100.0/100.0 procent, namn olika
14800521;Härlanda, Södra Kålltorp;14803304;Kålltorp-Härlanda 4;namnbyte;FGVAL kf+rd+rf ger var för sig identisk vektor, kf: M,C,L,KD,S,V,MP,SD = 282,59,160,80,360,81,140,38 (summa 1200) mot 2006 14803304, geometri 100.0/100.0 procent, namn olika
14800522;Härlanda, Västra Kålltorp;14803305;Kålltorp-Härlanda 5;namnbyte;FGVAL kf+rd+rf ger var för sig identisk vektor, kf: M,C,L,KD,S,V,MP,SD = 152,23,108,34,278,78,102,17 (summa 792) mot 2006 14803305, geometri 100.0/100.0 procent, namn olika
14800523;Härlanda, Östra Kålltorp;14803303;Kålltorp-Härlanda 3;namnbyte;FGVAL kf+rd+rf ger var för sig identisk vektor, kf: M,C,L,KD,S,V,MP,SD = 148,28,66,32,309,85,101,14 (summa 783) mot 2006 14803303, geometri 100.0/100.0 procent, namn olika
14800524;Härlanda, Vidkärr;14803302;Kålltorp-Härlanda 2;namnbyte;FGVAL kf+rd+rf ger var för sig identisk vektor, kf: M,C,L,KD,S,V,MP,SD = 245,36,101,55,355,69,98,31 (summa 990) mot 2006 14803302, geometri 100.0/100.0 procent, namn olika
14800525;Härlanda, Munkebäck;14803301;Kålltorp-Härlanda 1;namnbyte;FGVAL kf+rd+rf ger var för sig identisk vektor, kf: M,C,L,KD,S,V,MP,SD = 276,47,134,57,480,106,94,38 (summa 1232) mot 2006 14803301, geometri 100.0/100.0 procent, namn olika
14800531;Härlanda, Torpa;14803702;Torpa 2;namnbyte;FGVAL kf+rd+rf ger var för sig identisk vektor, kf: M,C,L,KD,S,V,MP,SD = 266,34,152,53,473,104,121,36 (summa 1239) mot 2006 14803702, geometri 100.0/100.0 procent, namn olika
14800532;Härlanda, Fräntorp;14803701;Torpa 1;namnbyte;FGVAL kf+rd+rf ger var för sig identisk vektor, kf: M,C,L,KD,S,V,MP,SD = 123,18,90,48,312,50,63,29 (summa 733) mot 2006 14803701, geometri 100.0/100.0 procent, namn olika
14800541;Härlanda, Södra Björkekärr;14802804;Björkekärr 4;namnbyte;FGVAL kf+rd+rf ger var för sig identisk vektor, kf: M,C,L,KD,S,V,MP,SD = 412,51,259,140,431,63,159,20 (summa 1535) mot 2006 14802804, geometri 100.0/99.8 procent, namn olika
14800542;Härlanda, Västra Björkekärr;14802801;Björkekärr 1;namnbyte;FGVAL kf+rd+rf ger var för sig identisk vektor, kf: M,C,L,KD,S,V,MP,SD = 223,53,165,86,372,144,169,26 (summa 1238) mot 2006 14802801, geometri 100.0/100.0 procent, namn olika
14800543;Härlanda, Norra Björkekärr;14802802;Björkekärr 2;namnbyte;FGVAL kf+rd+rf ger var för sig identisk vektor, kf: M,C,L,KD,S,V,MP,SD = 143,27,94,55,287,34,64,20 (summa 724) mot 2006 14802802, geometri 100.0/100.0 procent, namn olika
14800544;Härlanda, Robertshöjd;14802803;Björkekärr 3;namnbyte;FGVAL kf+rd+rf ger var för sig identisk vektor, kf: M,C,L,KD,S,V,MP,SD = 158,33,100,70,530,101,120,49 (summa 1161) mot 2006 14802803, geometri 100.0/100.0 procent, namn olika
14800611;Örgryte, Gubbero;14805701;Olskroken 1;namnbyte;FGVAL kf+rd+rf ger var för sig identisk vektor, kf: M,C,L,KD,S,V,MP,SD = 398,39,171,62,436,71,124,28 (summa 1329) mot 2006 14805701, geometri 100.0/100.0 procent, namn olika
14800612;Örgryte, Olskroken;14805702;Olskroken 2;namnbyte;FGVAL kf+rd+rf ger var för sig identisk vektor, kf: M,C,L,KD,S,V,MP,SD = 215,16,77,39,437,63,67,31 (summa 945) mot 2006 14805702, geometri 100.0/100.0 procent, namn olika
14800613;Örgryte, Redberget;14805703;Olskroken 3;namnbyte;FGVAL kf+rd+rf ger var för sig identisk vektor, kf: M,C,L,KD,S,V,MP,SD = 263,37,133,38,485,108,130,45 (summa 1239) mot 2006 14805703, geometri 100.0/100.0 procent, namn olika
14800621;Örgryte, Bagaregården;14802503;Bagaregården-Redbergslid 3;namnbyte;FGVAL kf+rd+rf ger var för sig identisk vektor, kf: M,C,L,KD,S,V,MP,SD = 174,28,93,31,236,66,103,20 (summa 751) mot 2006 14802503, geometri 100.0/100.0 procent, namn olika
14800622;Örgryte, Ånäs;14802504;Bagaregården-Redbergslid 4;namnbyte;FGVAL kf+rd+rf ger var för sig identisk vektor, kf: M,C,L,KD,S,V,MP,SD = 180,27,98,31,280,70,109,18 (summa 813) mot 2006 14802504, geometri 100.0/100.0 procent, namn olika
14800631;Örgryte, Strömmensberg;14802502;Bagaregården-Redbergslid 2;namnbyte;FGVAL kf+rd+rf ger var för sig identisk vektor, kf: M,C,L,KD,S,V,MP,SD = 196,39,134,69,315,64,108,32 (summa 957) mot 2006 14802502, geometri 100.0/100.0 procent, namn olika
14800632;Örgryte, Redbergslid;14802501;Bagaregården-Redbergslid 1;namnbyte;FGVAL kf+rd+rf ger var för sig identisk vektor, kf: M,C,L,KD,S,V,MP,SD = 249,51,132,33,399,105,84,31 (summa 1084) mot 2006 14802501, geometri 100.0/100.0 procent, namn olika
14800641;Örgryte, Västra Kallebäck;14803604;Skår-Kallebäck 4;namnbyte;FGVAL kf+rd+rf ger var för sig identisk vektor, kf: M,C,L,KD,S,V,MP,SD = 268,39,146,59,399,73,104,26 (summa 1114) mot 2006 14803604, geometri 100.0/100.0 procent, namn olika
14800642;Örgryte, Östra Kallebäck;14803605;Skår-Kallebäck 5;namnbyte;FGVAL kf+rd+rf ger var för sig identisk vektor, kf: M,C,L,KD,S,V,MP,SD = 217,17,95,35,303,55,54,35 (summa 811) mot 2006 14803605, geometri 100.0/100.0 procent, namn olika
14800651;Örgryte, Södra Skår;14803603;Skår-Kallebäck 3;namnbyte;FGVAL kf+rd+rf ger var för sig identisk vektor, kf: M,C,L,KD,S,V,MP,SD = 536,32,167,53,108,16,41,8 (summa 961) mot 2006 14803603, geometri 100.0/100.0 procent, namn olika
14800652;Örgryte, Jakobsdal;14803601;Skår-Kallebäck 1;namnbyte;FGVAL kf+rd+rf ger var för sig identisk vektor, kf: M,C,L,KD,S,V,MP,SD = 493,40,165,55,199,28,62,14 (summa 1056) mot 2006 14803601, geometri 100.0/100.0 procent, namn olika
14800653;Örgryte, Norra Skår;14803602;Skår-Kallebäck 2;namnbyte;FGVAL kf+rd+rf ger var för sig identisk vektor, kf: M,C,L,KD,S,V,MP,SD = 524,26,149,47,107,15,43,9 (summa 920) mot 2006 14803602, geometri 100.0/100.0 procent, namn olika
14800661;Örgryte, Örgryte;14803801;Överås-Kärralund 1;namnbyte;FGVAL kf+rd+rf ger var för sig identisk vektor, kf: M,C,L,KD,S,V,MP,SD = 435,15,123,52,118,15,40,6 (summa 804) mot 2006 14803801, geometri 100.0/100.0 procent, namn olika
14800662;Örgryte, Bö;14803802;Överås-Kärralund 2;namnbyte;FGVAL kf+rd+rf ger var för sig identisk vektor, kf: M,C,L,KD,S,V,MP,SD = 334,31,140,52,124,28,67,8 (summa 784) mot 2006 14803802, geometri 100.0/100.0 procent, namn olika
14800671;Örgryte, Torp;14803803;Överås-Kärralund 3;namnbyte;FGVAL kf+rd+rf ger var för sig identisk vektor, kf: M,C,L,KD,S,V,MP,SD = 486,54,226,70,356,57,145,16 (summa 1410) mot 2006 14803803, geometri 100.0/100.0 procent, namn olika
14800681;Örgryte, Överås;14805401;Lunden 1;namnbyte;FGVAL kf+rd+rf ger var för sig identisk vektor, kf: M,C,L,KD,S,V,MP,SD = 337,42,124,55,426,68,102,29 (summa 1183) mot 2006 14805401, geometri 100.0/100.0 procent, namn olika
14800682;Örgryte, Gamla Lunden;14805402;Lunden 2;namnbyte;FGVAL kf+rd+rf ger var för sig identisk vektor, kf: M,C,L,KD,S,V,MP,SD = 276,40,129,34,367,59,122,31 (summa 1058) mot 2006 14805402, geometri 100.0/100.0 procent, namn olika
14800683;Örgryte, Nobelplatsen;14805404;Lunden 4;namnbyte;FGVAL kf+rd+rf ger var för sig identisk vektor, kf: M,C,L,KD,S,V,MP,SD = 201,33,122,35,328,69,108,24 (summa 920) mot 2006 14805404, geometri 100.0/100.0 procent, namn olika
14800684;Örgryte, Sankt Pauli;14805403;Lunden 3;namnbyte;FGVAL kf+rd+rf ger var för sig identisk vektor, kf: M,C,L,KD,S,V,MP,SD = 242,36,105,65,323,47,86,25 (summa 929) mot 2006 14805403, geometri 100.0/100.0 procent, namn olika
14800685;Örgryte, Nya Lunden-Prästgårdsängen;14805405;Lunden 5;namnbyte;FGVAL kf+rd+rf ger var för sig identisk vektor, kf: M,C,L,KD,S,V,MP,SD = 434,52,172,58,316,65,108,27 (summa 1232) mot 2006 14805405, geometri 100.0/100.0 procent, namn olika
14800686;Örgryte, Kärralund;14805406;Lunden 6;namnbyte;FGVAL kf+rd+rf ger var för sig identisk vektor, kf: M,C,L,KD,S,V,MP,SD = 438,44,173,66,302,81,120,26 (summa 1250) mot 2006 14805406, geometri 100.0/100.0 procent, namn olika
14800711;Centrum, Burås;14805306;Krokslätt 6;namnbyte;FGVAL kf+rd+rf ger var för sig identisk vektor, kf: M,C,L,KD,S,V,MP,SD = 354,47,164,69,324,56,93,20 (summa 1127) mot 2006 14805306, geometri 100.0/99.8 procent, namn olika
14800712;Centrum, Mossen;14805307;Krokslätt 7;namnbyte;FGVAL kf+rd+rf ger var för sig identisk vektor, kf: M,C,L,KD,S,V,MP,SD = 251,40,132,34,244,53,109,15 (summa 878) mot 2006 14805307, geometri 100.0/100.0 procent, namn olika
14800713;Centrum, Framnäs;14805305;Krokslätt 5;namnbyte;FGVAL kf+rd+rf ger var för sig identisk vektor, kf: M,C,L,KD,S,V,MP,SD = 380,40,141,65,335,88,139,26 (summa 1214) mot 2006 14805305, geometri 100.0/100.0 procent, namn olika
14800714;Centrum, Olofshöjd;14805304;Krokslätt 4;namnbyte;FGVAL kf+rd+rf ger var för sig identisk vektor, kf: M,C,L,KD,S,V,MP,SD = 168,43,93,25,159,75,136,6 (summa 705) mot 2006 14805304, geometri 100.0/100.0 procent, namn olika
14800715;Centrum, Krokslätt;14805303;Krokslätt 3;namnbyte;FGVAL kf+rd+rf ger var för sig identisk vektor, kf: M,C,L,KD,S,V,MP,SD = 385,46,170,64,355,51,127,24 (summa 1222) mot 2006 14805303, geometri 100.0/100.0 procent, namn olika
14800716;Centrum, Kristinehöjd;14805302;Krokslätt 2;namnbyte;FGVAL kf+rd+rf ger var för sig identisk vektor, kf: M,C,L,KD,S,V,MP,SD = 358,27,107,52,242,52,83,16 (summa 937) mot 2006 14805302, geometri 100.0/100.0 procent, namn olika
14800717;Centrum, Getebergsäng;14805301;Krokslätt 1;namnbyte;FGVAL kf+rd+rf ger var för sig identisk vektor, kf: M,C,L,KD,S,V,MP,SD = 339,28,115,44,211,35,79,13 (summa 864) mot 2006 14805301, geometri 100.0/100.0 procent, namn olika
14800721;Centrum, Nedre Johanneberg;14805204;Johanneberg-Landala 4;namnbyte;FGVAL kf+rd+rf ger var för sig identisk vektor, kf: M,C,L,KD,S,V,MP,SD = 572,41,177,60,184,31,78,20 (summa 1163) mot 2006 14805204, geometri 100.0/100.0 procent, namn olika
14800722;Centrum, Övre Johanneberg;14805203;Johanneberg-Landala 3;namnbyte;FGVAL kf+rd+rf ger var för sig identisk vektor, kf: M,C,L,KD,S,V,MP,SD = 408,55,173,47,228,51,128,21 (summa 1111) mot 2006 14805203, geometri 100.0/100.0 procent, namn olika
14800723;Centrum, Eklanda;14805201;Johanneberg-Landala 1;namnbyte;FGVAL kf+rd+rf ger var för sig identisk vektor, kf: M,C,L,KD,S,V,MP,SD = 428,82,187,62,287,64,125,17 (summa 1252) mot 2006 14805201, geometri 100.0/100.0 procent, namn olika
14800724;Centrum, Södra Johanneberg;14805202;Johanneberg-Landala 2;namnbyte;FGVAL kf+rd+rf ger var för sig identisk vektor, kf: M,C,L,KD,S,V,MP,SD = 384,53,164,48,252,34,87,27 (summa 1049) mot 2006 14805202, geometri 100.0/100.0 procent, namn olika
14800731;Centrum, Landalabergen m fl;14805207;Johanneberg-Landala 7;namnbyte;FGVAL kf+rd+rf ger var för sig identisk vektor, kf: M,C,L,KD,S,V,MP,SD = 355,47,166,65,423,99,131,27 (summa 1313) mot 2006 14805207, geometri 100.0/100.0 procent, namn olika
14800732;Centrum, Landala;14805206;Johanneberg-Landala 6;namnbyte;FGVAL kf+rd+rf ger var för sig identisk vektor, kf: M,C,L,KD,S,V,MP,SD = 388,40,159,60,222,45,86,16 (summa 1016) mot 2006 14805206, geometri 100.0/100.0 procent, namn olika
14800733;Centrum, Landalagången m fl;14805205;Johanneberg-Landala 5;namnbyte;FGVAL kf+rd+rf ger var för sig identisk vektor, kf: M,C,L,KD,S,V,MP,SD = 139,22,70,27,210,64,65,24 (summa 621) mot 2006 14805205, geometri 100.0/100.0 procent, namn olika
14800741;Centrum, Guldheden vattentornet;14805105;Guldheden 5;namnbyte;FGVAL kf+rd+rf ger var för sig identisk vektor, kf: M,C,L,KD,S,V,MP,SD = 244,43,117,69,373,118,172,39 (summa 1175) mot 2006 14805105, geometri 100.0/100.0 procent, namn olika
14800742;Centrum, Centrala Guldheden;14805106;Guldheden 6;namnbyte;FGVAL kf+rd+rf ger var för sig identisk vektor, kf: M,C,L,KD,S,V,MP,SD = 191,35,91,44,286,69,107,28 (summa 851) mot 2006 14805106, geometri 100.0/100.0 procent, namn olika
14800743;Centrum, Norra Guldheden;14805101;Guldheden 1;namnbyte;FGVAL kf+rd+rf ger var för sig identisk vektor, kf: M,C,L,KD,S,V,MP,SD = 356,59,191,61,226,55,129,15 (summa 1092) mot 2006 14805101, geometri 100.0/100.0 procent, namn olika
14800744;Centrum, Landala Egnahem;14805102;Guldheden 2;namnbyte;FGVAL kf+rd+rf ger var för sig identisk vektor, kf: M,C,L,KD,S,V,MP,SD = 286,54,136,45,211,81,135,20 (summa 968) mot 2006 14805102, geometri 100.0/100.0 procent, namn olika
14800745;Centrum, Södra Guldheden;14805104;Guldheden 4;namnbyte;FGVAL kf+rd+rf ger var för sig identisk vektor, kf: M,C,L,KD,S,V,MP,SD = 201,50,119,70,294,70,111,28 (summa 943) mot 2006 14805104, geometri 100.0/100.0 procent, namn olika
14800746;Centrum, Doktor Forselius gata m fl;14805103;Guldheden 3;namnbyte;FGVAL kf+rd+rf ger var för sig identisk vektor, kf: M,C,L,KD,S,V,MP,SD = 241,34,99,72,292,76,99,22 (summa 935) mot 2006 14805103, geometri 100.0/100.0 procent, namn olika
14800751;Centrum, Lorensberg;14806007;Vasastaden-Centrum 7;namnbyte;FGVAL kf+rd+rf ger var för sig identisk vektor, kf: M,C,L,KD,S,V,MP,SD = 609,27,160,58,187,36,66,17 (summa 1160) mot 2006 14806007, geometri 100.0/100.0 procent, namn olika
14800761;Centrum, Södra Vasastaden;14806006;Vasastaden-Centrum 6;namnbyte;FGVAL kf+rd+rf ger var för sig identisk vektor, kf: M,C,L,KD,S,V,MP,SD = 500,42,213,65,260,64,119,14 (summa 1277) mot 2006 14806006, geometri 100.0/100.0 procent, namn olika
14800762;Centrum, Norra Vasastaden;14806004;Vasastaden-Centrum 4;namnbyte;FGVAL kf+rd+rf ger var för sig identisk vektor, kf: M,C,L,KD,S,V,MP,SD = 477,38,135,101,226,45,89,18 (summa 1129) mot 2006 14806004, geometri 100.0/100.0 procent, namn olika
14800763;Centrum, Valand;14806003;Vasastaden-Centrum 3;namnbyte;FGVAL kf+rd+rf ger var för sig identisk vektor, kf: M,C,L,KD,S,V,MP,SD = 407,28,145,31,156,18,58,23 (summa 866) mot 2006 14806003, geometri 100.0/100.0 procent, namn olika
14800764;Centrum, Östra Vasastaden;14806005;Vasastaden-Centrum 5;namnbyte;FGVAL kf+rd+rf ger var för sig identisk vektor, kf: M,C,L,KD,S,V,MP,SD = 462,35,141,37,231,36,59,20 (summa 1021) mot 2006 14806005, geometri 100.0/100.0 procent, namn olika
14800771;Centrum, Inom Vallgraven;14806002;Vasastaden-Centrum 2;namnbyte;FGVAL kf+rd+rf ger var för sig identisk vektor, kf: M,C,L,KD,S,V,MP,SD = 513,54,152,38,281,51,108,20 (summa 1217) mot 2006 14806002, geometri 100.0/100.0 procent, namn olika
14800772;Centrum, Nordstan-Otterhällan;14806001;Vasastaden-Centrum 1;namnbyte;FGVAL kf+rd+rf ger var för sig identisk vektor, kf: M,C,L,KD,S,V,MP,SD = 417,33,137,46,334,77,112,22 (summa 1178) mot 2006 14806001, geometri 100.0/100.0 procent, namn olika
14800781;Centrum, Odinsgatan-Stampen;14805803;Stampen-Heden 3;namnbyte;FGVAL kf+rd+rf ger var för sig identisk vektor, kf: M,C,L,KD,S,V,MP,SD = 366,22,165,35,402,68,77,27 (summa 1162) mot 2006 14805803, geometri 100.0/100.0 procent, namn olika
14800782;Centrum, Gullbergsvass-Svingeln;14805801;Stampen-Heden 1;namnbyte;FGVAL kf+rd+rf ger var för sig identisk vektor, kf: M,C,L,KD,S,V,MP,SD = 241,30,108,30,250,60,98,16 (summa 833) mot 2006 14805801, geometri 100.0/100.0 procent, namn olika
14800783;Centrum, Friggagatan-Stampen;14805802;Stampen-Heden 2;namnbyte;FGVAL kf+rd+rf ger var för sig identisk vektor, kf: M,C,L,KD,S,V,MP,SD = 309,28,129,38,375,63,93,32 (summa 1067) mot 2006 14805802, geometri 100.0/100.0 procent, namn olika
14800791;Centrum, Hedås-Gårda;14805806;Stampen-Heden 6;namnbyte;FGVAL kf+rd+rf ger var för sig identisk vektor, kf: M,C,L,KD,S,V,MP,SD = 569,31,172,61,271,57,104,29 (summa 1294) mot 2006 14805806, geometri 100.0/100.0 procent, namn olika
14800792;Centrum, Södra Heden;14805805;Stampen-Heden 5;namnbyte;FGVAL kf+rd+rf ger var för sig identisk vektor, kf: M,C,L,KD,S,V,MP,SD = 509,31,148,40,233,43,42,21 (summa 1067) mot 2006 14805805, geometri 100.0/100.0 procent, namn olika
14800793;Centrum, Norra Heden-Gårda;14805804;Stampen-Heden 4;namnbyte;FGVAL kf+rd+rf ger var för sig identisk vektor, kf: M,C,L,KD,S,V,MP,SD = 573,33,151,57,388,66,91,17 (summa 1376) mot 2006 14805804, geometri 100.0/100.0 procent, namn olika
14800811;Linnéstaden, Övre Masthugget;14805505;Masthugget 5;namnbyte;FGVAL kf+rd+rf ger var för sig identisk vektor, kf: M,C,L,KD,S,V,MP,SD = 175,30,117,25,320,176,262,20 (summa 1125) mot 2006 14805505, geometri 100.0/100.0 procent, namn olika
14800812;Linnéstaden, Stigberget;14805506;Masthugget 6;namnbyte;FGVAL kf+rd+rf ger var för sig identisk vektor, kf: M,C,L,KD,S,V,MP,SD = 181,29,116,54,312,172,192,25 (summa 1081) mot 2006 14805506, geometri 100.0/100.0 procent, namn olika
14800813;Linnéstaden, Masthuggstorget;14805501;Masthugget 1;namnbyte;FGVAL kf+rd+rf ger var för sig identisk vektor, kf: M,C,L,KD,S,V,MP,SD = 228,27,94,23,311,85,92,15 (summa 875) mot 2006 14805501, geometri 100.0/100.0 procent, namn olika
14800814;Linnéstaden, Nedre Masthugget;14805507;Masthugget 7;namnbyte;FGVAL kf+rd+rf ger var för sig identisk vektor, kf: M,C,L,KD,S,V,MP,SD = 160,22,108,39,269,189,161,18 (summa 966) mot 2006 14805507, geometri 100.0/100.0 procent, namn olika
14800815;Linnéstaden, Oscar Fredrik;14805502;Masthugget 2;namnbyte;FGVAL kf+rd+rf ger var för sig identisk vektor, kf: M,C,L,KD,S,V,MP,SD = 180,42,101,27,242,146,170,8 (summa 916) mot 2006 14805502, geometri 100.0/100.0 procent, namn olika
14800816;Linnéstaden, Vegastaden;14805503;Masthugget 3;namnbyte;FGVAL kf+rd+rf ger var för sig identisk vektor, kf: M,C,L,KD,S,V,MP,SD = 187,24,87,21,252,132,115,22 (summa 840) mot 2006 14805503, geometri 100.0/100.0 procent, namn olika
14800817;Linnéstaden, Slottsskogen;14805504;Masthugget 4;namnbyte;FGVAL kf+rd+rf ger var för sig identisk vektor, kf: M,C,L,KD,S,V,MP,SD = 177,18,74,26,270,77,95,25 (summa 762) mot 2006 14805504, geometri 100.0/100.0 procent, namn olika
14800821;Linnéstaden, Änggården;14805005;Annedal-Haga 5;namnbyte;FGVAL kf+rd+rf ger var för sig identisk vektor, kf: M,C,L,KD,S,V,MP,SD = 310,24,140,69,178,47,96,10 (summa 874) mot 2006 14805005, geometri 100.0/100.0 procent, namn olika
14800831;Linnéstaden, Skansberget;14805002;Annedal-Haga 2;namnbyte;FGVAL kf+rd+rf ger var för sig identisk vektor, kf: M,C,L,KD,S,V,MP,SD = 294,48,138,31,313,147,204,17 (summa 1192) mot 2006 14805002, geometri 100.0/100.0 procent, namn olika
14800832;Linnéstaden, Haga;14805001;Annedal-Haga 1;namnbyte;FGVAL kf+rd+rf ger var för sig identisk vektor, kf: M,C,L,KD,S,V,MP,SD = 333,39,123,43,344,163,187,25 (summa 1257) mot 2006 14805001, geometri 100.0/100.0 procent, namn olika
14800841;Linnéstaden, Annedal;14805004;Annedal-Haga 4;namnbyte;FGVAL kf+rd+rf ger var för sig identisk vektor, kf: M,C,L,KD,S,V,MP,SD = 317,42,121,69,413,103,145,28 (summa 1238) mot 2006 14805004, geometri 100.0/100.0 procent, namn olika
14800842;Linnéstaden, Nilssonsberg;14805003;Annedal-Haga 3;namnbyte;FGVAL kf+rd+rf ger var för sig identisk vektor, kf: M,C,L,KD,S,V,MP,SD = 465,47,194,82,336,75,125,37 (summa 1361) mot 2006 14805003, geometri 100.0/100.0 procent, namn olika
14800851;Linnéstaden, Linnéplatsen;14805605;Olivedal 5;namnbyte;FGVAL kf+rd+rf ger var för sig identisk vektor, kf: M,C,L,KD,S,V,MP,SD = 293,22,138,39,159,59,88,8 (summa 806) mot 2006 14805605, geometri 100.0/100.0 procent, namn olika
14800852;Linnéstaden, Olivedal;14805606;Olivedal 6;namnbyte;FGVAL kf+rd+rf ger var för sig identisk vektor, kf: M,C,L,KD,S,V,MP,SD = 366,46,158,32,351,147,138,21 (summa 1259) mot 2006 14805606, geometri 100.0/100.0 procent, namn olika
14800853;Linnéstaden, Långgatorna;14805601;Olivedal 1;namnbyte;FGVAL kf+rd+rf ger var för sig identisk vektor, kf: M,C,L,KD,S,V,MP,SD = 376,45,171,30,298,116,160,17 (summa 1213) mot 2006 14805601, geometri 100.0/100.0 procent, namn olika
14800854;Linnéstaden, Linné;14805607;Olivedal 7;namnbyte;FGVAL kf+rd+rf ger var för sig identisk vektor, kf: M,C,L,KD,S,V,MP,SD = 396,34,181,43,254,103,114,15 (summa 1140) mot 2006 14805607, geometri 100.0/100.0 procent, namn olika
14800855;Linnéstaden, Risåsen;14805602;Olivedal 2;namnbyte;FGVAL kf+rd+rf ger var för sig identisk vektor, kf: M,C,L,KD,S,V,MP,SD = 284,25,139,43,200,76,129,18 (summa 914) mot 2006 14805602, geometri 100.0/100.0 procent, namn olika
14800856;Linnéstaden, Kommendantsängen;14805603;Olivedal 3;namnbyte;FGVAL kf+rd+rf ger var för sig identisk vektor, kf: M,C,L,KD,S,V,MP,SD = 299,32,145,36,223,86,132,19 (summa 972) mot 2006 14805603, geometri 100.0/100.0 procent, namn olika
14800857;Linnéstaden, Sveaplan;14805604;Olivedal 4;namnbyte;FGVAL kf+rd+rf ger var för sig identisk vektor, kf: M,C,L,KD,S,V,MP,SD = 400,27,169,50,278,61,87,11 (summa 1083) mot 2006 14805604, geometri 100.0/100.0 procent, namn olika
14800911;Majorna, Svalebo;14808405;Kungsladugård-Sanna 5;namnbyte;FGVAL kf+rd+rf ger var för sig identisk vektor, kf: M,C,L,KD,S,V,MP,SD = 160,35,96,51,281,86,132,30 (summa 871) mot 2006 14808405, geometri 100.0/100.0 procent, namn olika
14800912;Majorna, Skytteskogen;14808404;Kungsladugård-Sanna 4;namnbyte;FGVAL kf+rd+rf ger var för sig identisk vektor, kf: M,C,L,KD,S,V,MP,SD = 264,42,172,42,309,152,236,18 (summa 1235) mot 2006 14808404, geometri 100.0/100.0 procent, namn olika
14800913;Majorna, Kungsladugård;14808403;Kungsladugård-Sanna 3;namnbyte;FGVAL kf+rd+rf ger var för sig identisk vektor, kf: M,C,L,KD,S,V,MP,SD = 115,36,94,29,304,170,185,21 (summa 954) mot 2006 14808403, geometri 100.0/100.0 procent, namn olika
14800914;Majorna, Mariaplan;14808402;Kungsladugård-Sanna 2;namnbyte;FGVAL kf+rd+rf ger var för sig identisk vektor, kf: M,C,L,KD,S,V,MP,SD = 126,27,63,23,284,173,199,23 (summa 918) mot 2006 14808402, geometri 100.0/100.0 procent, namn olika
14800915;Majorna, Silverkällan;14808406;Kungsladugård-Sanna 6;namnbyte;FGVAL kf+rd+rf ger var för sig identisk vektor, kf: M,C,L,KD,S,V,MP,SD = 132,25,78,19,326,214,230,24 (summa 1048) mot 2006 14808406, geometri 100.0/100.0 procent, namn olika
14800916;Majorna, Klippan;14808401;Kungsladugård-Sanna 1;namnbyte;FGVAL kf+rd+rf ger var för sig identisk vektor, kf: M,C,L,KD,S,V,MP,SD = 126,28,73,18,341,189,183,24 (summa 982) mot 2006 14808401, geometri 100.0/100.0 procent, namn olika
14800921;Majorna, Sandarne;14808407;Kungsladugård-Sanna 7;namnbyte;FGVAL kf+rd+rf ger var för sig identisk vektor, kf: M,C,L,KD,S,V,MP,SD = 163,33,88,34,395,208,157,43 (summa 1121) mot 2006 14808407, geometri 100.0/100.0 procent, namn olika
14800931;Majorna, Slottsskogsgatan m fl;14808505;Majorna 5;namnbyte;FGVAL kf+rd+rf ger var för sig identisk vektor, kf: M,C,L,KD,S,V,MP,SD = 273,40,121,55,452,134,168,35 (summa 1278) mot 2006 14808505, geometri 100.0/100.0 procent, namn olika
14800932;Majorna, Majorna;14808501;Majorna 1;namnbyte;FGVAL kf+rd+rf ger var för sig identisk vektor, kf: M,C,L,KD,S,V,MP,SD = 219,27,86,49,305,90,92,22 (summa 890) mot 2006 14808501, geometri 100.0/100.0 procent, namn olika
14800933;Majorna, Hängmattan;14808502;Majorna 2;namnbyte;FGVAL kf+rd+rf ger var för sig identisk vektor, kf: M,C,L,KD,S,V,MP,SD = 159,26,83,20,291,114,85,20 (summa 798) mot 2006 14808502, geometri 100.0/100.0 procent, namn olika
14800934;Majorna, Gråberget;14808506;Majorna 6;namnbyte;FGVAL kf+rd+rf ger var för sig identisk vektor, kf: M,C,L,KD,S,V,MP,SD = 266,37,135,74,415,136,124,32 (summa 1219) mot 2006 14808506, geometri 100.0/100.0 procent, namn olika
14800935;Majorna, Marieberg;14808503;Majorna 3;namnbyte;FGVAL kf+rd+rf ger var för sig identisk vektor, kf: M,C,L,KD,S,V,MP,SD = 172,34,124,39,376,222,225,27 (summa 1219) mot 2006 14808503, geometri 100.0/100.0 procent, namn olika
14800936;Majorna, Godhem;14808504;Majorna 4;namnbyte;FGVAL kf+rd+rf ger var för sig identisk vektor, kf: M,C,L,KD,S,V,MP,SD = 143,37,90,48,265,124,142,15 (summa 864) mot 2006 14808504, geometri 100.0/100.0 procent, namn olika
14800941;Majorna, Söderlingska ängen;14805903;Stigberget 3;namnbyte;FGVAL kf+rd+rf ger var för sig identisk vektor, kf: M,C,L,KD,S,V,MP,SD = 126,41,80,25,308,155,161,25 (summa 921) mot 2006 14805903, geometri 100.0/100.0 procent, namn olika
14800942;Majorna, Karl Johans torg;14805904;Stigberget 4;namnbyte;FGVAL kf+rd+rf ger var för sig identisk vektor, kf: M,C,L,KD,S,V,MP,SD = 123,28,107,28,389,215,261,22 (summa 1173) mot 2006 14805904, geometri 100.0/100.0 procent, namn olika
14800943;Majorna, Djurgårdsgatan m fl;14805902;Stigberget 2;namnbyte;FGVAL kf+rd+rf ger var för sig identisk vektor, kf: M,C,L,KD,S,V,MP,SD = 159,33,108,28,330,202,216,25 (summa 1101) mot 2006 14805902, geometri 100.0/100.0 procent, namn olika
14800944;Majorna, Gatenhielmska;14805901;Stigberget 1;namnbyte;FGVAL kf+rd+rf ger var för sig identisk vektor, kf: M,C,L,KD,S,V,MP,SD = 160,27,78,25,260,147,163,12 (summa 872) mot 2006 14805901, geometri 100.0/100.0 procent, namn olika
14801011;Högsbo, Södra Kaverös;14808301;Kaverös-Flatås 1;namnbyte;FGVAL kf+rd+rf ger var för sig identisk vektor, kf: M,C,L,KD,S,V,MP,SD = 195,39,119,77,531,78,89,49 (summa 1177) mot 2006 14808301, geometri 100.0/100.0 procent, namn olika
14801012;Högsbo, Norra Kaverös;14808302;Kaverös-Flatås 2;namnbyte;FGVAL kf+rd+rf ger var för sig identisk vektor, kf: M,C,L,KD,S,V,MP,SD = 207,30,118,79,545,109,89,41 (summa 1218) mot 2006 14808302, geometri 100.0/100.0 procent, namn olika
14801021;Högsbo, Östra Flatås;14808304;Kaverös-Flatås 4;namnbyte;FGVAL kf+rd+rf ger var för sig identisk vektor, kf: M,C,L,KD,S,V,MP,SD = 155,17,78,38,398,68,51,37 (summa 842) mot 2006 14808304, geometri 100.0/100.0 procent, namn olika
14801022;Högsbo, Västra Flatås;14808303;Kaverös-Flatås 3;namnbyte;FGVAL kf+rd+rf ger var för sig identisk vektor, kf: M,C,L,KD,S,V,MP,SD = 236,27,152,67,474,64,64,45 (summa 1129) mot 2006 14808303, geometri 100.0/100.0 procent, namn olika
14801031;Högsbo, Södra Högsbohöjd;14808106;Högsbotorp-Högsbohöjd 6;namnbyte;FGVAL kf+rd+rf ger var för sig identisk vektor, kf: M,C,L,KD,S,V,MP,SD = 199,33,103,59,480,95,88,31 (summa 1088) mot 2006 14808106, geometri 100.0/100.0 procent, namn olika
14801032;Högsbo, Norra Högsbohöjd;14808105;Högsbotorp-Högsbohöjd 5;namnbyte;FGVAL kf+rd+rf ger var för sig identisk vektor, kf: M,C,L,KD,S,V,MP,SD = 115,32,88,43,407,131,122,38 (summa 976) mot 2006 14808105, geometri 100.0/100.0 procent, namn olika
14801041;Högsbo, Högsbo;14808103;Högsbotorp-Högsbohöjd 3;namnbyte;FGVAL kf+rd+rf ger var för sig identisk vektor, kf: M,C,L,KD,S,V,MP,SD = 139,19,62,61,443,74,74,39 (summa 911) mot 2006 14808103, geometri 100.0/100.0 procent, namn olika
14801042;Högsbo, Västra Högsbotorp;14808104;Högsbotorp-Högsbohöjd 4;namnbyte;FGVAL kf+rd+rf ger var för sig identisk vektor, kf: M,C,L,KD,S,V,MP,SD = 112,21,67,33,343,86,100,44 (summa 806) mot 2006 14808104, geometri 100.0/100.0 procent, namn olika
14801043;Högsbo, Marklandsgatan m fl;14808101;Högsbotorp-Högsbohöjd 1;namnbyte;FGVAL kf+rd+rf ger var för sig identisk vektor, kf: M,C,L,KD,S,V,MP,SD = 229,30,118,77,438,74,88,29 (summa 1083) mot 2006 14808101, geometri 100.0/100.0 procent, namn olika
14801044;Högsbo, Östra Högsbotorp;14808102;Högsbotorp-Högsbohöjd 2;namnbyte;FGVAL kf+rd+rf ger var för sig identisk vektor, kf: M,C,L,KD,S,V,MP,SD = 215,33,85,42,450,72,75,37 (summa 1009) mot 2006 14808102, geometri 100.0/100.0 procent, namn olika
14801111;Älvsborg, Södra Fiskebäck;14807704;Fiskebäck-Långedrag 4;namnbyte;FGVAL kf+rd+rf ger var för sig identisk vektor, kf: M,C,L,KD,S,V,MP,SD = 276,21,113,200,147,7,17,9 (summa 790) mot 2006 14807704, geometri 100.0/100.0 procent, namn olika
14801112;Älvsborg, Norra Fiskebäck;14807703;Fiskebäck-Långedrag 3;namnbyte;FGVAL kf+rd+rf ger var för sig identisk vektor, kf: M,C,L,KD,S,V,MP,SD = 450,35,191,202,251,31,60,29 (summa 1249) mot 2006 14807703, geometri 100.0/100.0 procent, namn olika
14801113;Älvsborg, Påvelund;14807701;Fiskebäck-Långedrag 1;namnbyte;FGVAL kf+rd+rf ger var för sig identisk vektor, kf: M,C,L,KD,S,V,MP,SD = 566,46,193,118,284,39,50,24 (summa 1320) mot 2006 14807701, geometri 100.0/100.0 procent, namn olika
14801114;Älvsborg, Björnekulla;14807702;Fiskebäck-Långedrag 2;namnbyte;FGVAL kf+rd+rf ger var för sig identisk vektor, kf: M,C,L,KD,S,V,MP,SD = 460,36,168,146,364,30,38,26 (summa 1268) mot 2006 14807702, geometri 100.0/100.0 procent, namn olika
14801121;Älvsborg, Långedrag;14807705;Fiskebäck-Långedrag 5;namnbyte;FGVAL kf+rd+rf ger var för sig identisk vektor, kf: M,C,L,KD,S,V,MP,SD = 784,40,164,89,149,13,45,19 (summa 1303) mot 2006 14807705, geometri 100.0/100.0 procent, namn olika
14801131;Älvsborg, Tångudden;14808002;Hagen-Grimmered 2;namnbyte;FGVAL kf+rd+rf ger var för sig identisk vektor, kf: M,C,L,KD,S,V,MP,SD = 466,41,166,111,197,20,79,24 (summa 1104) mot 2006 14808002, geometri 100.0/100.0 procent, namn olika
14801132;Älvsborg, Nya Varvet;14808003;Hagen-Grimmered 3;namnbyte;FGVAL kf+rd+rf ger var för sig identisk vektor, kf: M,C,L,KD,S,V,MP,SD = 555,39,156,85,384,71,125,42 (summa 1457) mot 2006 14808003, geometri 100.0/100.0 procent, namn olika
14801133;Älvsborg, Hagen;14808001;Hagen-Grimmered 1;namnbyte;FGVAL kf+rd+rf ger var för sig identisk vektor, kf: M,C,L,KD,S,V,MP,SD = 367,22,134,68,214,36,39,19 (summa 899) mot 2006 14808001, geometri 100.0/100.0 procent, namn olika
14801141;Älvsborg, Grimmered;14808005;Hagen-Grimmered 5;omritad;ingen FGVAL i källan, det vill säga Valmyndigheten anger distriktet som ändrat (INDELNING=Modifierad), geometri geo_overlap_2006_2010.csv: 14808005 (Hagen-Grimmered 5) täcker 100.0 procent av det nya distriktet, 100.0 procent av det gamla ligger där, 1 källor över 5 procent OBS geometrin är i praktiken 1:1 (Hagen-Grimmered 5) trots att FGVAL saknas
14801142;Älvsborg, Ekebäck;14808004;Hagen-Grimmered 4;namnbyte;FGVAL kf+rd+rf ger var för sig identisk vektor, kf: M,C,L,KD,S,V,MP,SD = 421,32,170,84,310,55,93,28 (summa 1193) mot 2006 14808004, geometri 100.0/100.0 procent, namn olika
14801211;Frölunda, Tofta;14808203;Järnbrott-Tofta 3;namnbyte;FGVAL kf+rd+rf ger var för sig identisk vektor, kf: M,C,L,KD,S,V,MP,SD = 121,11,67,36,392,61,31,39 (summa 758) mot 2006 14808203, geometri 100.0/100.0 procent, namn olika
14801212;Frölunda, Spinetten;14808204;Järnbrott-Tofta 4;namnbyte;FGVAL kf+rd+rf ger var för sig identisk vektor, kf: M,C,L,KD,S,V,MP,SD = 88,12,42,42,318,57,24,34 (summa 617) mot 2006 14808204, geometri 100.0/100.0 procent, namn olika
14801221;Frölunda, Ruddalen;14807804;Frölunda-Ruddalen 4;omritad;ingen FGVAL i källan, det vill säga Valmyndigheten anger distriktet som ändrat (INDELNING=Modifierad), geometri geo_overlap_2006_2010.csv: 14807804 (Frölunda-Ruddalen 4) täcker 100.0 procent av det nya distriktet, 100.0 procent av det gamla ligger där, 1 källor över 5 procent OBS geometrin är i praktiken 1:1 (Frölunda-Ruddalen 4) trots att FGVAL saknas
14801231;Frölunda, Västra Järnbrott;14808202;Järnbrott-Tofta 2;namnbyte;FGVAL kf+rd+rf ger var för sig identisk vektor, kf: M,C,L,KD,S,V,MP,SD = 217,32,114,68,406,76,75,51 (summa 1039) mot 2006 14808202, geometri 100.0/100.0 procent, namn olika
14801232;Frölunda, Östra Järnbrott;14808201;Järnbrott-Tofta 1;namnbyte;FGVAL kf+rd+rf ger var för sig identisk vektor, kf: M,C,L,KD,S,V,MP,SD = 195,19,90,49,465,86,54,31 (summa 989) mot 2006 14808201, geometri 100.0/100.0 procent, namn olika
14801241;Frölunda, Frölunda torg;14807801;Frölunda-Ruddalen 1;namnbyte;FGVAL kf+rd+rf ger var för sig identisk vektor, kf: M,C,L,KD,S,V,MP,SD = 94,18,52,41,359,69,49,28 (summa 710) mot 2006 14807801, geometri 100.0/100.0 procent, namn olika
14801242;Frölunda, Gånglåten m fl;14807803;Frölunda-Ruddalen 3;namnbyte;FGVAL kf+rd+rf ger var för sig identisk vektor, kf: M,C,L,KD,S,V,MP,SD = 135,15,58,80,590,109,81,68 (summa 1136) mot 2006 14807803, geometri 100.0/100.0 procent, namn olika
14801243;Frölunda, Frölunda;14807802;Frölunda-Ruddalen 2;namnbyte;FGVAL kf+rd+rf ger var för sig identisk vektor, kf: M,C,L,KD,S,V,MP,SD = 92,13,62,29,400,61,38,40 (summa 735) mot 2006 14807802, geometri 100.0/100.0 procent, namn olika
14801311;Askim, Hult;14807501;Askim-Hovås 1;namnbyte;FGVAL kf+rd+rf ger var för sig identisk vektor, kf: M,C,L,KD,S,V,MP,SD = 497,23,143,85,225,18,28,26 (summa 1045) mot 2006 14807501, geometri 100.0/100.0 procent, namn olika
14801312;Askim, Pilegården;14807502;Askim-Hovås 2;namnbyte;FGVAL kf+rd+rf ger var för sig identisk vektor, kf: M,C,L,KD,S,V,MP,SD = 220,19,78,42,349,41,54,42 (summa 845) mot 2006 14807502, geometri 100.0/100.0 procent, namn olika
14801313;Askim, Askim;14807504;Askim-Hovås 4;namnbyte;FGVAL kf+rd+rf ger var för sig identisk vektor, kf: M,C,L,KD,S,V,MP,SD = 403,22,115,66,179,23,44,17 (summa 869) mot 2006 14807504, geometri 100.0/100.0 procent, namn olika
14801314;Askim, Norra Sisjön;14807503;Askim-Hovås 3;namnbyte;FGVAL kf+rd+rf ger var för sig identisk vektor, kf: M,C,L,KD,S,V,MP,SD = 444,47,139,75,327,50,54,38 (summa 1174) mot 2006 14807503, geometri 100.0/100.0 procent, namn olika
14801315;Askim, Södra Sisjön;14807506;Askim-Hovås 6;namnbyte;FGVAL kf+rd+rf ger var för sig identisk vektor, kf: M,C,L,KD,S,V,MP,SD = 572,33,191,90,263,15,40,26 (summa 1230) mot 2006 14807506, geometri 100.0/100.0 procent, namn olika
14801316;Askim, Norra Hovås;14807505;Askim-Hovås 5;namnbyte;FGVAL kf+rd+rf ger var för sig identisk vektor, kf: M,C,L,KD,S,V,MP,SD = 419,33,129,77,166,21,32,12 (summa 889) mot 2006 14807505, geometri 100.0/100.0 procent, namn olika
14801321;Askim, Södra Hovås;14807507;Askim-Hovås 7;namnbyte;FGVAL kf+rd+rf ger var för sig identisk vektor, kf: M,C,L,KD,S,V,MP,SD = 522,18,90,66,60,6,5,13 (summa 780) mot 2006 14807507, geometri 100.0/100.0 procent, namn olika
14801322;Askim, Trollåsen;14807508;Askim-Hovås 8;namnbyte;FGVAL kf+rd+rf ger var för sig identisk vektor, kf: M,C,L,KD,S,V,MP,SD = 623,34,148,55,99,12,16,5 (summa 992) mot 2006 14807508, geometri 100.0/100.0 procent, namn olika
14801331;Askim, Billdal;14807604;Billdal 4;namnbyte;FGVAL kf+rd+rf ger var för sig identisk vektor, kf: M,C,L,KD,S,V,MP,SD = 693,58,237,135,255,25,68,24 (summa 1495) mot 2006 14807604, geometri 100.0/100.0 procent, namn olika
14801332;Askim, Nygård;14807606;Billdal 6;namnbyte;FGVAL kf+rd+rf ger var för sig identisk vektor, kf: M,C,L,KD,S,V,MP,SD = 487,33,133,92,201,13,38,19 (summa 1016) mot 2006 14807606, geometri 100.0/100.0 procent, namn olika
14801333;Askim, Skintebo;14807605;Billdal 5;namnbyte;FGVAL kf+rd+rf ger var för sig identisk vektor, kf: M,C,L,KD,S,V,MP,SD = 346,45,183,70,259,30,43,23 (summa 999) mot 2006 14807605, geometri 100.0/100.0 procent, namn olika
14801334;Askim, Brottkärr;14807601;Billdal 1;namnbyte;FGVAL kf+rd+rf ger var för sig identisk vektor, kf: M,C,L,KD,S,V,MP,SD = 419,19,96,52,54,4,19,11 (summa 674) mot 2006 14807601, geometri 100.0/100.0 procent, namn olika
14801335;Askim, Lyckhem;14807602;Billdal 2;namnbyte;FGVAL kf+rd+rf ger var för sig identisk vektor, kf: M,C,L,KD,S,V,MP,SD = 436,13,154,57,153,20,22,20 (summa 875) mot 2006 14807602, geometri 100.0/100.0 procent, namn olika
14801336;Askim, Lindås;14807603;Billdal 3;namnbyte;FGVAL kf+rd+rf ger var för sig identisk vektor, kf: M,C,L,KD,S,V,MP,SD = 518,33,171,87,186,15,21,9 (summa 1040) mot 2006 14807603, geometri 100.0/100.0 procent, namn olika
14801411;Tynnered, Bratthammar;14808702;Skattegården-Guldringen 2;namnbyte;FGVAL kf+rd+rf ger var för sig identisk vektor, kf: M,C,L,KD,S,V,MP,SD = 579,29,201,223,481,41,48,25 (summa 1627) mot 2006 14808702, geometri 100.0/100.0 procent, namn olika
14801421;Tynnered, Beryllgatan-Guldringen;14808703;Skattegården-Guldringen 3;namnbyte;FGVAL kf+rd+rf ger var för sig identisk vektor, kf: M,C,L,KD,S,V,MP,SD = 255,26,106,128,691,82,58,72 (summa 1418) mot 2006 14808703, geometri 100.0/100.0 procent, namn olika
14801431;Tynnered, Tynnered;14808701;Skattegården-Guldringen 1;namnbyte;FGVAL kf+rd+rf ger var för sig identisk vektor, kf: M,C,L,KD,S,V,MP,SD = 254,25,112,143,620,81,69,58 (summa 1362) mot 2006 14808701, geometri 100.0/100.0 procent, namn olika
14801441;Tynnered, Korsåsen;14807904;Grevegården-Ängås 4;namnbyte;FGVAL kf+rd+rf ger var för sig identisk vektor, kf: M,C,L,KD,S,V,MP,SD = 191,17,78,70,433,58,48,15 (summa 910) mot 2006 14807904, geometri 100.0/100.0 procent, namn olika
14801442;Tynnered, Ängås;14807903;Grevegården-Ängås 3;namnbyte;FGVAL kf+rd+rf ger var för sig identisk vektor, kf: M,C,L,KD,S,V,MP,SD = 102,5,37,51,431,88,50,43 (summa 807) mot 2006 14807903, geometri 100.0/100.0 procent, namn olika
14801451;Tynnered, Västra Önnered;14808604;Näset-Önnered 4;namnbyte;FGVAL kf+rd+rf ger var för sig identisk vektor, kf: M,C,L,KD,S,V,MP,SD = 392,32,134,281,228,20,20,19 (summa 1126) mot 2006 14808604, geometri 100.0/100.0 procent, namn olika
14801452;Tynnered, Östra Önnered;14808605;Näset-Önnered 5;namnbyte;FGVAL kf+rd+rf ger var för sig identisk vektor, kf: M,C,L,KD,S,V,MP,SD = 399,30,141,169,414,52,44,26 (summa 1275) mot 2006 14808605, geometri 100.0/100.0 procent, namn olika
14801461;Tynnered, Grevegården;14807901;Grevegården-Ängås 1;namnbyte;FGVAL kf+rd+rf ger var för sig identisk vektor, kf: M,C,L,KD,S,V,MP,SD = 128,22,67,53,377,65,43,39 (summa 794) mot 2006 14807901, geometri 100.0/100.0 procent, namn olika
14801462;Tynnered, Skattegården;14807902;Grevegården-Ängås 2;namnbyte;FGVAL kf+rd+rf ger var för sig identisk vektor, kf: M,C,L,KD,S,V,MP,SD = 116,16,59,103,545,72,42,24 (summa 977) mot 2006 14807902, geometri 100.0/100.0 procent, namn olika
14801471;Tynnered, Södra Näset;14808601;Näset-Önnered 1;namnbyte;FGVAL kf+rd+rf ger var för sig identisk vektor, kf: M,C,L,KD,S,V,MP,SD = 529,24,173,105,197,12,29,21 (summa 1090) mot 2006 14808601, geometri 100.0/100.0 procent, namn olika
14801472;Tynnered, Norra Näset;14808602;Näset-Önnered 2;namnbyte;FGVAL kf+rd+rf ger var för sig identisk vektor, kf: M,C,L,KD,S,V,MP,SD = 582,26,221,155,360,19,49,34 (summa 1446) mot 2006 14808602, geometri 100.0/100.0 procent, namn olika
14801473;Tynnered, Åkered;14808603;Näset-Önnered 3;namnbyte;FGVAL kf+rd+rf ger var för sig identisk vektor, kf: M,C,L,KD,S,V,MP,SD = 568,41,206,104,272,22,37,26 (summa 1276) mot 2006 14808603, geometri 100.0/100.0 procent, namn olika
14801481;Tynnered, Södra Opaltorget;14808606;Näset-Önnered 6;namnbyte;FGVAL kf+rd+rf ger var för sig identisk vektor, kf: M,C,L,KD,S,V,MP,SD = 163,10,66,49,318,42,32,37 (summa 717) mot 2006 14808606, geometri 100.0/100.0 procent, namn olika
14801482;Tynnered, Norra Opaltorget;14808607;Näset-Önnered 7;namnbyte;FGVAL kf+rd+rf ger var för sig identisk vektor, kf: M,C,L,KD,S,V,MP,SD = 130,20,55,69,482,74,44,79 (summa 953) mot 2006 14808607, geometri 100.0/100.0 procent, namn olika
14801511;Södra Skärgården, Donsö-Vrångö;14808803;Styrsö 3;namnbyte;FGVAL kf+rd+rf ger var för sig identisk vektor, kf: M,C,L,KD,S,V,MP,SD = 154,40,155,560,160,19,23,18 (summa 1129) mot 2006 14808803, geometri 100.0/100.0 procent, namn olika
14801512;Södra Skärgården, Styrsö-Köpstadsö;14808802;Styrsö 2;namnbyte;FGVAL kf+rd+rf ger var för sig identisk vektor, kf: M,C,L,KD,S,V,MP,SD = 174,71,149,150,180,63,66,23 (summa 876) mot 2006 14808802, geometri 100.0/100.0 procent, namn olika
14801513;Södra Skärgården, Brännö-Asperö;14808801;Styrsö 1;namnbyte;FGVAL kf+rd+rf ger var för sig identisk vektor, kf: M,C,L,KD,S,V,MP,SD = 151,28,71,63,212,59,130,11 (summa 725) mot 2006 14808801, geometri 100.0/100.0 procent, namn olika
14801611;Torslanda, Hjuvik;14800502;Hjuvik 2;namnbyte;FGVAL kf+rd+rf ger var för sig identisk vektor, kf: M,C,L,KD,S,V,MP,SD = 520,47,169,117,262,22,96,18 (summa 1251) mot 2006 14800502, geometri 100.0/100.0 procent, namn olika
14801612;Torslanda, Hällsvik;14800503;Hjuvik 3;namnbyte;FGVAL kf+rd+rf ger var för sig identisk vektor, kf: M,C,L,KD,S,V,MP,SD = 456,36,139,93,367,26,41,34 (summa 1192) mot 2006 14800503, geometri 100.0/100.0 procent, namn olika
14801613;Torslanda, Andalen;14800501;Hjuvik 1;namnbyte;FGVAL kf+rd+rf ger var för sig identisk vektor, kf: M,C,L,KD,S,V,MP,SD = 479,49,152,87,363,26,67,37 (summa 1260) mot 2006 14800501, geometri 100.0/100.0 procent, namn olika
14801621;Torslanda, Tumlehed;14801103;Nolered-Torslanda 3;namnbyte;FGVAL kf+rd+rf ger var för sig identisk vektor, kf: M,C,L,KD,S,V,MP,SD = 296,45,111,55,492,36,61,39 (summa 1135) mot 2006 14801103, geometri 100.0/100.0 procent, namn olika
14801622;Torslanda, Domarringen m fl;14801104;Nolered-Torslanda 4;namnbyte;FGVAL kf+rd+rf ger var för sig identisk vektor, kf: M,C,L,KD,S,V,MP,SD = 307,59,150,73,530,26,48,41 (summa 1234) mot 2006 14801104, geometri 100.0/100.0 procent, namn olika
14801623;Torslanda, Torslanda;14801105;Nolered-Torslanda 5;namnbyte;FGVAL kf+rd+rf ger var för sig identisk vektor, kf: M,C,L,KD,S,V,MP,SD = 327,85,153,76,493,55,52,74 (summa 1315) mot 2006 14801105, geometri 100.0/100.0 procent, namn olika
14801624;Torslanda, Nolered;14801102;Nolered-Torslanda 2;namnbyte;FGVAL kf+rd+rf ger var för sig identisk vektor, kf: M,C,L,KD,S,V,MP,SD = 328,63,157,77,421,35,74,32 (summa 1187) mot 2006 14801102, geometri 100.0/100.0 procent, namn olika
14801625;Torslanda, Amhult-Arendal;14801101;Nolered-Torslanda 1;namnbyte;FGVAL kf+rd+rf ger var för sig identisk vektor, kf: M,C,L,KD,S,V,MP,SD = 235,30,78,49,332,22,45,34 (summa 825) mot 2006 14801101, geometri 100.0/100.0 procent, namn olika
14801631;Torslanda, Lilleby;14800302;Björlanda 2;omritad;ingen FGVAL i källan, det vill säga Valmyndigheten anger distriktet som ändrat (INDELNING=Modifierad), geometri geo_overlap_2006_2010.csv: 14800302 (Björlanda 2) täcker 100.0 procent av det nya distriktet, 100.0 procent av det gamla ligger där, 1 källor över 5 procent OBS geometrin är i praktiken 1:1 (Björlanda 2) trots att FGVAL saknas
14801632;Torslanda, Björlanda;14800303;Björlanda 3;namnbyte;FGVAL kf+rd+rf ger var för sig identisk vektor, kf: M,C,L,KD,S,V,MP,SD = 348,78,97,90,424,45,65,56 (summa 1203) mot 2006 14800303, geometri 99.6/100.0 procent, namn olika
14801633;Torslanda, Kvisljungeby;14800301;Björlanda 1;namnbyte;FGVAL kf+rd+rf ger var för sig identisk vektor, kf: M,C,L,KD,S,V,MP,SD = 337,59,108,56,397,41,38,55 (summa 1091) mot 2006 14800301, geometri 100.0/100.0 procent, namn olika
14801711;Biskopsgården, Svarte Mosse;14800205;Biskopsgården 5;namnbyte;FGVAL kf+rd+rf ger var för sig identisk vektor, kf: M,C,L,KD,S,V,MP,SD = 40,11,32,33,550,84,33,16 (summa 799) mot 2006 14800205, geometri 100.0/100.0 procent, namn olika
14801712;Biskopsgården, Norra Biskopsgården;14800206;Biskopsgården 6;namnbyte;FGVAL kf+rd+rf ger var för sig identisk vektor, kf: M,C,L,KD,S,V,MP,SD = 29,13,22,14,402,90,43,20 (summa 633) mot 2006 14800206, geometri 100.0/100.0 procent, namn olika
14801721;Biskopsgården, Södra Länsmansgården;14801001;Länsmansgården 1;namnbyte;FGVAL kf+rd+rf ger var för sig identisk vektor, kf: M,C,L,KD,S,V,MP,SD = 57,2,26,15,319,55,34,32 (summa 540) mot 2006 14801001, geometri 100.0/100.0 procent, namn olika
14801722;Biskopsgården, Länsmansgårdens Centr;14801002;Länsmansgården 2;namnbyte;FGVAL kf+rd+rf ger var för sig identisk vektor, kf: M,C,L,KD,S,V,MP,SD = 55,12,42,27,444,76,33,45 (summa 734) mot 2006 14801002, geometri 100.0/100.0 procent, namn olika
14801723;Biskopsgården, Norra Länsmansgården;14801003;Länsmansgården 3;namnbyte;FGVAL kf+rd+rf ger var för sig identisk vektor, kf: M,C,L,KD,S,V,MP,SD = 78,14,44,30,411,55,32,42 (summa 706) mot 2006 14801003, geometri 100.0/100.0 procent, namn olika
14801731;Biskopsgården, Stackmolnsgatan m fl;14800605;Jättesten-Svartedalen 5;namnbyte;FGVAL kf+rd+rf ger var för sig identisk vektor, kf: M,C,L,KD,S,V,MP,SD = 98,14,41,30,526,80,53,59 (summa 901) mot 2006 14800605, geometri 100.0/100.0 procent, namn olika
14801732;Biskopsgården, Badvädersgatan m fl;14800604;Jättesten-Svartedalen 4;namnbyte;FGVAL kf+rd+rf ger var för sig identisk vektor, kf: M,C,L,KD,S,V,MP,SD = 84,7,31,39,487,49,26,45 (summa 768) mot 2006 14800604, geometri 100.0/100.0 procent, namn olika
14801741;Biskopsgården, Södra Biskopsgården;14800203;Biskopsgården 3;namnbyte;FGVAL kf+rd+rf ger var för sig identisk vektor, kf: M,C,L,KD,S,V,MP,SD = 87,9,37,27,398,66,39,25 (summa 688) mot 2006 14800203, geometri 100.0/100.0 procent, namn olika
14801742;Biskopsgården, Väderlekstorget;14800204;Biskopsgården 4;namnbyte;FGVAL kf+rd+rf ger var för sig identisk vektor, kf: M,C,L,KD,S,V,MP,SD = 60,15,33,27,264,107,73,17 (summa 596) mot 2006 14800204, geometri 100.0/100.0 procent, namn olika
14801743;Biskopsgården, Treröset;14800201;Biskopsgården 1;namnbyte;FGVAL kf+rd+rf ger var för sig identisk vektor, kf: M,C,L,KD,S,V,MP,SD = 79,7,33,13,468,104,110,30 (summa 844) mot 2006 14800201, geometri 100.0/100.0 procent, namn olika
14801744;Biskopsgården, Vårväderstorget;14800202;Biskopsgården 2;namnbyte;FGVAL kf+rd+rf ger var för sig identisk vektor, kf: M,C,L,KD,S,V,MP,SD = 76,15,33,30,499,119,59,41 (summa 872) mot 2006 14800202, geometri 100.0/100.0 procent, namn olika
14801751;Biskopsgården, Jättesten;14800603;Jättesten-Svartedalen 3;namnbyte;FGVAL kf+rd+rf ger var för sig identisk vektor, kf: M,C,L,KD,S,V,MP,SD = 178,17,66,46,690,92,49,31 (summa 1169) mot 2006 14800603, geometri 100.0/100.0 procent, namn olika
14801752;Biskopsgården, Svartedalen;14800602;Jättesten-Svartedalen 2;namnbyte;FGVAL kf+rd+rf ger var för sig identisk vektor, kf: M,C,L,KD,S,V,MP,SD = 116,16,48,31,574,102,57,48 (summa 992) mot 2006 14800602, geometri 100.0/100.0 procent, namn olika
14801753;Biskopsgården, Kärrsmossen;14800601;Jättesten-Svartedalen 1;namnbyte;FGVAL kf+rd+rf ger var för sig identisk vektor, kf: M,C,L,KD,S,V,MP,SD = 238,23,107,51,423,80,82,33 (summa 1037) mot 2006 14800601, geometri 100.0/100.0 procent, namn olika
14801811;Lundby, Lindholmen;14800402;Brämaregården 2;omritad;ingen FGVAL i källan, det vill säga Valmyndigheten anger distriktet som ändrat (INDELNING=Modifierad), geometri geo_overlap_2006_2010.csv: 14800402 (Brämaregården 2) täcker 100.0 procent av det nya distriktet, 100.0 procent av det gamla ligger där, 1 källor över 5 procent OBS geometrin är i praktiken 1:1 (Brämaregården 2) trots att FGVAL saknas
14801812;Lundby, Västra Rambergsstaden;14800403;Brämaregården 3;namnbyte;FGVAL kf+rd+rf ger var för sig identisk vektor, kf: M,C,L,KD,S,V,MP,SD = 146,20,91,26,444,100,90,39 (summa 956) mot 2006 14800403, geometri 100.0/100.0 procent, namn olika
14801813;Lundby, Östra Rambergsstaden;14800404;Brämaregården 4;namnbyte;FGVAL kf+rd+rf ger var för sig identisk vektor, kf: M,C,L,KD,S,V,MP,SD = 155,29,88,65,556,111,86,59 (summa 1149) mot 2006 14800404, geometri 100.0/100.0 procent, namn olika
14801814;Lundby, Västra Brämaregården;14800405;Brämaregården 5;namnbyte;FGVAL kf+rd+rf ger var för sig identisk vektor, kf: M,C,L,KD,S,V,MP,SD = 169,22,95,56,453,93,109,44 (summa 1041) mot 2006 14800405, geometri 100.0/100.0 procent, namn olika
14801815;Lundby, Östra Brämaregården;14800401;Brämaregården 1;delad;ingen FGVAL i källan, det vill säga Valmyndigheten anger distriktet som ändrat (INDELNING=Modifierad), geometri geo_overlap_2006_2010.csv: 14800401 (Brämaregården 1) täcker 100.0 procent av det nya distriktet, 19.5 procent av det gamla ligger där, 1 källor över 5 procent
14801816;Lundby, Lundbyvassen;14800401;Brämaregården 1;delad;ingen FGVAL i källan, det vill säga Valmyndigheten anger distriktet som ändrat (INDELNING=Modifierad), geometri geo_overlap_2006_2010.csv: 14800401 (Brämaregården 1) täcker 100.0 procent av det nya distriktet, 80.5 procent av det gamla ligger där, 1 källor över 5 procent
14801821;Lundby, Flunsås;14800703;Kvillebäcken 3;namnbyte;FGVAL kf+rd+rf ger var för sig identisk vektor, kf: M,C,L,KD,S,V,MP,SD = 151,22,82,33,414,74,94,32 (summa 902) mot 2006 14800703, geometri 100.0/100.0 procent, namn olika
14801822;Lundby, Bjurslätt;14800704;Kvillebäcken 4;namnbyte;FGVAL kf+rd+rf ger var för sig identisk vektor, kf: M,C,L,KD,S,V,MP,SD = 157,21,65,44,432,90,97,23 (summa 929) mot 2006 14800704, geometri 100.0/100.0 procent, namn olika
14801823;Lundby, Norra Kvillebäcken;14800705;Kvillebäcken 5;namnbyte;FGVAL kf+rd+rf ger var för sig identisk vektor, kf: M,C,L,KD,S,V,MP,SD = 172,27,68,37,390,77,63,53 (summa 887) mot 2006 14800705, geometri 100.0/100.0 procent, namn olika
14801824;Lundby, Wieselgrensplatsen;14800702;Kvillebäcken 2;namnbyte;FGVAL kf+rd+rf ger var för sig identisk vektor, kf: M,C,L,KD,S,V,MP,SD = 98,7,56,28,341,63,61,27 (summa 681) mot 2006 14800702, geometri 100.0/100.0 procent, namn olika
14801825;Lundby, Södra Kvillebäcken;14800701;Kvillebäcken 1;namnbyte;FGVAL kf+rd+rf ger var för sig identisk vektor, kf: M,C,L,KD,S,V,MP,SD = 132,30,72,21,341,118,107,35 (summa 856) mot 2006 14800701, geometri 100.0/100.0 procent, namn olika
14801831;Lundby, Hilldedal;14800905;Kärrdalen-Slätta Damm 5;namnbyte;FGVAL kf+rd+rf ger var för sig identisk vektor, kf: M,C,L,KD,S,V,MP,SD = 173,15,81,41,398,82,64,34 (summa 888) mot 2006 14800905, geometri 100.0/100.0 procent, namn olika
14801832;Lundby, Slätta Damm;14800904;Kärrdalen-Slätta Damm 4;namnbyte;FGVAL kf+rd+rf ger var för sig identisk vektor, kf: M,C,L,KD,S,V,MP,SD = 130,23,78,40,461,91,80,65 (summa 968) mot 2006 14800904, geometri 100.0/100.0 procent, namn olika
14801841;Lundby, Södra Tolered;14800901;Kärrdalen-Slätta Damm 1;namnbyte;FGVAL kf+rd+rf ger var för sig identisk vektor, kf: M,C,L,KD,S,V,MP,SD = 183,21,105,35,394,56,47,27 (summa 868) mot 2006 14800901, geometri 100.0/100.0 procent, namn olika
14801842;Lundby, Norra Tolered;14800902;Kärrdalen-Slätta Damm 2;namnbyte;FGVAL kf+rd+rf ger var för sig identisk vektor, kf: M,C,L,KD,S,V,MP,SD = 248,27,90,63,315,56,39,14 (summa 852) mot 2006 14800902, geometri 100.0/100.0 procent, namn olika
14801843;Lundby, Kärrdalen;14800903;Kärrdalen-Slätta Damm 3;namnbyte;FGVAL kf+rd+rf ger var för sig identisk vektor, kf: M,C,L,KD,S,V,MP,SD = 330,34,116,60,378,49,49,49 (summa 1065) mot 2006 14800903, geometri 100.0/100.0 procent, namn olika
14801851;Lundby, Västra Eriksberg;14801202;Sannegården 2;omritad;ingen FGVAL i källan, det vill säga Valmyndigheten anger distriktet som ändrat (INDELNING=Modifierad), geometri geo_overlap_2006_2010.csv: 14801202 (Sannegården 2) täcker 100.0 procent av det nya distriktet, 100.0 procent av det gamla ligger där, 1 källor över 5 procent OBS geometrin är i praktiken 1:1 (Sannegården 2) trots att FGVAL saknas
14801852;Lundby, Södra Bräcke;14801203;Sannegården 3;namnbyte;FGVAL kf+rd+rf ger var för sig identisk vektor, kf: M,C,L,KD,S,V,MP,SD = 121,27,63,33,336,87,66,48 (summa 781) mot 2006 14801203, geometri 100.0/100.0 procent, namn olika
14801853;Lundby, Norra Bräcke;14801204;Sannegården 4;namnbyte;FGVAL kf+rd+rf ger var för sig identisk vektor, kf: M,C,L,KD,S,V,MP,SD = 167,24,74,38,467,69,45,45 (summa 929) mot 2006 14801204, geometri 100.0/100.0 procent, namn olika
14801854;Lundby, Kyrkbyn;14801205;Sannegården 5;namnbyte;FGVAL kf+rd+rf ger var för sig identisk vektor, kf: M,C,L,KD,S,V,MP,SD = 89,21,36,26,432,75,72,48 (summa 799) mot 2006 14801205, geometri 100.0/100.0 procent, namn olika
14801855;Lundby, Norra Lundby;14801206;Sannegården 6;namnbyte;FGVAL kf+rd+rf ger var för sig identisk vektor, kf: M,C,L,KD,S,V,MP,SD = 113,18,69,29,324,46,71,27 (summa 697) mot 2006 14801206, geometri 100.0/100.0 procent, namn olika
14801856;Lundby, Södra Lundby;14801207;Sannegården 7;namnbyte;FGVAL kf+rd+rf ger var för sig identisk vektor, kf: M,C,L,KD,S,V,MP,SD = 127,20,64,37,280,76,61,26 (summa 691) mot 2006 14801207, geometri 100.0/100.0 procent, namn olika
14801857;Lundby, Östra Eriksberg;14801201;Sannegården 1;delad;ingen FGVAL i källan, det vill säga Valmyndigheten anger distriktet som ändrat (INDELNING=Modifierad), geometri geo_overlap_2006_2010.csv: 14801201 (Sannegården 1) täcker 100.0 procent av det nya distriktet, 84.1 procent av det gamla ligger där, 1 källor över 5 procent
14801858;Lundby, Sannegården;14801201;Sannegården 1;delad;ingen FGVAL i källan, det vill säga Valmyndigheten anger distriktet som ändrat (INDELNING=Modifierad), geometri geo_overlap_2006_2010.csv: 14801201 (Sannegården 1) täcker 100.0 procent av det nya distriktet, 15.9 procent av det gamla ligger där, 1 källor över 5 procent
14801911;Tuve-Säve, Tången;14801405;Tuve-Säve 5;namnbyte;FGVAL kf+rd+rf ger var för sig identisk vektor, kf: M,C,L,KD,S,V,MP,SD = 267,45,127,74,415,34,50,34 (summa 1046) mot 2006 14801405, geometri 100.0/100.0 procent, namn olika
14801912;Tuve-Säve, Tuve;14801401;Tuve-Säve 1;namnbyte;FGVAL kf+rd+rf ger var för sig identisk vektor, kf: M,C,L,KD,S,V,MP,SD = 309,50,133,87,459,60,55,46 (summa 1199) mot 2006 14801401, geometri 100.0/100.0 procent, namn olika
14801913;Tuve-Säve, Gunnestorp;14801402;Tuve-Säve 2;namnbyte;FGVAL kf+rd+rf ger var för sig identisk vektor, kf: M,C,L,KD,S,V,MP,SD = 246,16,114,60,598,77,49,43 (summa 1203) mot 2006 14801402, geometri 98.8/100.0 procent, namn olika
14801914;Tuve-Säve, Glöstorp;14801403;Tuve-Säve 3;namnbyte;FGVAL kf+rd+rf ger var för sig identisk vektor, kf: M,C,L,KD,S,V,MP,SD = 118,18,56,37,442,50,32,39 (summa 792) mot 2006 14801403, geometri 82.3/100.0 procent, namn olika
14801915;Tuve-Säve, Norumshöjd;14801404;Tuve-Säve 4;namnbyte;FGVAL kf+rd+rf ger var för sig identisk vektor, kf: M,C,L,KD,S,V,MP,SD = 91,11,43,19,435,76,39,48 (summa 762) mot 2006 14801404, geometri 100.0/100.0 procent, namn olika
14801921;Tuve-Säve, Säve;14801406;Tuve-Säve 6;namnbyte;FGVAL kf+rd+rf ger var för sig identisk vektor, kf: M,C,L,KD,S,V,MP,SD = 295,127,106,64,458,44,63,79 (summa 1236) mot 2006 14801406, geometri 100.0/99.8 procent, namn olika
14802011;Backa, Tingstad;14800101;Backa-Brunnsbo 1;namnbyte;FGVAL kf+rd+rf ger var för sig identisk vektor, kf: M,C,L,KD,S,V,MP,SD = 252,30,93,61,416,53,47,41 (summa 993) mot 2006 14800101, geometri 100.0/100.0 procent, namn olika
14802012;Backa, Brunnsbo;14800102;Backa-Brunnsbo 2;namnbyte;FGVAL kf+rd+rf ger var för sig identisk vektor, kf: M,C,L,KD,S,V,MP,SD = 140,23,75,42,543,110,58,48 (summa 1039) mot 2006 14800102, geometri 100.0/100.0 procent, namn olika
14802013;Backa, Aröd;14800103;Backa-Brunnsbo 3;namnbyte;FGVAL kf+rd+rf ger var för sig identisk vektor, kf: M,C,L,KD,S,V,MP,SD = 206,30,116,67,606,113,79,41 (summa 1258) mot 2006 14800103, geometri 100.0/100.0 procent, namn olika
14802021;Backa, Södra Backa;14800107;Backa-Brunnsbo 7;namnbyte;FGVAL kf+rd+rf ger var för sig identisk vektor, kf: M,C,L,KD,S,V,MP,SD = 212,22,85,45,494,72,36,46 (summa 1012) mot 2006 14800107, geometri 100.0/100.0 procent, namn olika
14802022;Backa, Backa Röd;14800104;Backa-Brunnsbo 4;namnbyte;FGVAL kf+rd+rf ger var för sig identisk vektor, kf: M,C,L,KD,S,V,MP,SD = 110,21,48,35,501,92,81,45 (summa 933) mot 2006 14800104, geometri 100.0/100.0 procent, namn olika
14802023;Backa, Norra Backa;14800105;Backa-Brunnsbo 5;namnbyte;FGVAL kf+rd+rf ger var för sig identisk vektor, kf: M,C,L,KD,S,V,MP,SD = 130,17,61,38,621,78,41,61 (summa 1047) mot 2006 14800105, geometri 100.0/100.0 procent, namn olika
14802024;Backa, Bällskär;14800106;Backa-Brunnsbo 6;namnbyte;FGVAL kf+rd+rf ger var för sig identisk vektor, kf: M,C,L,KD,S,V,MP,SD = 148,14,61,28,418,49,27,32 (summa 777) mot 2006 14800106, geometri 100.0/100.0 procent, namn olika
14802031;Backa, Bäckebol;14801301;Skälltorp-Skogome 1;namnbyte;FGVAL kf+rd+rf ger var för sig identisk vektor, kf: M,C,L,KD,S,V,MP,SD = 92,10,53,27,368,38,17,23 (summa 628) mot 2006 14801301, geometri 100.0/100.0 procent, namn olika
14802032;Backa, Backadalen;14801302;Skälltorp-Skogome 2;namnbyte;FGVAL kf+rd+rf ger var för sig identisk vektor, kf: M,C,L,KD,S,V,MP,SD = 131,10,77,51,576,65,24,33 (summa 967) mot 2006 14801302, geometri 100.0/100.0 procent, namn olika
14802033;Backa, Selma Lagerlöfs torg;14801303;Skälltorp-Skogome 3;namnbyte;FGVAL kf+rd+rf ger var för sig identisk vektor, kf: M,C,L,KD,S,V,MP,SD = 57,11,38,18,347,77,47,36 (summa 631) mot 2006 14801303, geometri 100.0/100.0 procent, namn olika
14802034;Backa, Skälltorp;14801304;Skälltorp-Skogome 4;namnbyte;FGVAL kf+rd+rf ger var för sig identisk vektor, kf: M,C,L,KD,S,V,MP,SD = 183,27,111,62,638,91,38,44 (summa 1194) mot 2006 14801304, geometri 100.0/100.0 procent, namn olika
14802035;Backa, Åketorp;14801305;Skälltorp-Skogome 5;namnbyte;FGVAL kf+rd+rf ger var för sig identisk vektor, kf: M,C,L,KD,S,V,MP,SD = 323,43,150,69,621,83,52,48 (summa 1389) mot 2006 14801305, geometri 100.0/100.0 procent, namn olika
14802041;Backa, Skogome-Sankt Jörgen;14801306;Skälltorp-Skogome 6;namnbyte;FGVAL kf+rd+rf ger var för sig identisk vektor, kf: M,C,L,KD,S,V,MP,SD = 278,30,114,66,598,82,57,35 (summa 1260) mot 2006 14801306, geometri 100.0/100.0 procent, namn olika
14802111;Kärra-Rödbo, Mysterna-Svankällan;14800806;Kärra-Rödbo 6;namnbyte;FGVAL kf+rd+rf ger var för sig identisk vektor, kf: M,C,L,KD,S,V,MP,SD = 269,25,94,56,478,39,54,39 (summa 1054) mot 2006 14800806, geometri 100.0/100.0 procent, namn olika
14802112;Kärra-Rödbo, Gerrebacka-Ingebäck;14800805;Kärra-Rödbo 5;namnbyte;FGVAL kf+rd+rf ger var för sig identisk vektor, kf: M,C,L,KD,S,V,MP,SD = 219,20,75,42,443,43,27,55 (summa 924) mot 2006 14800805, geometri 100.0/100.0 procent, namn olika
14802113;Kärra-Rödbo, Västra Kärra;14800801;Kärra-Rödbo 1;namnbyte;FGVAL kf+rd+rf ger var för sig identisk vektor, kf: M,C,L,KD,S,V,MP,SD = 161,18,66,43,501,61,30,58 (summa 938) mot 2006 14800801, geometri 100.0/100.0 procent, namn olika
14802114;Kärra-Rödbo, Norra Kärra;14800804;Kärra-Rödbo 4;namnbyte;FGVAL kf+rd+rf ger var för sig identisk vektor, kf: M,C,L,KD,S,V,MP,SD = 115,20,59,46,531,58,23,33 (summa 885) mot 2006 14800804, geometri 100.0/100.0 procent, namn olika
14802115;Kärra-Rödbo, Östra Kärra;14800803;Kärra-Rödbo 3;namnbyte;FGVAL kf+rd+rf ger var för sig identisk vektor, kf: M,C,L,KD,S,V,MP,SD = 134,24,70,45,591,53,20,41 (summa 978) mot 2006 14800803, geometri 100.0/100.0 procent, namn olika
14802116;Kärra-Rödbo, Södra Kärra;14800802;Kärra-Rödbo 2;namnbyte;FGVAL kf+rd+rf ger var för sig identisk vektor, kf: M,C,L,KD,S,V,MP,SD = 192,15,82,31,528,70,30,56 (summa 1004) mot 2006 14800802, geometri 100.0/100.0 procent, namn olika
14802121;Kärra-Rödbo, Rödbo;14800807;Kärra-Rödbo 7;namnbyte;FGVAL kf+rd+rf ger var för sig identisk vektor, kf: M,C,L,KD,S,V,MP,SD = 135,37,48,21,166,19,28,36 (summa 490) mot 2006 14800807, geometri 99.9/99.8 procent, namn olika
