ar;val;valkrets;parti;fasta;utjamning;totalt;kalla
2002;rd;Göteborgs kommun;S;6;0;6;dl2006/slutresultat_00R.xml KRETS_RIKSDAG 1416 MANDAT_FGVAL, utjamning ur historik.val.se val_02 00-text.html M(U)
2002;rd;Göteborgs kommun;L;3;1;4;dl2006/slutresultat_00R.xml KRETS_RIKSDAG 1416 MANDAT_FGVAL, utjamning ur historik.val.se val_02 00-text.html M(U)
2002;rd;Göteborgs kommun;M;3;0;3;dl2006/slutresultat_00R.xml KRETS_RIKSDAG 1416 MANDAT_FGVAL, utjamning ur historik.val.se val_02 00-text.html M(U)
2002;rd;Göteborgs kommun;KD;2;0;2;dl2006/slutresultat_00R.xml KRETS_RIKSDAG 1416 MANDAT_FGVAL, utjamning ur historik.val.se val_02 00-text.html M(U)
2002;rd;Göteborgs kommun;V;2;0;2;dl2006/slutresultat_00R.xml KRETS_RIKSDAG 1416 MANDAT_FGVAL, utjamning ur historik.val.se val_02 00-text.html M(U)
2002;rd;Göteborgs kommun;MP;1;0;1;dl2006/slutresultat_00R.xml KRETS_RIKSDAG 1416 MANDAT_FGVAL, utjamning ur historik.val.se val_02 00-text.html M(U)
2002;rf;Göteborgs kommun;S;;;15;dl2006/slutresultat_00L.xml KRETS_LANDSTING 1401 MANDAT_FGVAL (utjamning okand)
2002;rf;Göteborgs kommun;M;;;9;dl2006/slutresultat_00L.xml KRETS_LANDSTING 1401 MANDAT_FGVAL (utjamning okand)
2002;rf;Göteborgs kommun;L;;;8;dl2006/slutresultat_00L.xml KRETS_LANDSTING 1401 MANDAT_FGVAL (utjamning okand)
2002;rf;Göteborgs kommun;V;;;5;dl2006/slutresultat_00L.xml KRETS_LANDSTING 1401 MANDAT_FGVAL (utjamning okand)
2002;rf;Göteborgs kommun;KD;;;4;dl2006/slutresultat_00L.xml KRETS_LANDSTING 1401 MANDAT_FGVAL (utjamning okand)
2002;rf;Göteborgs kommun;MP;;;3;dl2006/slutresultat_00L.xml KRETS_LANDSTING 1401 MANDAT_FGVAL (utjamning okand)
2002;rf;Göteborgs kommun;C;;;1;dl2006/slutresultat_00L.xml KRETS_LANDSTING 1401 MANDAT_FGVAL (utjamning okand)
2002;rf;Göteborgs kommun;SPVG;;;1;dl2006/slutresultat_00L.xml KRETS_LANDSTING 1401 MANDAT_FGVAL (utjamning okand)
2002;kf;Göteborg;S;29;0;29;dl2006/slutresultat_1480K.xml KOMMUN 1480 GILTIGA MANDAT_FGVAL (hela kommunen)
2002;kf;Göteborg;M;17;0;17;dl2006/slutresultat_1480K.xml KOMMUN 1480 GILTIGA MANDAT_FGVAL (hela kommunen)
2002;kf;Göteborg;L;14;0;14;dl2006/slutresultat_1480K.xml KOMMUN 1480 GILTIGA MANDAT_FGVAL (hela kommunen)
2002;kf;Göteborg;V;10;0;10;dl2006/slutresultat_1480K.xml KOMMUN 1480 GILTIGA MANDAT_FGVAL (hela kommunen)
2002;kf;Göteborg;MP;6;0;6;dl2006/slutresultat_1480K.xml KOMMUN 1480 GILTIGA MANDAT_FGVAL (hela kommunen)
2002;kf;Göteborg;KD;5;0;5;dl2006/slutresultat_1480K.xml KOMMUN 1480 GILTIGA MANDAT_FGVAL (hela kommunen)
2002;kf;Göteborg 1;S;10;0;10;dl2006/slutresultat_1480K.xml KRETS_KOMMUN 148001 GILTIGA MANDAT_FGVAL
2002;kf;Göteborg 1;M;4;0;4;dl2006/slutresultat_1480K.xml KRETS_KOMMUN 148001 GILTIGA MANDAT_FGVAL
2002;kf;Göteborg 1;L;3;0;3;dl2006/slutresultat_1480K.xml KRETS_KOMMUN 148001 GILTIGA MANDAT_FGVAL
2002;kf;Göteborg 1;V;2;0;2;dl2006/slutresultat_1480K.xml KRETS_KOMMUN 148001 GILTIGA MANDAT_FGVAL
2002;kf;Göteborg 1;KD;1;0;1;dl2006/slutresultat_1480K.xml KRETS_KOMMUN 148001 GILTIGA MANDAT_FGVAL
2002;kf;Göteborg 1;MP;1;0;1;dl2006/slutresultat_1480K.xml KRETS_KOMMUN 148001 GILTIGA MANDAT_FGVAL
2002;kf;Göteborg 2;S;8;0;8;dl2006/slutresultat_1480K.xml KRETS_KOMMUN 148002 GILTIGA MANDAT_FGVAL
2002;kf;Göteborg 2;L;3;0;3;dl2006/slutresultat_1480K.xml KRETS_KOMMUN 148002 GILTIGA MANDAT_FGVAL
2002;kf;Göteborg 2;M;3;0;3;dl2006/slutresultat_1480K.xml KRETS_KOMMUN 148002 GILTIGA MANDAT_FGVAL
2002;kf;Göteborg 2;V;3;0;3;dl2006/slutresultat_1480K.xml KRETS_KOMMUN 148002 GILTIGA MANDAT_FGVAL
2002;kf;Göteborg 2;MP;2;0;2;dl2006/slutresultat_1480K.xml KRETS_KOMMUN 148002 GILTIGA MANDAT_FGVAL
2002;kf;Göteborg 2;KD;1;0;1;dl2006/slutresultat_1480K.xml KRETS_KOMMUN 148002 GILTIGA MANDAT_FGVAL
2002;kf;Göteborg 3;M;5;0;5;dl2006/slutresultat_1480K.xml KRETS_KOMMUN 148003 GILTIGA MANDAT_FGVAL
2002;kf;Göteborg 3;S;5;0;5;dl2006/slutresultat_1480K.xml KRETS_KOMMUN 148003 GILTIGA MANDAT_FGVAL
2002;kf;Göteborg 3;L;4;0;4;dl2006/slutresultat_1480K.xml KRETS_KOMMUN 148003 GILTIGA MANDAT_FGVAL
2002;kf;Göteborg 3;V;3;0;3;dl2006/slutresultat_1480K.xml KRETS_KOMMUN 148003 GILTIGA MANDAT_FGVAL
2002;kf;Göteborg 3;MP;2;0;2;dl2006/slutresultat_1480K.xml KRETS_KOMMUN 148003 GILTIGA MANDAT_FGVAL
2002;kf;Göteborg 3;KD;1;0;1;dl2006/slutresultat_1480K.xml KRETS_KOMMUN 148003 GILTIGA MANDAT_FGVAL
2002;kf;Göteborg 4;S;6;0;6;dl2006/slutresultat_1480K.xml KRETS_KOMMUN 148004 GILTIGA MANDAT_FGVAL
2002;kf;Göteborg 4;M;5;0;5;dl2006/slutresultat_1480K.xml KRETS_KOMMUN 148004 GILTIGA MANDAT_FGVAL
2002;kf;Göteborg 4;L;4;0;4;dl2006/slutresultat_1480K.xml KRETS_KOMMUN 148004 GILTIGA MANDAT_FGVAL
2002;kf;Göteborg 4;KD;2;0;2;dl2006/slutresultat_1480K.xml KRETS_KOMMUN 148004 GILTIGA MANDAT_FGVAL
2002;kf;Göteborg 4;V;2;0;2;dl2006/slutresultat_1480K.xml KRETS_KOMMUN 148004 GILTIGA MANDAT_FGVAL
2002;kf;Göteborg 4;MP;1;0;1;dl2006/slutresultat_1480K.xml KRETS_KOMMUN 148004 GILTIGA MANDAT_FGVAL
2006;rd;Göteborgs kommun;M;5;0;5;dl2006/slutresultat_00R.xml KRETS_RIKSDAG 1416 GILTIGA MANDAT, VARAV_UTJÄMNING
2006;rd;Göteborgs kommun;S;5;0;5;dl2006/slutresultat_00R.xml KRETS_RIKSDAG 1416 GILTIGA MANDAT, VARAV_UTJÄMNING
2006;rd;Göteborgs kommun;L;2;0;2;dl2006/slutresultat_00R.xml KRETS_RIKSDAG 1416 GILTIGA MANDAT, VARAV_UTJÄMNING
2006;rd;Göteborgs kommun;MP;1;1;2;dl2006/slutresultat_00R.xml KRETS_RIKSDAG 1416 GILTIGA MANDAT, VARAV_UTJÄMNING
2006;rd;Göteborgs kommun;V;2;0;2;dl2006/slutresultat_00R.xml KRETS_RIKSDAG 1416 GILTIGA MANDAT, VARAV_UTJÄMNING
2006;rd;Göteborgs kommun;C;1;0;1;dl2006/slutresultat_00R.xml KRETS_RIKSDAG 1416 GILTIGA MANDAT, VARAV_UTJÄMNING
2006;rd;Göteborgs kommun;KD;1;0;1;dl2006/slutresultat_00R.xml KRETS_RIKSDAG 1416 GILTIGA MANDAT, VARAV_UTJÄMNING
2006;rf;Göteborgs kommun;S;14;1;15;dl2006/slutresultat_00L.xml KRETS_LANDSTING 1401 GILTIGA MANDAT, VARAV_UTJÄMNING
2006;rf;Göteborgs kommun;M;11;1;12;dl2006/slutresultat_00L.xml KRETS_LANDSTING 1401 GILTIGA MANDAT, VARAV_UTJÄMNING
2006;rf;Göteborgs kommun;L;5;0;5;dl2006/slutresultat_00L.xml KRETS_LANDSTING 1401 GILTIGA MANDAT, VARAV_UTJÄMNING
2006;rf;Göteborgs kommun;MP;4;0;4;dl2006/slutresultat_00L.xml KRETS_LANDSTING 1401 GILTIGA MANDAT, VARAV_UTJÄMNING
2006;rf;Göteborgs kommun;V;4;0;4;dl2006/slutresultat_00L.xml KRETS_LANDSTING 1401 GILTIGA MANDAT, VARAV_UTJÄMNING
2006;rf;Göteborgs kommun;KD;3;0;3;dl2006/slutresultat_00L.xml KRETS_LANDSTING 1401 GILTIGA MANDAT, VARAV_UTJÄMNING
2006;rf;Göteborgs kommun;C;2;0;2;dl2006/slutresultat_00L.xml KRETS_LANDSTING 1401 GILTIGA MANDAT, VARAV_UTJÄMNING
2006;rf;Göteborgs kommun;SPVG;1;0;1;dl2006/slutresultat_00L.xml KRETS_LANDSTING 1401 GILTIGA MANDAT, VARAV_UTJÄMNING
2006;kf;Göteborg;S;31;0;31;dl2006/slutresultat_1480K.xml KOMMUN 1480 GILTIGA MANDAT (hela kommunen)
2006;kf;Göteborg;M;20;0;20;dl2006/slutresultat_1480K.xml KOMMUN 1480 GILTIGA MANDAT (hela kommunen)
2006;kf;Göteborg;L;9;0;9;dl2006/slutresultat_1480K.xml KOMMUN 1480 GILTIGA MANDAT (hela kommunen)
2006;kf;Göteborg;MP;7;0;7;dl2006/slutresultat_1480K.xml KOMMUN 1480 GILTIGA MANDAT (hela kommunen)
2006;kf;Göteborg;V;7;0;7;dl2006/slutresultat_1480K.xml KOMMUN 1480 GILTIGA MANDAT (hela kommunen)
2006;kf;Göteborg;KD;5;0;5;dl2006/slutresultat_1480K.xml KOMMUN 1480 GILTIGA MANDAT (hela kommunen)
2006;kf;Göteborg;C;1;0;1;dl2006/slutresultat_1480K.xml KOMMUN 1480 GILTIGA MANDAT (hela kommunen)
2006;kf;Göteborg;SD;1;0;1;dl2006/slutresultat_1480K.xml KOMMUN 1480 GILTIGA MANDAT (hela kommunen)
2006;kf;Göteborg 1;S;10;0;10;dl2006/slutresultat_1480K.xml KRETS_KOMMUN 148001 GILTIGA MANDAT
2006;kf;Göteborg 1;M;4;0;4;dl2006/slutresultat_1480K.xml KRETS_KOMMUN 148001 GILTIGA MANDAT
2006;kf;Göteborg 1;L;2;0;2;dl2006/slutresultat_1480K.xml KRETS_KOMMUN 148001 GILTIGA MANDAT
2006;kf;Göteborg 1;V;2;0;2;dl2006/slutresultat_1480K.xml KRETS_KOMMUN 148001 GILTIGA MANDAT
2006;kf;Göteborg 1;KD;1;0;1;dl2006/slutresultat_1480K.xml KRETS_KOMMUN 148001 GILTIGA MANDAT
2006;kf;Göteborg 1;MP;1;0;1;dl2006/slutresultat_1480K.xml KRETS_KOMMUN 148001 GILTIGA MANDAT
2006;kf;Göteborg 1;SD;1;0;1;dl2006/slutresultat_1480K.xml KRETS_KOMMUN 148001 GILTIGA MANDAT
2006;kf;Göteborg 2;S;9;0;9;dl2006/slutresultat_1480K.xml KRETS_KOMMUN 148002 GILTIGA MANDAT
2006;kf;Göteborg 2;M;4;0;4;dl2006/slutresultat_1480K.xml KRETS_KOMMUN 148002 GILTIGA MANDAT
2006;kf;Göteborg 2;L;2;0;2;dl2006/slutresultat_1480K.xml KRETS_KOMMUN 148002 GILTIGA MANDAT
2006;kf;Göteborg 2;MP;2;0;2;dl2006/slutresultat_1480K.xml KRETS_KOMMUN 148002 GILTIGA MANDAT
2006;kf;Göteborg 2;V;2;0;2;dl2006/slutresultat_1480K.xml KRETS_KOMMUN 148002 GILTIGA MANDAT
2006;kf;Göteborg 2;KD;1;0;1;dl2006/slutresultat_1480K.xml KRETS_KOMMUN 148002 GILTIGA MANDAT
2006;kf;Göteborg 3;M;6;0;6;dl2006/slutresultat_1480K.xml KRETS_KOMMUN 148003 GILTIGA MANDAT
2006;kf;Göteborg 3;S;5;0;5;dl2006/slutresultat_1480K.xml KRETS_KOMMUN 148003 GILTIGA MANDAT
2006;kf;Göteborg 3;L;3;0;3;dl2006/slutresultat_1480K.xml KRETS_KOMMUN 148003 GILTIGA MANDAT
2006;kf;Göteborg 3;MP;2;0;2;dl2006/slutresultat_1480K.xml KRETS_KOMMUN 148003 GILTIGA MANDAT
2006;kf;Göteborg 3;V;2;0;2;dl2006/slutresultat_1480K.xml KRETS_KOMMUN 148003 GILTIGA MANDAT
2006;kf;Göteborg 3;C;1;0;1;dl2006/slutresultat_1480K.xml KRETS_KOMMUN 148003 GILTIGA MANDAT
2006;kf;Göteborg 3;KD;1;0;1;dl2006/slutresultat_1480K.xml KRETS_KOMMUN 148003 GILTIGA MANDAT
2006;kf;Göteborg 4;S;7;0;7;dl2006/slutresultat_1480K.xml KRETS_KOMMUN 148004 GILTIGA MANDAT
2006;kf;Göteborg 4;M;6;0;6;dl2006/slutresultat_1480K.xml KRETS_KOMMUN 148004 GILTIGA MANDAT
2006;kf;Göteborg 4;KD;2;0;2;dl2006/slutresultat_1480K.xml KRETS_KOMMUN 148004 GILTIGA MANDAT
2006;kf;Göteborg 4;L;2;0;2;dl2006/slutresultat_1480K.xml KRETS_KOMMUN 148004 GILTIGA MANDAT
2006;kf;Göteborg 4;MP;2;0;2;dl2006/slutresultat_1480K.xml KRETS_KOMMUN 148004 GILTIGA MANDAT
2006;kf;Göteborg 4;V;1;0;1;dl2006/slutresultat_1480K.xml KRETS_KOMMUN 148004 GILTIGA MANDAT
2010;rd;Göteborgs kommun;M;5;0;5;mandatfordelning_per_valkrets_R (1).xls rad LAN 14 VALKRETS 16, kolumner <parti> och <parti> utj
2010;rd;Göteborgs kommun;S;5;0;5;mandatfordelning_per_valkrets_R (1).xls rad LAN 14 VALKRETS 16, kolumner <parti> och <parti> utj
2010;rd;Göteborgs kommun;MP;2;0;2;mandatfordelning_per_valkrets_R (1).xls rad LAN 14 VALKRETS 16, kolumner <parti> och <parti> utj
2010;rd;Göteborgs kommun;V;2;0;2;mandatfordelning_per_valkrets_R (1).xls rad LAN 14 VALKRETS 16, kolumner <parti> och <parti> utj
2010;rd;Göteborgs kommun;C;0;1;1;mandatfordelning_per_valkrets_R (1).xls rad LAN 14 VALKRETS 16, kolumner <parti> och <parti> utj
2010;rd;Göteborgs kommun;KD;1;0;1;mandatfordelning_per_valkrets_R (1).xls rad LAN 14 VALKRETS 16, kolumner <parti> och <parti> utj
2010;rd;Göteborgs kommun;L;1;0;1;mandatfordelning_per_valkrets_R (1).xls rad LAN 14 VALKRETS 16, kolumner <parti> och <parti> utj
2010;rd;Göteborgs kommun;SD;1;0;1;mandatfordelning_per_valkrets_R (1).xls rad LAN 14 VALKRETS 16, kolumner <parti> och <parti> utj
2010;rf;Göteborgs kommun;S;12;2;14;slutresultat__1_/slutresultat_00L.xml KRETS_LANDSTING 1401 GILTIGA MANDAT, VARAV_UTJÄMNING (rostrakningen efter valet 2010-09-19, upphavd genom omvalet 2011-05-15)
2010;rf;Göteborgs kommun;M;12;1;13;slutresultat__1_/slutresultat_00L.xml KRETS_LANDSTING 1401 GILTIGA MANDAT, VARAV_UTJÄMNING (rostrakningen efter valet 2010-09-19, upphavd genom omvalet 2011-05-15)
2010;rf;Göteborgs kommun;MP;5;0;5;slutresultat__1_/slutresultat_00L.xml KRETS_LANDSTING 1401 GILTIGA MANDAT, VARAV_UTJÄMNING (rostrakningen efter valet 2010-09-19, upphavd genom omvalet 2011-05-15)
2010;rf;Göteborgs kommun;L;4;0;4;slutresultat__1_/slutresultat_00L.xml KRETS_LANDSTING 1401 GILTIGA MANDAT, VARAV_UTJÄMNING (rostrakningen efter valet 2010-09-19, upphavd genom omvalet 2011-05-15)
2010;rf;Göteborgs kommun;V;4;0;4;slutresultat__1_/slutresultat_00L.xml KRETS_LANDSTING 1401 GILTIGA MANDAT, VARAV_UTJÄMNING (rostrakningen efter valet 2010-09-19, upphavd genom omvalet 2011-05-15)
2010;rf;Göteborgs kommun;KD;2;0;2;slutresultat__1_/slutresultat_00L.xml KRETS_LANDSTING 1401 GILTIGA MANDAT, VARAV_UTJÄMNING (rostrakningen efter valet 2010-09-19, upphavd genom omvalet 2011-05-15)
2010;rf;Göteborgs kommun;SD;2;0;2;slutresultat__1_/slutresultat_00L.xml KRETS_LANDSTING 1401 GILTIGA MANDAT, VARAV_UTJÄMNING (rostrakningen efter valet 2010-09-19, upphavd genom omvalet 2011-05-15)
2010;rf;Göteborgs kommun;SPVG;2;0;2;slutresultat__1_/slutresultat_00L.xml KRETS_LANDSTING 1401 GILTIGA MANDAT, VARAV_UTJÄMNING (rostrakningen efter valet 2010-09-19, upphavd genom omvalet 2011-05-15)
2010;rf;Göteborgs kommun;C;1;0;1;slutresultat__1_/slutresultat_00L.xml KRETS_LANDSTING 1401 GILTIGA MANDAT, VARAV_UTJÄMNING (rostrakningen efter valet 2010-09-19, upphavd genom omvalet 2011-05-15)
2010;kf;Göteborg;S;25;0;25;slutresultat__1_/slutresultat_1480K.xml KOMMUN 1480 GILTIGA MANDAT (hela kommunen)
2010;kf;Göteborg;M;23;0;23;slutresultat__1_/slutresultat_1480K.xml KOMMUN 1480 GILTIGA MANDAT (hela kommunen)
2010;kf;Göteborg;MP;9;0;9;slutresultat__1_/slutresultat_1480K.xml KOMMUN 1480 GILTIGA MANDAT (hela kommunen)
2010;kf;Göteborg;L;7;0;7;slutresultat__1_/slutresultat_1480K.xml KOMMUN 1480 GILTIGA MANDAT (hela kommunen)
2010;kf;Göteborg;V;7;0;7;slutresultat__1_/slutresultat_1480K.xml KOMMUN 1480 GILTIGA MANDAT (hela kommunen)
2010;kf;Göteborg;VÄGV;5;0;5;slutresultat__1_/slutresultat_1480K.xml KOMMUN 1480 GILTIGA MANDAT (hela kommunen)
2010;kf;Göteborg;SD;3;0;3;slutresultat__1_/slutresultat_1480K.xml KOMMUN 1480 GILTIGA MANDAT (hela kommunen)
2010;kf;Göteborg;KD;2;0;2;slutresultat__1_/slutresultat_1480K.xml KOMMUN 1480 GILTIGA MANDAT (hela kommunen)
2010;kf;Göteborg, Centrum;M;7;0;7;mandatfordelning_per_valkrets_K.xls rad LAN 14 KOM 80 VALKRETS 3, kolumn M
2010;kf;Göteborg, Centrum;S;4;0;4;mandatfordelning_per_valkrets_K.xls rad LAN 14 KOM 80 VALKRETS 3, kolumn S
2010;kf;Göteborg, Centrum;MP;3;0;3;mandatfordelning_per_valkrets_K.xls rad LAN 14 KOM 80 VALKRETS 3, kolumn MP
2010;kf;Göteborg, Centrum;L;2;0;2;mandatfordelning_per_valkrets_K.xls rad LAN 14 KOM 80 VALKRETS 3, kolumn FP
2010;kf;Göteborg, Centrum;V;2;0;2;mandatfordelning_per_valkrets_K.xls rad LAN 14 KOM 80 VALKRETS 3, kolumn V
2010;kf;Göteborg, Centrum;VÄGV;1;0;1;mandatfordelning_per_valkrets_K.xls rad LAN 14 KOM 80 VALKRETS 3, kolumn VägV
2010;kf;Göteborg, Hisingen;S;8;0;8;mandatfordelning_per_valkrets_K.xls rad LAN 14 KOM 80 VALKRETS 1, kolumn S
2010;kf;Göteborg, Hisingen;M;5;0;5;mandatfordelning_per_valkrets_K.xls rad LAN 14 KOM 80 VALKRETS 1, kolumn M
2010;kf;Göteborg, Hisingen;L;2;0;2;mandatfordelning_per_valkrets_K.xls rad LAN 14 KOM 80 VALKRETS 1, kolumn FP
2010;kf;Göteborg, Hisingen;MP;2;0;2;mandatfordelning_per_valkrets_K.xls rad LAN 14 KOM 80 VALKRETS 1, kolumn MP
2010;kf;Göteborg, Hisingen;V;2;0;2;mandatfordelning_per_valkrets_K.xls rad LAN 14 KOM 80 VALKRETS 1, kolumn V
2010;kf;Göteborg, Hisingen;VÄGV;2;0;2;mandatfordelning_per_valkrets_K.xls rad LAN 14 KOM 80 VALKRETS 1, kolumn VägV
2010;kf;Göteborg, Hisingen;SD;1;0;1;mandatfordelning_per_valkrets_K.xls rad LAN 14 KOM 80 VALKRETS 1, kolumn SD
2010;kf;Göteborg, Väster;M;7;0;7;mandatfordelning_per_valkrets_K.xls rad LAN 14 KOM 80 VALKRETS 4, kolumn M
2010;kf;Göteborg, Väster;S;5;0;5;mandatfordelning_per_valkrets_K.xls rad LAN 14 KOM 80 VALKRETS 4, kolumn S
2010;kf;Göteborg, Väster;L;2;0;2;mandatfordelning_per_valkrets_K.xls rad LAN 14 KOM 80 VALKRETS 4, kolumn FP
2010;kf;Göteborg, Väster;MP;2;0;2;mandatfordelning_per_valkrets_K.xls rad LAN 14 KOM 80 VALKRETS 4, kolumn MP
2010;kf;Göteborg, Väster;KD;1;0;1;mandatfordelning_per_valkrets_K.xls rad LAN 14 KOM 80 VALKRETS 4, kolumn KD
2010;kf;Göteborg, Väster;SD;1;0;1;mandatfordelning_per_valkrets_K.xls rad LAN 14 KOM 80 VALKRETS 4, kolumn SD
2010;kf;Göteborg, Väster;V;1;0;1;mandatfordelning_per_valkrets_K.xls rad LAN 14 KOM 80 VALKRETS 4, kolumn V
2010;kf;Göteborg, Väster;VÄGV;1;0;1;mandatfordelning_per_valkrets_K.xls rad LAN 14 KOM 80 VALKRETS 4, kolumn VägV
2010;kf;Göteborg, Öster;S;8;0;8;mandatfordelning_per_valkrets_K.xls rad LAN 14 KOM 80 VALKRETS 2, kolumn S
2010;kf;Göteborg, Öster;M;4;0;4;mandatfordelning_per_valkrets_K.xls rad LAN 14 KOM 80 VALKRETS 2, kolumn M
2010;kf;Göteborg, Öster;MP;2;0;2;mandatfordelning_per_valkrets_K.xls rad LAN 14 KOM 80 VALKRETS 2, kolumn MP
2010;kf;Göteborg, Öster;V;2;0;2;mandatfordelning_per_valkrets_K.xls rad LAN 14 KOM 80 VALKRETS 2, kolumn V
2010;kf;Göteborg, Öster;KD;1;0;1;mandatfordelning_per_valkrets_K.xls rad LAN 14 KOM 80 VALKRETS 2, kolumn KD
2010;kf;Göteborg, Öster;L;1;0;1;mandatfordelning_per_valkrets_K.xls rad LAN 14 KOM 80 VALKRETS 2, kolumn FP
2010;kf;Göteborg, Öster;SD;1;0;1;mandatfordelning_per_valkrets_K.xls rad LAN 14 KOM 80 VALKRETS 2, kolumn SD
2010;kf;Göteborg, Öster;VÄGV;1;0;1;mandatfordelning_per_valkrets_K.xls rad LAN 14 KOM 80 VALKRETS 2, kolumn VägV
2011;rf;Göteborgs kommun;S;13;2;15;mandatfordelning_per_valkrets_L.xls rad LAN 14 VALKRETS 1 (omvalet till regionfullmaktige 2011-05-15)
2011;rf;Göteborgs kommun;M;12;2;14;mandatfordelning_per_valkrets_L.xls rad LAN 14 VALKRETS 1 (omvalet till regionfullmaktige 2011-05-15)
2011;rf;Göteborgs kommun;MP;5;1;6;mandatfordelning_per_valkrets_L.xls rad LAN 14 VALKRETS 1 (omvalet till regionfullmaktige 2011-05-15)
2011;rf;Göteborgs kommun;V;4;1;5;mandatfordelning_per_valkrets_L.xls rad LAN 14 VALKRETS 1 (omvalet till regionfullmaktige 2011-05-15)
2011;rf;Göteborgs kommun;L;4;0;4;mandatfordelning_per_valkrets_L.xls rad LAN 14 VALKRETS 1 (omvalet till regionfullmaktige 2011-05-15)
2011;rf;Göteborgs kommun;SD;3;0;3;mandatfordelning_per_valkrets_L.xls rad LAN 14 VALKRETS 1 (omvalet till regionfullmaktige 2011-05-15)
2011;rf;Göteborgs kommun;KD;2;0;2;mandatfordelning_per_valkrets_L.xls rad LAN 14 VALKRETS 1 (omvalet till regionfullmaktige 2011-05-15)
2011;rf;Göteborgs kommun;C;1;0;1;mandatfordelning_per_valkrets_L.xls rad LAN 14 VALKRETS 1 (omvalet till regionfullmaktige 2011-05-15)
2014;rd;Göteborgs kommun;M;4;0;4;mandatfordelning_per_valkrets_R.xls rad LAN 14 VALKRETS 16, kolumner <parti> och <parti> utj
2014;rd;Göteborgs kommun;S;4;0;4;mandatfordelning_per_valkrets_R.xls rad LAN 14 VALKRETS 16, kolumner <parti> och <parti> utj
2014;rd;Göteborgs kommun;MP;2;0;2;mandatfordelning_per_valkrets_R.xls rad LAN 14 VALKRETS 16, kolumner <parti> och <parti> utj
2014;rd;Göteborgs kommun;SD;2;0;2;mandatfordelning_per_valkrets_R.xls rad LAN 14 VALKRETS 16, kolumner <parti> och <parti> utj
2014;rd;Göteborgs kommun;V;2;0;2;mandatfordelning_per_valkrets_R.xls rad LAN 14 VALKRETS 16, kolumner <parti> och <parti> utj
2014;rd;Göteborgs kommun;C;1;0;1;mandatfordelning_per_valkrets_R.xls rad LAN 14 VALKRETS 16, kolumner <parti> och <parti> utj
2014;rd;Göteborgs kommun;KD;1;0;1;mandatfordelning_per_valkrets_R.xls rad LAN 14 VALKRETS 16, kolumner <parti> och <parti> utj
2014;rd;Göteborgs kommun;L;1;0;1;mandatfordelning_per_valkrets_R.xls rad LAN 14 VALKRETS 16, kolumner <parti> och <parti> utj
2014;rf;Göteborgs kommun;S;11;1;12;slutresultat/slutresultat_00L.xml KRETS_LANDSTING 1401 GILTIGA MANDAT, VARAV_UTJÄMNING
2014;rf;Göteborgs kommun;M;11;0;11;slutresultat/slutresultat_00L.xml KRETS_LANDSTING 1401 GILTIGA MANDAT, VARAV_UTJÄMNING
2014;rf;Göteborgs kommun;MP;6;0;6;slutresultat/slutresultat_00L.xml KRETS_LANDSTING 1401 GILTIGA MANDAT, VARAV_UTJÄMNING
2014;rf;Göteborgs kommun;V;6;0;6;slutresultat/slutresultat_00L.xml KRETS_LANDSTING 1401 GILTIGA MANDAT, VARAV_UTJÄMNING
2014;rf;Göteborgs kommun;L;4;0;4;slutresultat/slutresultat_00L.xml KRETS_LANDSTING 1401 GILTIGA MANDAT, VARAV_UTJÄMNING
2014;rf;Göteborgs kommun;SD;3;0;3;slutresultat/slutresultat_00L.xml KRETS_LANDSTING 1401 GILTIGA MANDAT, VARAV_UTJÄMNING
2014;rf;Göteborgs kommun;C;1;1;2;slutresultat/slutresultat_00L.xml KRETS_LANDSTING 1401 GILTIGA MANDAT, VARAV_UTJÄMNING
2014;rf;Göteborgs kommun;KD;2;0;2;slutresultat/slutresultat_00L.xml KRETS_LANDSTING 1401 GILTIGA MANDAT, VARAV_UTJÄMNING
2014;kf;Göteborg;M;20;0;20;slutresultat/slutresultat_1480K.xml KOMMUN 1480 GILTIGA MANDAT (hela kommunen)
2014;kf;Göteborg;S;20;0;20;slutresultat/slutresultat_1480K.xml KOMMUN 1480 GILTIGA MANDAT (hela kommunen)
2014;kf;Göteborg;MP;9;0;9;slutresultat/slutresultat_1480K.xml KOMMUN 1480 GILTIGA MANDAT (hela kommunen)
2014;kf;Göteborg;V;8;0;8;slutresultat/slutresultat_1480K.xml KOMMUN 1480 GILTIGA MANDAT (hela kommunen)
2014;kf;Göteborg;L;7;0;7;slutresultat/slutresultat_1480K.xml KOMMUN 1480 GILTIGA MANDAT (hela kommunen)
2014;kf;Göteborg;SD;6;0;6;slutresultat/slutresultat_1480K.xml KOMMUN 1480 GILTIGA MANDAT (hela kommunen)
2014;kf;Göteborg;VÄGV;5;0;5;slutresultat/slutresultat_1480K.xml KOMMUN 1480 GILTIGA MANDAT (hela kommunen)
2014;kf;Göteborg;FI;3;0;3;slutresultat/slutresultat_1480K.xml KOMMUN 1480 GILTIGA MANDAT (hela kommunen)
2014;kf;Göteborg;KD;3;0;3;slutresultat/slutresultat_1480K.xml KOMMUN 1480 GILTIGA MANDAT (hela kommunen)
2014;kf;Göteborg, Centrum;M;5;0;5;slutresultat/slutresultat_1480K.xml KRETS_KOMMUN 148003 GILTIGA MANDAT
2014;kf;Göteborg, Centrum;MP;3;0;3;slutresultat/slutresultat_1480K.xml KRETS_KOMMUN 148003 GILTIGA MANDAT
2014;kf;Göteborg, Centrum;S;3;0;3;slutresultat/slutresultat_1480K.xml KRETS_KOMMUN 148003 GILTIGA MANDAT
2014;kf;Göteborg, Centrum;L;2;0;2;slutresultat/slutresultat_1480K.xml KRETS_KOMMUN 148003 GILTIGA MANDAT
2014;kf;Göteborg, Centrum;V;2;0;2;slutresultat/slutresultat_1480K.xml KRETS_KOMMUN 148003 GILTIGA MANDAT
2014;kf;Göteborg, Centrum;FI;1;0;1;slutresultat/slutresultat_1480K.xml KRETS_KOMMUN 148003 GILTIGA MANDAT
2014;kf;Göteborg, Centrum;KD;1;0;1;slutresultat/slutresultat_1480K.xml KRETS_KOMMUN 148003 GILTIGA MANDAT
2014;kf;Göteborg, Centrum;SD;1;0;1;slutresultat/slutresultat_1480K.xml KRETS_KOMMUN 148003 GILTIGA MANDAT
2014;kf;Göteborg, Centrum;VÄGV;1;0;1;slutresultat/slutresultat_1480K.xml KRETS_KOMMUN 148003 GILTIGA MANDAT
2014;kf;Göteborg, Hisingen;S;6;0;6;slutresultat/slutresultat_1480K.xml KRETS_KOMMUN 148001 GILTIGA MANDAT
2014;kf;Göteborg, Hisingen;M;5;0;5;slutresultat/slutresultat_1480K.xml KRETS_KOMMUN 148001 GILTIGA MANDAT
2014;kf;Göteborg, Hisingen;L;2;0;2;slutresultat/slutresultat_1480K.xml KRETS_KOMMUN 148001 GILTIGA MANDAT
2014;kf;Göteborg, Hisingen;MP;2;0;2;slutresultat/slutresultat_1480K.xml KRETS_KOMMUN 148001 GILTIGA MANDAT
2014;kf;Göteborg, Hisingen;SD;2;0;2;slutresultat/slutresultat_1480K.xml KRETS_KOMMUN 148001 GILTIGA MANDAT
2014;kf;Göteborg, Hisingen;V;2;0;2;slutresultat/slutresultat_1480K.xml KRETS_KOMMUN 148001 GILTIGA MANDAT
2014;kf;Göteborg, Hisingen;VÄGV;2;0;2;slutresultat/slutresultat_1480K.xml KRETS_KOMMUN 148001 GILTIGA MANDAT
2014;kf;Göteborg, Hisingen;KD;1;0;1;slutresultat/slutresultat_1480K.xml KRETS_KOMMUN 148001 GILTIGA MANDAT
2014;kf;Göteborg, Väster;M;6;0;6;slutresultat/slutresultat_1480K.xml KRETS_KOMMUN 148004 GILTIGA MANDAT
2014;kf;Göteborg, Väster;S;4;0;4;slutresultat/slutresultat_1480K.xml KRETS_KOMMUN 148004 GILTIGA MANDAT
2014;kf;Göteborg, Väster;L;2;0;2;slutresultat/slutresultat_1480K.xml KRETS_KOMMUN 148004 GILTIGA MANDAT
2014;kf;Göteborg, Väster;MP;2;0;2;slutresultat/slutresultat_1480K.xml KRETS_KOMMUN 148004 GILTIGA MANDAT
2014;kf;Göteborg, Väster;V;2;0;2;slutresultat/slutresultat_1480K.xml KRETS_KOMMUN 148004 GILTIGA MANDAT
2014;kf;Göteborg, Väster;FI;1;0;1;slutresultat/slutresultat_1480K.xml KRETS_KOMMUN 148004 GILTIGA MANDAT
2014;kf;Göteborg, Väster;KD;1;0;1;slutresultat/slutresultat_1480K.xml KRETS_KOMMUN 148004 GILTIGA MANDAT
2014;kf;Göteborg, Väster;SD;1;0;1;slutresultat/slutresultat_1480K.xml KRETS_KOMMUN 148004 GILTIGA MANDAT
2014;kf;Göteborg, Väster;VÄGV;1;0;1;slutresultat/slutresultat_1480K.xml KRETS_KOMMUN 148004 GILTIGA MANDAT
2014;kf;Göteborg, Öster;S;7;0;7;slutresultat/slutresultat_1480K.xml KRETS_KOMMUN 148002 GILTIGA MANDAT
2014;kf;Göteborg, Öster;M;4;0;4;slutresultat/slutresultat_1480K.xml KRETS_KOMMUN 148002 GILTIGA MANDAT
2014;kf;Göteborg, Öster;MP;2;0;2;slutresultat/slutresultat_1480K.xml KRETS_KOMMUN 148002 GILTIGA MANDAT
2014;kf;Göteborg, Öster;SD;2;0;2;slutresultat/slutresultat_1480K.xml KRETS_KOMMUN 148002 GILTIGA MANDAT
2014;kf;Göteborg, Öster;V;2;0;2;slutresultat/slutresultat_1480K.xml KRETS_KOMMUN 148002 GILTIGA MANDAT
2014;kf;Göteborg, Öster;FI;1;0;1;slutresultat/slutresultat_1480K.xml KRETS_KOMMUN 148002 GILTIGA MANDAT
2014;kf;Göteborg, Öster;L;1;0;1;slutresultat/slutresultat_1480K.xml KRETS_KOMMUN 148002 GILTIGA MANDAT
2014;kf;Göteborg, Öster;VÄGV;1;0;1;slutresultat/slutresultat_1480K.xml KRETS_KOMMUN 148002 GILTIGA MANDAT
2018;rd;Göteborgs kommun;M;4;0;4;2018_mandat.xlsx flik Mandatfördelning, VALTYP R VALKRETSKOD 16, kolumner FASTA MANDAT, UTJÄMNINGSMANDAT, SUMMA MANDAT
2018;rd;Göteborgs kommun;S;4;0;4;2018_mandat.xlsx flik Mandatfördelning, VALTYP R VALKRETSKOD 16, kolumner FASTA MANDAT, UTJÄMNINGSMANDAT, SUMMA MANDAT
2018;rd;Göteborgs kommun;V;3;0;3;2018_mandat.xlsx flik Mandatfördelning, VALTYP R VALKRETSKOD 16, kolumner FASTA MANDAT, UTJÄMNINGSMANDAT, SUMMA MANDAT
2018;rd;Göteborgs kommun;L;1;1;2;2018_mandat.xlsx flik Mandatfördelning, VALTYP R VALKRETSKOD 16, kolumner FASTA MANDAT, UTJÄMNINGSMANDAT, SUMMA MANDAT
2018;rd;Göteborgs kommun;MP;1;1;2;2018_mandat.xlsx flik Mandatfördelning, VALTYP R VALKRETSKOD 16, kolumner FASTA MANDAT, UTJÄMNINGSMANDAT, SUMMA MANDAT
2018;rd;Göteborgs kommun;SD;2;0;2;2018_mandat.xlsx flik Mandatfördelning, VALTYP R VALKRETSKOD 16, kolumner FASTA MANDAT, UTJÄMNINGSMANDAT, SUMMA MANDAT
2018;rd;Göteborgs kommun;C;1;0;1;2018_mandat.xlsx flik Mandatfördelning, VALTYP R VALKRETSKOD 16, kolumner FASTA MANDAT, UTJÄMNINGSMANDAT, SUMMA MANDAT
2018;rd;Göteborgs kommun;KD;1;0;1;2018_mandat.xlsx flik Mandatfördelning, VALTYP R VALKRETSKOD 16, kolumner FASTA MANDAT, UTJÄMNINGSMANDAT, SUMMA MANDAT
2018;rf;Göteborgs kommun;S;11;0;11;2018_mandat.xlsx flik Mandatfördelning, VALTYP L VALOMRÅDE Västra Götalands läns landsting VALKRETSKOD 1
2018;rf;Göteborgs kommun;M;8;0;8;2018_mandat.xlsx flik Mandatfördelning, VALTYP L VALOMRÅDE Västra Götalands läns landsting VALKRETSKOD 1
2018;rf;Göteborgs kommun;V;7;0;7;2018_mandat.xlsx flik Mandatfördelning, VALTYP L VALOMRÅDE Västra Götalands läns landsting VALKRETSKOD 1
2018;rf;Göteborgs kommun;SD;4;1;5;2018_mandat.xlsx flik Mandatfördelning, VALTYP L VALOMRÅDE Västra Götalands läns landsting VALKRETSKOD 1
2018;rf;Göteborgs kommun;D;4;0;4;2018_mandat.xlsx flik Mandatfördelning, VALTYP L VALOMRÅDE Västra Götalands läns landsting VALKRETSKOD 1
2018;rf;Göteborgs kommun;L;4;0;4;2018_mandat.xlsx flik Mandatfördelning, VALTYP L VALOMRÅDE Västra Götalands läns landsting VALKRETSKOD 1
2018;rf;Göteborgs kommun;C;2;1;3;2018_mandat.xlsx flik Mandatfördelning, VALTYP L VALOMRÅDE Västra Götalands läns landsting VALKRETSKOD 1
2018;rf;Göteborgs kommun;MP;3;0;3;2018_mandat.xlsx flik Mandatfördelning, VALTYP L VALOMRÅDE Västra Götalands läns landsting VALKRETSKOD 1
2018;rf;Göteborgs kommun;KD;2;0;2;2018_mandat.xlsx flik Mandatfördelning, VALTYP L VALOMRÅDE Västra Götalands läns landsting VALKRETSKOD 1
2018;kf;Göteborg;S;17;0;17;2018_mandat.xlsx flik Mandatfördelning, VALTYP K VALOMRÅDE Göteborg VALKRETSKOD 0
2018;kf;Göteborg;D;14;0;14;2018_mandat.xlsx flik Mandatfördelning, VALTYP K VALOMRÅDE Göteborg VALKRETSKOD 0
2018;kf;Göteborg;M;12;0;12;2018_mandat.xlsx flik Mandatfördelning, VALTYP K VALOMRÅDE Göteborg VALKRETSKOD 0
2018;kf;Göteborg;V;11;0;11;2018_mandat.xlsx flik Mandatfördelning, VALTYP K VALOMRÅDE Göteborg VALKRETSKOD 0
2018;kf;Göteborg;SD;7;0;7;2018_mandat.xlsx flik Mandatfördelning, VALTYP K VALOMRÅDE Göteborg VALKRETSKOD 0
2018;kf;Göteborg;L;6;0;6;2018_mandat.xlsx flik Mandatfördelning, VALTYP K VALOMRÅDE Göteborg VALKRETSKOD 0
2018;kf;Göteborg;MP;6;0;6;2018_mandat.xlsx flik Mandatfördelning, VALTYP K VALOMRÅDE Göteborg VALKRETSKOD 0
2018;kf;Göteborg;C;3;0;3;2018_mandat.xlsx flik Mandatfördelning, VALTYP K VALOMRÅDE Göteborg VALKRETSKOD 0
2018;kf;Göteborg;KD;3;0;3;2018_mandat.xlsx flik Mandatfördelning, VALTYP K VALOMRÅDE Göteborg VALKRETSKOD 0
2018;kf;Göteborg;FI;2;0;2;2018_mandat.xlsx flik Mandatfördelning, VALTYP K VALOMRÅDE Göteborg VALKRETSKOD 0
2022;rd;Göteborgs kommun;S;;;5;slutligt-valresultat-riksdagen-jamforande-statistik-2018-2022.xlsx flik Valkrets, block Göteborgs kommun, kolumn Mandat 2022 (fasta/utjamning saknas, filens kolumn Mandat 2018 avviker fran 2018_mandat.xlsx for SD)
2022;rd;Göteborgs kommun;M;;;3;slutligt-valresultat-riksdagen-jamforande-statistik-2018-2022.xlsx flik Valkrets, block Göteborgs kommun, kolumn Mandat 2022 (fasta/utjamning saknas, filens kolumn Mandat 2018 avviker fran 2018_mandat.xlsx for SD)
2022;rd;Göteborgs kommun;SD;;;3;slutligt-valresultat-riksdagen-jamforande-statistik-2018-2022.xlsx flik Valkrets, block Göteborgs kommun, kolumn Mandat 2022 (fasta/utjamning saknas, filens kolumn Mandat 2018 avviker fran 2018_mandat.xlsx for SD)
2022;rd;Göteborgs kommun;MP;;;2;slutligt-valresultat-riksdagen-jamforande-statistik-2018-2022.xlsx flik Valkrets, block Göteborgs kommun, kolumn Mandat 2022 (fasta/utjamning saknas, filens kolumn Mandat 2018 avviker fran 2018_mandat.xlsx for SD)
2022;rd;Göteborgs kommun;V;;;2;slutligt-valresultat-riksdagen-jamforande-statistik-2018-2022.xlsx flik Valkrets, block Göteborgs kommun, kolumn Mandat 2022 (fasta/utjamning saknas, filens kolumn Mandat 2018 avviker fran 2018_mandat.xlsx for SD)
2022;rd;Göteborgs kommun;C;;;1;slutligt-valresultat-riksdagen-jamforande-statistik-2018-2022.xlsx flik Valkrets, block Göteborgs kommun, kolumn Mandat 2022 (fasta/utjamning saknas, filens kolumn Mandat 2018 avviker fran 2018_mandat.xlsx for SD)
2022;rd;Göteborgs kommun;KD;;;1;slutligt-valresultat-riksdagen-jamforande-statistik-2018-2022.xlsx flik Valkrets, block Göteborgs kommun, kolumn Mandat 2022 (fasta/utjamning saknas, filens kolumn Mandat 2018 avviker fran 2018_mandat.xlsx for SD)
2022;rd;Göteborgs kommun;L;;;1;slutligt-valresultat-riksdagen-jamforande-statistik-2018-2022.xlsx flik Valkrets, block Göteborgs kommun, kolumn Mandat 2022 (fasta/utjamning saknas, filens kolumn Mandat 2018 avviker fran 2018_mandat.xlsx for SD)
2022;kf;Göteborg;S;22;0;22;Mandatfordelning-jamforelser-mellan-2018-och-2022.xlsx flik Kommun, block Göteborg, kolumn 2022
2022;kf;Göteborg;M;15;0;15;Mandatfordelning-jamforelser-mellan-2018-och-2022.xlsx flik Kommun, block Göteborg, kolumn 2022
2022;kf;Göteborg;V;13;0;13;Mandatfordelning-jamforelser-mellan-2018-och-2022.xlsx flik Kommun, block Göteborg, kolumn 2022
2022;kf;Göteborg;SD;9;0;9;Mandatfordelning-jamforelser-mellan-2018-och-2022.xlsx flik Kommun, block Göteborg, kolumn 2022
2022;kf;Göteborg;D;5;0;5;Mandatfordelning-jamforelser-mellan-2018-och-2022.xlsx flik Kommun, block Göteborg, kolumn 2022
2022;kf;Göteborg;L;5;0;5;Mandatfordelning-jamforelser-mellan-2018-och-2022.xlsx flik Kommun, block Göteborg, kolumn 2022
2022;kf;Göteborg;MP;5;0;5;Mandatfordelning-jamforelser-mellan-2018-och-2022.xlsx flik Kommun, block Göteborg, kolumn 2022
2022;kf;Göteborg;KD;4;0;4;Mandatfordelning-jamforelser-mellan-2018-och-2022.xlsx flik Kommun, block Göteborg, kolumn 2022
2022;kf;Göteborg;C;3;0;3;Mandatfordelning-jamforelser-mellan-2018-och-2022.xlsx flik Kommun, block Göteborg, kolumn 2022
