kod_2018;kod_2022;procent;jamforbart;namn_2018;namn_2022;avvikelse;kalla_fil
;14800101;;nej;;Nordöstra Göteborg Bergum;;jamforelser-2018-och-2022-valdistrikt-och-uppsamlingsdistrikt-v2.xlsx
;14800102;;nej;;Nordöstra Göteborg Olofstorp;;jamforelser-2018-och-2022-valdistrikt-och-uppsamlingsdistrikt-v2.xlsx
;14800103;;nej;;Nordöstra Göteborg Björsared;;jamforelser-2018-och-2022-valdistrikt-och-uppsamlingsdistrikt-v2.xlsx
;14800104;;nej;;Nordöstra Göteborg Gunnilse;;jamforelser-2018-och-2022-valdistrikt-och-uppsamlingsdistrikt-v2.xlsx
;14800105;;nej;;Nordöstra Göteborg Linnarhult;;jamforelser-2018-och-2022-valdistrikt-och-uppsamlingsdistrikt-v2.xlsx
;14800106;;nej;;Nordöstra Göteborg Angereds Centrum;;jamforelser-2018-och-2022-valdistrikt-och-uppsamlingsdistrikt-v2.xlsx
;14800107;;nej;;Nordöstra Göteborg Storås;;jamforelser-2018-och-2022-valdistrikt-och-uppsamlingsdistrikt-v2.xlsx
;14800108;;nej;;Nordöstra Göteborg Eriksbo Östra;;jamforelser-2018-och-2022-valdistrikt-och-uppsamlingsdistrikt-v2.xlsx
;14800109;;nej;;Nordöstra Göteborg Hammarkullen C;;jamforelser-2018-och-2022-valdistrikt-och-uppsamlingsdistrikt-v2.xlsx
;14800110;;nej;;Nordöstra Göteborg Hammarkullen Ö;;jamforelser-2018-och-2022-valdistrikt-och-uppsamlingsdistrikt-v2.xlsx
;14800111;;nej;;Nordöstra Göteborg, Sandeslätt;;jamforelser-2018-och-2022-valdistrikt-och-uppsamlingsdistrikt-v2.xlsx
;14800112;;nej;;Nordöstra Göteborg, Hammarkullen V;;jamforelser-2018-och-2022-valdistrikt-och-uppsamlingsdistrikt-v2.xlsx
;14800113;;nej;;Nordöstra Göteborg, Eriksbo Västra;;jamforelser-2018-och-2022-valdistrikt-och-uppsamlingsdistrikt-v2.xlsx
;14800114;;nej;;Nordöstra Göteborg, Bläsebo;;jamforelser-2018-och-2022-valdistrikt-och-uppsamlingsdistrikt-v2.xlsx
;14800115;;nej;;Nordöstra Göteborg, Hjällbo Norra;;jamforelser-2018-och-2022-valdistrikt-och-uppsamlingsdistrikt-v2.xlsx
;14800116;;nej;;Nordöstra Göteborg, Skolspåret;;jamforelser-2018-och-2022-valdistrikt-och-uppsamlingsdistrikt-v2.xlsx
;14800117;;nej;;Nordöstra Göteborg, Hjällbo Södra;;jamforelser-2018-och-2022-valdistrikt-och-uppsamlingsdistrikt-v2.xlsx
;14800118;;nej;;Nordöstra Göteborg, Agnesberg;;jamforelser-2018-och-2022-valdistrikt-och-uppsamlingsdistrikt-v2.xlsx
;14800119;;nej;;Nordöstra Göteborg, Gårdsten Västra;;jamforelser-2018-och-2022-valdistrikt-och-uppsamlingsdistrikt-v2.xlsx
;14800120;;nej;;Nordöstra Göteborg, Gårdsten Södra;;jamforelser-2018-och-2022-valdistrikt-och-uppsamlingsdistrikt-v2.xlsx
;14800121;;nej;;Nordöstra Göteborg, Gårdsten Centrum;;jamforelser-2018-och-2022-valdistrikt-och-uppsamlingsdistrikt-v2.xlsx
;14800122;;nej;;Nordöstra Göteborg, Gårdsten Östra;;jamforelser-2018-och-2022-valdistrikt-och-uppsamlingsdistrikt-v2.xlsx
;14800123;;nej;;Nordöstra Göteborg Gårdstensdalen;;jamforelser-2018-och-2022-valdistrikt-och-uppsamlingsdistrikt-v2.xlsx
;14800124;;nej;;Nordöstra Göteborg Gårdsten Norra;;jamforelser-2018-och-2022-valdistrikt-och-uppsamlingsdistrikt-v2.xlsx
;14800125;;nej;;Nordöstra Göteborg Lövgärdet C;;jamforelser-2018-och-2022-valdistrikt-och-uppsamlingsdistrikt-v2.xlsx
;14800126;;nej;;Nordöstra Göteborg Senapsgatan m fl;;jamforelser-2018-och-2022-valdistrikt-och-uppsamlingsdistrikt-v2.xlsx
;14800127;;nej;;Nordöstra Göteborg Mejramgatan m fl;;jamforelser-2018-och-2022-valdistrikt-och-uppsamlingsdistrikt-v2.xlsx
;14800128;;nej;;Nordöstra Göteborg Lövgärdet Övre;;jamforelser-2018-och-2022-valdistrikt-och-uppsamlingsdistrikt-v2.xlsx
;14800129;;nej;;Nordöstra Göteborg Lövgärdet Nedre;;jamforelser-2018-och-2022-valdistrikt-och-uppsamlingsdistrikt-v2.xlsx
;14800130;;nej;;Nordöstra Göteborg Trädgårdsgärdet;;jamforelser-2018-och-2022-valdistrikt-och-uppsamlingsdistrikt-v2.xlsx
;14800131;;nej;;Nordöstra Göteborg Titteridamm;;jamforelser-2018-och-2022-valdistrikt-och-uppsamlingsdistrikt-v2.xlsx
;14800132;;nej;;Nordöstra Göteborg Rannebergen S;;jamforelser-2018-och-2022-valdistrikt-och-uppsamlingsdistrikt-v2.xlsx
;14800133;;nej;;Nordöstra Göteborg Rannebergen C;;jamforelser-2018-och-2022-valdistrikt-och-uppsamlingsdistrikt-v2.xlsx
;14800134;;nej;;Nordöstra Göteborg Rannebergen N;;jamforelser-2018-och-2022-valdistrikt-och-uppsamlingsdistrikt-v2.xlsx
;14800201;;nej;;Östra Göteborg Rymdtorget;;jamforelser-2018-och-2022-valdistrikt-och-uppsamlingsdistrikt-v2.xlsx
;14800202;;nej;;Östra Göteborg Gärdsmosse;;jamforelser-2018-och-2022-valdistrikt-och-uppsamlingsdistrikt-v2.xlsx
;14800203;;nej;;Östra Göteborg Tellusgatan m fl;;jamforelser-2018-och-2022-valdistrikt-och-uppsamlingsdistrikt-v2.xlsx
;14800204;;nej;;Östra Göteborg Bergsjön Östra;;jamforelser-2018-och-2022-valdistrikt-och-uppsamlingsdistrikt-v2.xlsx
14803051;14800205;;ja;Östra Göteborg, Bergsjön, Norra;Östra Göteborg Bergsjön Norra;2018-kod i kolumnen Jämförbart i källan;jamforelser-2018-och-2022-valdistrikt-och-uppsamlingsdistrikt-v2.xlsx
;14800206;;nej;;Östra Göteborg Siriusgatan Östra;;jamforelser-2018-och-2022-valdistrikt-och-uppsamlingsdistrikt-v2.xlsx
;14800207;;nej;;Östra Göteborg Siriusgatan Västra;;jamforelser-2018-och-2022-valdistrikt-och-uppsamlingsdistrikt-v2.xlsx
14803053;14800208;;ja;Östra Göteborg, Gärdsås;Östra Göteborg Gärdsås;2018-kod i kolumnen Jämförbart i källan;jamforelser-2018-och-2022-valdistrikt-och-uppsamlingsdistrikt-v2.xlsx
;14800209;;nej;;Östra Göteborg Bergsjön Södra;;jamforelser-2018-och-2022-valdistrikt-och-uppsamlingsdistrikt-v2.xlsx
;14800210;;nej;;Östra Göteborg Komettorget;;jamforelser-2018-och-2022-valdistrikt-och-uppsamlingsdistrikt-v2.xlsx
;14800211;;nej;;Östra Göteborg Zenitgatan m fl;;jamforelser-2018-och-2022-valdistrikt-och-uppsamlingsdistrikt-v2.xlsx
;14800212;;nej;;Östra Göteborg Fjällbo;;jamforelser-2018-och-2022-valdistrikt-och-uppsamlingsdistrikt-v2.xlsx
;14800213;;nej;;Östra Göteborg Utbynäs;;jamforelser-2018-och-2022-valdistrikt-och-uppsamlingsdistrikt-v2.xlsx
;14800214;;nej;;Östra Göteborg Utby;;jamforelser-2018-och-2022-valdistrikt-och-uppsamlingsdistrikt-v2.xlsx
;14800215;;nej;;Östra Göteborg Kamgatan m fl;;jamforelser-2018-och-2022-valdistrikt-och-uppsamlingsdistrikt-v2.xlsx
;14800216;;nej;;Östra Göteborg Kviberg Östra;;jamforelser-2018-och-2022-valdistrikt-och-uppsamlingsdistrikt-v2.xlsx
;14800217;;nej;;Östra Göteborg Kvibergsnäs;;jamforelser-2018-och-2022-valdistrikt-och-uppsamlingsdistrikt-v2.xlsx
;14800218;;nej;;Östra Göteborg Bellevue Park;;jamforelser-2018-och-2022-valdistrikt-och-uppsamlingsdistrikt-v2.xlsx
;14800219;;nej;;Östra Göteborg Bellevue;;jamforelser-2018-och-2022-valdistrikt-och-uppsamlingsdistrikt-v2.xlsx
;14800220;;nej;;Östra Göteborg Gamlestaden Norra;;jamforelser-2018-och-2022-valdistrikt-och-uppsamlingsdistrikt-v2.xlsx
14803014;14800221;;ja;Östra Göteborg, Gamlestaden, Södra;Östra Göteborg Gamlestaden Södra;2018-kod i kolumnen Jämförbart i källan;jamforelser-2018-och-2022-valdistrikt-och-uppsamlingsdistrikt-v2.xlsx
14803017;14800222;;ja;Östra Göteborg, Nylöse;Östra Göteborg Nylöse;2018-kod i kolumnen Jämförbart i källan;jamforelser-2018-och-2022-valdistrikt-och-uppsamlingsdistrikt-v2.xlsx
;14800223;;nej;;Östra Göteborg Kviberg Västra;;jamforelser-2018-och-2022-valdistrikt-och-uppsamlingsdistrikt-v2.xlsx
;14800224;;nej;;Östra Göteborg Kortedala Södra;;jamforelser-2018-och-2022-valdistrikt-och-uppsamlingsdistrikt-v2.xlsx
;14800225;;nej;;Östra Göteborg Månadsparken;;jamforelser-2018-och-2022-valdistrikt-och-uppsamlingsdistrikt-v2.xlsx
;14800226;;nej;;Östra Göteborg Gregorianska G. m fl;;jamforelser-2018-och-2022-valdistrikt-och-uppsamlingsdistrikt-v2.xlsx
;14800227;;nej;;Östra Göteborg Kortedala Västra;;jamforelser-2018-och-2022-valdistrikt-och-uppsamlingsdistrikt-v2.xlsx
;14800228;;nej;;Östra Göteborg Kortedala Torg;;jamforelser-2018-och-2022-valdistrikt-och-uppsamlingsdistrikt-v2.xlsx
;14800229;;nej;;Östra Göteborg Förstamajgatan m fl;;jamforelser-2018-och-2022-valdistrikt-och-uppsamlingsdistrikt-v2.xlsx
;14800230;;nej;;Östra Göteborg Kortedala Östra;;jamforelser-2018-och-2022-valdistrikt-och-uppsamlingsdistrikt-v2.xlsx
;14800231;;nej;;Östra Göteborg Månadsgatorna m fl;;jamforelser-2018-och-2022-valdistrikt-och-uppsamlingsdistrikt-v2.xlsx
;14800232;;nej;;Östra Göteborg Adventsparken Östra;;jamforelser-2018-och-2022-valdistrikt-och-uppsamlingsdistrikt-v2.xlsx
;14800233;;nej;;Östra Göteborg Adventsparken Västra;;jamforelser-2018-och-2022-valdistrikt-och-uppsamlingsdistrikt-v2.xlsx
;14800234;;nej;;Östra Göteborg Söndagsgatan m fl;;jamforelser-2018-och-2022-valdistrikt-och-uppsamlingsdistrikt-v2.xlsx
14803043;14800235;;ja;Östra Göteborg, Kortedala, Norra;Östra Göteborg Kortedala Norra;2018-kod i kolumnen Jämförbart i källan;jamforelser-2018-och-2022-valdistrikt-och-uppsamlingsdistrikt-v2.xlsx
;14800301;;nej;;Östra Centrum Fräntorp;;jamforelser-2018-och-2022-valdistrikt-och-uppsamlingsdistrikt-v2.xlsx
;14800302;;nej;;Östra Centrum Vidkärr;;jamforelser-2018-och-2022-valdistrikt-och-uppsamlingsdistrikt-v2.xlsx
14802105;14800303;;ja;Örgryte-Härlanda, Munkebäck, Norra;Östra Centrum Munkebäck Norra;2018-kod i kolumnen Jämförbart i källan;jamforelser-2018-och-2022-valdistrikt-och-uppsamlingsdistrikt-v2.xlsx
;14800304;;nej;;Östra Centrum Munkebäck Södra;;jamforelser-2018-och-2022-valdistrikt-och-uppsamlingsdistrikt-v2.xlsx
;14800305;;nej;;Östra Centrum Kålltorp Norra;;jamforelser-2018-och-2022-valdistrikt-och-uppsamlingsdistrikt-v2.xlsx
;14800306;;nej;;Östra Centrum Torpa;;jamforelser-2018-och-2022-valdistrikt-och-uppsamlingsdistrikt-v2.xlsx
;14800307;;nej;;Östra Centrum Björkekärr Norra;;jamforelser-2018-och-2022-valdistrikt-och-uppsamlingsdistrikt-v2.xlsx
;14800308;;nej;;Östra Centrum Smörslätten;;jamforelser-2018-och-2022-valdistrikt-och-uppsamlingsdistrikt-v2.xlsx
;14800309;;nej;;Östra Centrum Björkekärr Östra;;jamforelser-2018-och-2022-valdistrikt-och-uppsamlingsdistrikt-v2.xlsx
;14800310;;nej;;Östra Centrum Robertshöjd m fl;;jamforelser-2018-och-2022-valdistrikt-och-uppsamlingsdistrikt-v2.xlsx
;14800311;;nej;;Östra Centrum Björkekärr Västra;;jamforelser-2018-och-2022-valdistrikt-och-uppsamlingsdistrikt-v2.xlsx
;14800312;;nej;;Östra Centrum Kålltorp Östra;;jamforelser-2018-och-2022-valdistrikt-och-uppsamlingsdistrikt-v2.xlsx
;14800313;;nej;;Östra Centrum Solrosparken;;jamforelser-2018-och-2022-valdistrikt-och-uppsamlingsdistrikt-v2.xlsx
;14800314;;nej;;Östra Centrum Kålltorp Västra;;jamforelser-2018-och-2022-valdistrikt-och-uppsamlingsdistrikt-v2.xlsx
;14800315;;nej;;Östra Centrum Kålltorp Södra;;jamforelser-2018-och-2022-valdistrikt-och-uppsamlingsdistrikt-v2.xlsx
;14800316;;nej;;Östra Centrum Björkekärr Södra;;jamforelser-2018-och-2022-valdistrikt-och-uppsamlingsdistrikt-v2.xlsx
14802043;14800317;;ja;Örgryte-Härlanda, Kallebäck, Östra;Östra Centrum Kallebäck Östra;2018-kod i kolumnen Jämförbart i källan;jamforelser-2018-och-2022-valdistrikt-och-uppsamlingsdistrikt-v2.xlsx
;14800318;;nej;;Östra Centrum Kallebäck Västra;;jamforelser-2018-och-2022-valdistrikt-och-uppsamlingsdistrikt-v2.xlsx
;14800319;;nej;;Östra Centrum Kallebäck Norra;;jamforelser-2018-och-2022-valdistrikt-och-uppsamlingsdistrikt-v2.xlsx
14802053;14800320;;ja;Örgryte-Härlanda, Skår, Södra;Östra Centrum Skår Södra;2018-kod i kolumnen Jämförbart i källan;jamforelser-2018-och-2022-valdistrikt-och-uppsamlingsdistrikt-v2.xlsx
;14800321;;nej;;Östra Centrum Jakobsdal;;jamforelser-2018-och-2022-valdistrikt-och-uppsamlingsdistrikt-v2.xlsx
;14800322;;nej;;Östra Centrum Skår Norra;;jamforelser-2018-och-2022-valdistrikt-och-uppsamlingsdistrikt-v2.xlsx
;14800323;;nej;;Östra Centrum Stora Torp;;jamforelser-2018-och-2022-valdistrikt-och-uppsamlingsdistrikt-v2.xlsx
;14800324;;nej;;Östra Centrum Lilla Torp;;jamforelser-2018-och-2022-valdistrikt-och-uppsamlingsdistrikt-v2.xlsx
;14800325;;nej;;Östra Centrum Bö;;jamforelser-2018-och-2022-valdistrikt-och-uppsamlingsdistrikt-v2.xlsx
;14800326;;nej;;Östra Centrum Örgryte;;jamforelser-2018-och-2022-valdistrikt-och-uppsamlingsdistrikt-v2.xlsx
;14800327;;nej;;Östra Centrum Prästgårdsängen m fl;;jamforelser-2018-och-2022-valdistrikt-och-uppsamlingsdistrikt-v2.xlsx
;14800328;;nej;;Östra Centrum Kärralund Södra;;jamforelser-2018-och-2022-valdistrikt-och-uppsamlingsdistrikt-v2.xlsx
;14800329;;nej;;Östra Centrum Kärralund Norra;;jamforelser-2018-och-2022-valdistrikt-och-uppsamlingsdistrikt-v2.xlsx
;14800330;;nej;;Östra Centrum Härlanda;;jamforelser-2018-och-2022-valdistrikt-och-uppsamlingsdistrikt-v2.xlsx
14802085;14800331;;ja;Örgryte-Härlanda, Lunden, Nya;Östra Centrum Lunden Nya;2018-kod i kolumnen Jämförbart i källan;jamforelser-2018-och-2022-valdistrikt-och-uppsamlingsdistrikt-v2.xlsx
;14800332;;nej;;Östra Centrum Danska Vägen m fl;;jamforelser-2018-och-2022-valdistrikt-och-uppsamlingsdistrikt-v2.xlsx
14802086;14800333;;ja;Örgryte-Härlanda, Nobelplatsen;Östra Centrum Nobelplatsen;2018-kod i kolumnen Jämförbart i källan;jamforelser-2018-och-2022-valdistrikt-och-uppsamlingsdistrikt-v2.xlsx
;14800334;;nej;;Östra Centrum Sankt Pauli;;jamforelser-2018-och-2022-valdistrikt-och-uppsamlingsdistrikt-v2.xlsx
;14800335;;nej;;Östra Centrum Lunden Gamla;;jamforelser-2018-och-2022-valdistrikt-och-uppsamlingsdistrikt-v2.xlsx
14802088;14800336;;ja;Örgryte-Härlanda, Överås;Östra Centrum Överås;2018-kod i kolumnen Jämförbart i källan;jamforelser-2018-och-2022-valdistrikt-och-uppsamlingsdistrikt-v2.xlsx
;14800337;;nej;;Östra Centrum Gubbero;;jamforelser-2018-och-2022-valdistrikt-och-uppsamlingsdistrikt-v2.xlsx
;14800338;;nej;;Östra Centrum Gubberoparken;;jamforelser-2018-och-2022-valdistrikt-och-uppsamlingsdistrikt-v2.xlsx
;14800339;;nej;;Östra Centrum Redbergsplatsen;;jamforelser-2018-och-2022-valdistrikt-och-uppsamlingsdistrikt-v2.xlsx
;14800340;;nej;;Östra Centrum Olskroken;;jamforelser-2018-och-2022-valdistrikt-och-uppsamlingsdistrikt-v2.xlsx
;14800341;;nej;;Östra Centrum Redberget;;jamforelser-2018-och-2022-valdistrikt-och-uppsamlingsdistrikt-v2.xlsx
;14800342;;nej;;Östra Centrum Bagaregården;;jamforelser-2018-och-2022-valdistrikt-och-uppsamlingsdistrikt-v2.xlsx
;14800343;;nej;;Östra Centrum Redbergslid;;jamforelser-2018-och-2022-valdistrikt-och-uppsamlingsdistrikt-v2.xlsx
;14800344;;nej;;Östra Centrum Ånäs;;jamforelser-2018-och-2022-valdistrikt-och-uppsamlingsdistrikt-v2.xlsx
;14800345;;nej;;Östra Centrum Strömmensberg Västra;;jamforelser-2018-och-2022-valdistrikt-och-uppsamlingsdistrikt-v2.xlsx
;14800346;;nej;;Östra Centrum Strömmensberg Östra;;jamforelser-2018-och-2022-valdistrikt-och-uppsamlingsdistrikt-v2.xlsx
14801163;14800401;;ja;Centrum, Otterhällan;Centrum Otterhällan;2018-kod i kolumnen Jämförbart i källan;jamforelser-2018-och-2022-valdistrikt-och-uppsamlingsdistrikt-v2.xlsx
;14800402;;nej;;Centrum Inom Vallgraven;;jamforelser-2018-och-2022-valdistrikt-och-uppsamlingsdistrikt-v2.xlsx
;14800403;;nej;;Centrum Nordstan;;jamforelser-2018-och-2022-valdistrikt-och-uppsamlingsdistrikt-v2.xlsx
;14800404;;nej;;Centrum Stampen Västra;;jamforelser-2018-och-2022-valdistrikt-och-uppsamlingsdistrikt-v2.xlsx
;14800405;;nej;;Centrum Odinsgatan m fl;;jamforelser-2018-och-2022-valdistrikt-och-uppsamlingsdistrikt-v2.xlsx
;14800406;;nej;;Centrum Stampen Östra;;jamforelser-2018-och-2022-valdistrikt-och-uppsamlingsdistrikt-v2.xlsx
14801171;14800407;;ja;Centrum, Friggagatan m fl;Centrum Friggagatan m fl;2018-kod i kolumnen Jämförbart i källan;jamforelser-2018-och-2022-valdistrikt-och-uppsamlingsdistrikt-v2.xlsx
;14800408;;nej;;Centrum Svingeln;;jamforelser-2018-och-2022-valdistrikt-och-uppsamlingsdistrikt-v2.xlsx
14801172;14800409;;ja;Centrum, Gårda, Norra;Centrum Gårda Norra;2018-kod i kolumnen Jämförbart i källan;jamforelser-2018-och-2022-valdistrikt-och-uppsamlingsdistrikt-v2.xlsx
14801182;14800410;;ja;Centrum, Gårda, Södra;Centrum Gårda Södra;2018-kod i kolumnen Jämförbart i källan;jamforelser-2018-och-2022-valdistrikt-och-uppsamlingsdistrikt-v2.xlsx
;14800411;;nej;;Centrum Bohusgatan m fl;;jamforelser-2018-och-2022-valdistrikt-och-uppsamlingsdistrikt-v2.xlsx
;14800412;;nej;;Centrum Sten Sturegatan m fl;;jamforelser-2018-och-2022-valdistrikt-och-uppsamlingsdistrikt-v2.xlsx
;14800413;;nej;;Centrum Heden;;jamforelser-2018-och-2022-valdistrikt-och-uppsamlingsdistrikt-v2.xlsx
;14800414;;nej;;Centrum Hedås;;jamforelser-2018-och-2022-valdistrikt-och-uppsamlingsdistrikt-v2.xlsx
;14800415;;nej;;Centrum Götaplatsen;;jamforelser-2018-och-2022-valdistrikt-och-uppsamlingsdistrikt-v2.xlsx
;14800416;;nej;;Centrum Carlandersplatsen;;jamforelser-2018-och-2022-valdistrikt-och-uppsamlingsdistrikt-v2.xlsx
;14800417;;nej;;Centrum Eklanda Östra;;jamforelser-2018-och-2022-valdistrikt-och-uppsamlingsdistrikt-v2.xlsx
;14800418;;nej;;Centrum Eklanda Norra;;jamforelser-2018-och-2022-valdistrikt-och-uppsamlingsdistrikt-v2.xlsx
14801116;14800419;;ja;Centrum, Johanneberg, Övre;Centrum Johanneberg Övre;2018-kod i kolumnen Jämförbart i källan;jamforelser-2018-och-2022-valdistrikt-och-uppsamlingsdistrikt-v2.xlsx
14801115;14800420;;ja;Centrum, Johanneberg, Östra;Centrum Johanneberg Östra;2018-kod i kolumnen Jämförbart i källan;jamforelser-2018-och-2022-valdistrikt-och-uppsamlingsdistrikt-v2.xlsx
;14800421;;nej;;Centrum Eklanda Södra;;jamforelser-2018-och-2022-valdistrikt-och-uppsamlingsdistrikt-v2.xlsx
;14800422;;nej;;Centrum Kristinehöjd Västra;;jamforelser-2018-och-2022-valdistrikt-och-uppsamlingsdistrikt-v2.xlsx
;14800423;;nej;;Centrum Olofshöjd;;jamforelser-2018-och-2022-valdistrikt-och-uppsamlingsdistrikt-v2.xlsx
;14800424;;nej;;Centrum Kristinehöjd Östra;;jamforelser-2018-och-2022-valdistrikt-och-uppsamlingsdistrikt-v2.xlsx
;14800425;;nej;;Centrum Getebergsäng;;jamforelser-2018-och-2022-valdistrikt-och-uppsamlingsdistrikt-v2.xlsx
;14800426;;nej;;Centrum Krokslätt Norra;;jamforelser-2018-och-2022-valdistrikt-och-uppsamlingsdistrikt-v2.xlsx
;14800427;;nej;;Centrum Krokslätt Södra;;jamforelser-2018-och-2022-valdistrikt-och-uppsamlingsdistrikt-v2.xlsx
14801101;14800428;;ja;Centrum, Fredriksdal;Centrum Fredriksdal;2018-kod i kolumnen Jämförbart i källan;jamforelser-2018-och-2022-valdistrikt-och-uppsamlingsdistrikt-v2.xlsx
14801100;14800429;;ja;Centrum, Framnäs;Centrum Framnäs;2018-kod i kolumnen Jämförbart i källan;jamforelser-2018-och-2022-valdistrikt-och-uppsamlingsdistrikt-v2.xlsx
14801108;14800430;;ja;Centrum, Mossen;Centrum Mossen;2018-kod i kolumnen Jämförbart i källan;jamforelser-2018-och-2022-valdistrikt-och-uppsamlingsdistrikt-v2.xlsx
;14800431;;nej;;Centrum Fridkullagatan m fl;;jamforelser-2018-och-2022-valdistrikt-och-uppsamlingsdistrikt-v2.xlsx
;14800432;;nej;;Centrum Guldheden Östra;;jamforelser-2018-och-2022-valdistrikt-och-uppsamlingsdistrikt-v2.xlsx
;14800433;;nej;;Centrum Doktor Forselius Backe m fl;;jamforelser-2018-och-2022-valdistrikt-och-uppsamlingsdistrikt-v2.xlsx
;14800434;;nej;;Centrum Guldheden Södra;;jamforelser-2018-och-2022-valdistrikt-och-uppsamlingsdistrikt-v2.xlsx
;14800435;;nej;;Centrum Guldheden Vattentornet;;jamforelser-2018-och-2022-valdistrikt-och-uppsamlingsdistrikt-v2.xlsx
;14800436;;nej;;Centrum Doktor Fries Torg;;jamforelser-2018-och-2022-valdistrikt-och-uppsamlingsdistrikt-v2.xlsx
14801134;14800437;;ja;Centrum, Guldheden, Centrala;Centrum Guldheden Västra;2018-kod i kolumnen Jämförbart i källan;jamforelser-2018-och-2022-valdistrikt-och-uppsamlingsdistrikt-v2.xlsx
14801135;14800438;;ja;Centrum, Guldheden, Norra;Centrum Guldheden Norra;2018-kod i kolumnen Jämförbart i källan;jamforelser-2018-och-2022-valdistrikt-och-uppsamlingsdistrikt-v2.xlsx
14801137;14800439;;ja;Centrum, Landala Egnahem;Centrum Landala Egnahem;2018-kod i kolumnen Jämförbart i källan;jamforelser-2018-och-2022-valdistrikt-och-uppsamlingsdistrikt-v2.xlsx
;14800440;;nej;;Centrum Landalagången m fl;;jamforelser-2018-och-2022-valdistrikt-och-uppsamlingsdistrikt-v2.xlsx
14801114;14800441;;ja;Centrum, Johanneberg, Västra;Centrum Johanneberg Västra;2018-kod i kolumnen Jämförbart i källan;jamforelser-2018-och-2022-valdistrikt-och-uppsamlingsdistrikt-v2.xlsx
;14800442;;nej;;Centrum Johanneberg Nedre;;jamforelser-2018-och-2022-valdistrikt-och-uppsamlingsdistrikt-v2.xlsx
;14800443;;nej;;Centrum Lorensberg;;jamforelser-2018-och-2022-valdistrikt-och-uppsamlingsdistrikt-v2.xlsx
;14800444;;nej;;Centrum Vasastaden Södra;;jamforelser-2018-och-2022-valdistrikt-och-uppsamlingsdistrikt-v2.xlsx
;14800445;;nej;;Centrum Kapellplatsen;;jamforelser-2018-och-2022-valdistrikt-och-uppsamlingsdistrikt-v2.xlsx
;14800446;;nej;;Centrum Landalabergen m fl;;jamforelser-2018-och-2022-valdistrikt-och-uppsamlingsdistrikt-v2.xlsx
14801151;14800447;;ja;Centrum, Fogelbergsparken;Centrum Fogelbergsparken;2018-kod i kolumnen Jämförbart i källan;jamforelser-2018-och-2022-valdistrikt-och-uppsamlingsdistrikt-v2.xlsx
14801154;14800448;;ja;Centrum, Vasastaden, Södra;Centrum Vasastaden Västra;2018-kod i kolumnen Jämförbart i källan;jamforelser-2018-och-2022-valdistrikt-och-uppsamlingsdistrikt-v2.xlsx
;14800449;;nej;;Centrum Vasastaden Östra;;jamforelser-2018-och-2022-valdistrikt-och-uppsamlingsdistrikt-v2.xlsx
;14800450;;nej;;Centrum Valand;;jamforelser-2018-och-2022-valdistrikt-och-uppsamlingsdistrikt-v2.xlsx
;14800451;;nej;;Centrum Vasastaden Norra;;jamforelser-2018-och-2022-valdistrikt-och-uppsamlingsdistrikt-v2.xlsx
14801094;14800501;;ja;Majorna-Linné, Långgatorna;Västra Centrum Långgatorna;2018-kod i kolumnen Jämförbart i källan;jamforelser-2018-och-2022-valdistrikt-och-uppsamlingsdistrikt-v2.xlsx
14801053;14800502;;ja;Majorna-Linné, Masthuggstorget;Västra Centrum Masthuggstorget;2018-kod i kolumnen Jämförbart i källan;jamforelser-2018-och-2022-valdistrikt-och-uppsamlingsdistrikt-v2.xlsx
14801057;14800503;;ja;Majorna-Linné, Stigberget;Västra Centrum Stigberget;2018-kod i kolumnen Jämförbart i källan;jamforelser-2018-och-2022-valdistrikt-och-uppsamlingsdistrikt-v2.xlsx
;14800504;;nej;;Västra Centrum Masthugget Övre;;jamforelser-2018-och-2022-valdistrikt-och-uppsamlingsdistrikt-v2.xlsx
;14800505;;nej;;Västra Centrum Masthugget Nedre;;jamforelser-2018-och-2022-valdistrikt-och-uppsamlingsdistrikt-v2.xlsx
;14800506;;nej;;Västra Centrum Oscar Fredrik;;jamforelser-2018-och-2022-valdistrikt-och-uppsamlingsdistrikt-v2.xlsx
14801055;14800507;;ja;Majorna-Linné, Sjömansgatan m fl;Västra Centrum Sjömansgatan m fl;2018-kod i kolumnen Jämförbart i källan;jamforelser-2018-och-2022-valdistrikt-och-uppsamlingsdistrikt-v2.xlsx
;14800508;;nej;;Västra Centrum Vegastaden;;jamforelser-2018-och-2022-valdistrikt-och-uppsamlingsdistrikt-v2.xlsx
14801056;14800509;;ja;Majorna-Linné, Slottsskogen;Västra Centrum Slottsskogen;2018-kod i kolumnen Jämförbart i källan;jamforelser-2018-och-2022-valdistrikt-och-uppsamlingsdistrikt-v2.xlsx
;14800510;;nej;;Västra Centrum Linnéplatsen;;jamforelser-2018-och-2022-valdistrikt-och-uppsamlingsdistrikt-v2.xlsx
;14800511;;nej;;Västra Centrum Sveaplan;;jamforelser-2018-och-2022-valdistrikt-och-uppsamlingsdistrikt-v2.xlsx
;14800512;;nej;;Västra Centrum Kommendantsängen;;jamforelser-2018-och-2022-valdistrikt-och-uppsamlingsdistrikt-v2.xlsx
;14800513;;nej;;Västra Centrum Linné;;jamforelser-2018-och-2022-valdistrikt-och-uppsamlingsdistrikt-v2.xlsx
;14800514;;nej;;Västra Centrum Nordhem;;jamforelser-2018-och-2022-valdistrikt-och-uppsamlingsdistrikt-v2.xlsx
;14800515;;nej;;Västra Centrum Risåsen;;jamforelser-2018-och-2022-valdistrikt-och-uppsamlingsdistrikt-v2.xlsx
;14800516;;nej;;Västra Centrum Olivedal;;jamforelser-2018-och-2022-valdistrikt-och-uppsamlingsdistrikt-v2.xlsx
14801096;14800517;;ja;Majorna-Linné, Plantagegatan, m fl;Västra Centrum Plantagegatan m fl;2018-kod i kolumnen Jämförbart i källan;jamforelser-2018-och-2022-valdistrikt-och-uppsamlingsdistrikt-v2.xlsx
14801073;14800518;;ja;Majorna-Linné, Skansberget;Västra Centrum Skansberget;2018-kod i kolumnen Jämförbart i källan;jamforelser-2018-och-2022-valdistrikt-och-uppsamlingsdistrikt-v2.xlsx
14801071;14800519;;ja;Majorna-Linné, Haga Västra;Västra Centrum Haga Västra;2018-kod i kolumnen Jämförbart i källan;jamforelser-2018-och-2022-valdistrikt-och-uppsamlingsdistrikt-v2.xlsx
14801072;14800520;;ja;Majorna-Linné, Haga Östra;Västra Centrum Haga Östra;2018-kod i kolumnen Jämförbart i källan;jamforelser-2018-och-2022-valdistrikt-och-uppsamlingsdistrikt-v2.xlsx
;14800521;;nej;;Västra Centrum Nilssonsberg Västra;;jamforelser-2018-och-2022-valdistrikt-och-uppsamlingsdistrikt-v2.xlsx
;14800522;;nej;;Västra Centrum Nilssonsberg Östra;;jamforelser-2018-och-2022-valdistrikt-och-uppsamlingsdistrikt-v2.xlsx
;14800523;;nej;;Västra Centrum Annedal Östra;;jamforelser-2018-och-2022-valdistrikt-och-uppsamlingsdistrikt-v2.xlsx
;14800524;;nej;;Västra Centrum Annedal Västra;;jamforelser-2018-och-2022-valdistrikt-och-uppsamlingsdistrikt-v2.xlsx
;14800525;;nej;;Västra Centrum Änggården;;jamforelser-2018-och-2022-valdistrikt-och-uppsamlingsdistrikt-v2.xlsx
14801017;14800526;;ja;Majorna-Linné, Svalebo;Västra Centrum Svalebo;2018-kod i kolumnen Jämförbart i källan;jamforelser-2018-och-2022-valdistrikt-och-uppsamlingsdistrikt-v2.xlsx
;14800527;;nej;;Västra Centrum Skytteskogen;;jamforelser-2018-och-2022-valdistrikt-och-uppsamlingsdistrikt-v2.xlsx
;14800528;;nej;;Västra Centrum Kungsladugård Östra;;jamforelser-2018-och-2022-valdistrikt-och-uppsamlingsdistrikt-v2.xlsx
;14800529;;nej;;Västra Centrum Kungsladugård Västra;;jamforelser-2018-och-2022-valdistrikt-och-uppsamlingsdistrikt-v2.xlsx
;14800530;;nej;;Västra Centrum Mariaplan;;jamforelser-2018-och-2022-valdistrikt-och-uppsamlingsdistrikt-v2.xlsx
;14800531;;nej;;Västra Centrum Silverkällan;;jamforelser-2018-och-2022-valdistrikt-och-uppsamlingsdistrikt-v2.xlsx
;14800532;;nej;;Västra Centrum Sannaplan;;jamforelser-2018-och-2022-valdistrikt-och-uppsamlingsdistrikt-v2.xlsx
;14800533;;nej;;Västra Centrum Sandarne;;jamforelser-2018-och-2022-valdistrikt-och-uppsamlingsdistrikt-v2.xlsx
;14800534;;nej;;Västra Centrum Klippan;;jamforelser-2018-och-2022-valdistrikt-och-uppsamlingsdistrikt-v2.xlsx
;14800535;;nej;;Västra Centrum Gröna Vallen;;jamforelser-2018-och-2022-valdistrikt-och-uppsamlingsdistrikt-v2.xlsx
14801036;14800536;;ja;Majorna-Linné, Majorna;Västra Centrum Kusttorget;2018-kod i kolumnen Jämförbart i källan;jamforelser-2018-och-2022-valdistrikt-och-uppsamlingsdistrikt-v2.xlsx
14801031;14800537;;ja;Majorna-Linné, Chapmans Torg;Västra Centrum Chapmans Torg;2018-kod i kolumnen Jämförbart i källan;jamforelser-2018-och-2022-valdistrikt-och-uppsamlingsdistrikt-v2.xlsx
14801038;14800538;;ja;Majorna-Linné, Slottsskogsgatan m fl;Västra Centrum Slottsskogsgat. m fl;2018-kod i kolumnen Jämförbart i källan;jamforelser-2018-och-2022-valdistrikt-och-uppsamlingsdistrikt-v2.xlsx
14801034;14800539;;ja;Majorna-Linné, Gråberget, Östra;Västra Centrum Gråberget Västra;2018-kod i kolumnen Jämförbart i källan;jamforelser-2018-och-2022-valdistrikt-och-uppsamlingsdistrikt-v2.xlsx
;14800540;;nej;;Västra Centrum Gråberget Östra;;jamforelser-2018-och-2022-valdistrikt-och-uppsamlingsdistrikt-v2.xlsx
14801032;14800541;;ja;Majorna-Linné, Godhem;Västra Centrum Godhem;2018-kod i kolumnen Jämförbart i källan;jamforelser-2018-och-2022-valdistrikt-och-uppsamlingsdistrikt-v2.xlsx
;14800542;;nej;;Västra Centrum Marieberg;;jamforelser-2018-och-2022-valdistrikt-och-uppsamlingsdistrikt-v2.xlsx
;14800543;;nej;;Västra Centrum Klareborgsgatan m fl;;jamforelser-2018-och-2022-valdistrikt-och-uppsamlingsdistrikt-v2.xlsx
;14800544;;nej;;Västra Centrum Karl Johan;;jamforelser-2018-och-2022-valdistrikt-och-uppsamlingsdistrikt-v2.xlsx
;14800545;;nej;;Västra Centrum Söderlingska Ängen;;jamforelser-2018-och-2022-valdistrikt-och-uppsamlingsdistrikt-v2.xlsx
14801041;14800546;;ja;Majorna-Linné, Djurgårdsgatan m fl;Västra Centrum Kommendörsgatan m fl;2018-kod i kolumnen Jämförbart i källan;jamforelser-2018-och-2022-valdistrikt-och-uppsamlingsdistrikt-v2.xlsx
14801035;14800547;;ja;Majorna-Linné, Hängmattan;Västra Centrum Hängmattan;2018-kod i kolumnen Jämförbart i källan;jamforelser-2018-och-2022-valdistrikt-och-uppsamlingsdistrikt-v2.xlsx
14801042;14800548;;ja;Majorna-Linné, Gatenhielmska;Västra Centrum Gatenhielmska;2018-kod i kolumnen Jämförbart i källan;jamforelser-2018-och-2022-valdistrikt-och-uppsamlingsdistrikt-v2.xlsx
;14800601;;nej;;Sydvästra Göteborg Högsbohöjd Norra;;jamforelser-2018-och-2022-valdistrikt-och-uppsamlingsdistrikt-v2.xlsx
;14800602;;nej;;Sydvästra Göteborg Högsbohöjd Södra;;jamforelser-2018-och-2022-valdistrikt-och-uppsamlingsdistrikt-v2.xlsx
;14800603;;nej;;Sydvästra Göteborg Högsbohöjd Östra;;jamforelser-2018-och-2022-valdistrikt-och-uppsamlingsdistrikt-v2.xlsx
;14800604;;nej;;Sydvästra Göteborg Högsbotorp V;;jamforelser-2018-och-2022-valdistrikt-och-uppsamlingsdistrikt-v2.xlsx
;14800605;;nej;;Sydvästra Göteborg Högsbotorp S;;jamforelser-2018-och-2022-valdistrikt-och-uppsamlingsdistrikt-v2.xlsx
;14800606;;nej;;Sydvästra Göteborg Högsbo;;jamforelser-2018-och-2022-valdistrikt-och-uppsamlingsdistrikt-v2.xlsx
;14800607;;nej;;Sydvästra Göteborg Högsbotorp Östra;;jamforelser-2018-och-2022-valdistrikt-och-uppsamlingsdistrikt-v2.xlsx
;14800608;;nej;;Sydvästra Göteborg Marklandsgatan;;jamforelser-2018-och-2022-valdistrikt-och-uppsamlingsdistrikt-v2.xlsx
;14800609;;nej;;Sydvästra Göteborg Kapplandsgatan;;jamforelser-2018-och-2022-valdistrikt-och-uppsamlingsdistrikt-v2.xlsx
14805102;14800610;;ja;Askim-Frölunda-Högsbo, Flatås, V;Sydvästra Göteborg Flatås Västra;2018-kod i kolumnen Jämförbart i källan;jamforelser-2018-och-2022-valdistrikt-och-uppsamlingsdistrikt-v2.xlsx
14805101;14800611;;ja;Askim-Frölunda-Högsbo, Flatås, S;Sydvästra Göteborg Flatås Södra;2018-kod i kolumnen Jämförbart i källan;jamforelser-2018-och-2022-valdistrikt-och-uppsamlingsdistrikt-v2.xlsx
;14800612;;nej;;Sydvästra Göteborg Kaverös Norra;;jamforelser-2018-och-2022-valdistrikt-och-uppsamlingsdistrikt-v2.xlsx
14805093;14800613;;ja;Askim-Frölunda-Högsbo, Kavås;Sydvästra Göteborg Kavås;2018-kod i kolumnen Jämförbart i källan;jamforelser-2018-och-2022-valdistrikt-och-uppsamlingsdistrikt-v2.xlsx
14805092;14800614;;ja;Askim-Frölunda-Högsbo, Kaverös, S;Sydvästra Göteborg Kaverös Södra;2018-kod i kolumnen Jämförbart i källan;jamforelser-2018-och-2022-valdistrikt-och-uppsamlingsdistrikt-v2.xlsx
;14800615;;nej;;Sydvästra Göteborg Altplatsen;;jamforelser-2018-och-2022-valdistrikt-och-uppsamlingsdistrikt-v2.xlsx
14805142;14800616;;ja;Askim-Frölunda-Högsbo, Ruddalen;Sydvästra Göteborg Ruddalen;2018-kod i kolumnen Jämförbart i källan;jamforelser-2018-och-2022-valdistrikt-och-uppsamlingsdistrikt-v2.xlsx
14805173;14800617;;ja;Askim-Frölunda-Högsbo, Gånglåten;Sydvästra Göteborg Gånglåten;2018-kod i kolumnen Jämförbart i källan;jamforelser-2018-och-2022-valdistrikt-och-uppsamlingsdistrikt-v2.xlsx
;14800618;;nej;;Sydvästra Göteborg Frölunda;;jamforelser-2018-och-2022-valdistrikt-och-uppsamlingsdistrikt-v2.xlsx
;14800619;;nej;;Sydvästra Göteborg Frölunda Torg V;;jamforelser-2018-och-2022-valdistrikt-och-uppsamlingsdistrikt-v2.xlsx
;14800620;;nej;;Sydvästra Göteborg Frölunda Torg Ö;;jamforelser-2018-och-2022-valdistrikt-och-uppsamlingsdistrikt-v2.xlsx
;14800621;;nej;;Sydvästra Göteborg Positivparken;;jamforelser-2018-och-2022-valdistrikt-och-uppsamlingsdistrikt-v2.xlsx
14805131;14800622;;ja;Askim-Frölunda-Högsbo, Spinetten;Sydvästra Göteborg Spinetten;2018-kod i kolumnen Jämförbart i källan;jamforelser-2018-och-2022-valdistrikt-och-uppsamlingsdistrikt-v2.xlsx
14805132;14800623;;ja;Askim-Frölunda-Högsbo, Tofta;Sydvästra Göteborg Tofta;2018-kod i kolumnen Jämförbart i källan;jamforelser-2018-och-2022-valdistrikt-och-uppsamlingsdistrikt-v2.xlsx
;14800624;;nej;;Sydvästra Göteborg Järnbrott Västra;;jamforelser-2018-och-2022-valdistrikt-och-uppsamlingsdistrikt-v2.xlsx
;14800625;;nej;;Sydvästra Göteborg Järnbrott Östra;;jamforelser-2018-och-2022-valdistrikt-och-uppsamlingsdistrikt-v2.xlsx
;14800626;;nej;;Sydvästra Göteborg Järnbrott Södra;;jamforelser-2018-och-2022-valdistrikt-och-uppsamlingsdistrikt-v2.xlsx
14805103;14800627;;ja;Askim-Frölunda-Högsbo, Flatås, Ö;Sydvästra Göteborg Flatås Östra;2018-kod i kolumnen Jämförbart i källan;jamforelser-2018-och-2022-valdistrikt-och-uppsamlingsdistrikt-v2.xlsx
;14800628;;nej;;Sydvästra Göteborg Sisjön Norra;;jamforelser-2018-och-2022-valdistrikt-och-uppsamlingsdistrikt-v2.xlsx
;14800629;;nej;;Sydvästra Göteborg Pilegården;;jamforelser-2018-och-2022-valdistrikt-och-uppsamlingsdistrikt-v2.xlsx
;14800630;;nej;;Sydvästra Göteborg Kobbegården;;jamforelser-2018-och-2022-valdistrikt-och-uppsamlingsdistrikt-v2.xlsx
;14800631;;nej;;Sydvästra Göteborg Askim;;jamforelser-2018-och-2022-valdistrikt-och-uppsamlingsdistrikt-v2.xlsx
;14800632;;nej;;Sydvästra Göteborg Sisjön Västra;;jamforelser-2018-och-2022-valdistrikt-och-uppsamlingsdistrikt-v2.xlsx
;14800633;;nej;;Sydvästra Göteborg Sisjön Södra;;jamforelser-2018-och-2022-valdistrikt-och-uppsamlingsdistrikt-v2.xlsx
;14800634;;nej;;Sydvästra Göteborg Trollåsen;;jamforelser-2018-och-2022-valdistrikt-och-uppsamlingsdistrikt-v2.xlsx
;14800635;;nej;;Sydvästra Göteborg Lyckhem;;jamforelser-2018-och-2022-valdistrikt-och-uppsamlingsdistrikt-v2.xlsx
;14800636;;nej;;Sydvästra Göteborg Lindås;;jamforelser-2018-och-2022-valdistrikt-och-uppsamlingsdistrikt-v2.xlsx
14805252;14800637;;ja;Askim-Frölunda-Högsbo, Billdal, S;Sydvästra Göteborg Billdal Södra;2018-kod i kolumnen Jämförbart i källan;jamforelser-2018-och-2022-valdistrikt-och-uppsamlingsdistrikt-v2.xlsx
;14800638;;nej;;Sydvästra Göteborg Billdal Norra;;jamforelser-2018-och-2022-valdistrikt-och-uppsamlingsdistrikt-v2.xlsx
;14800639;;nej;;Sydvästra Göteborg Nygård;;jamforelser-2018-och-2022-valdistrikt-och-uppsamlingsdistrikt-v2.xlsx
;14800640;;nej;;Sydvästra Göteborg Skintebo Västra;;jamforelser-2018-och-2022-valdistrikt-och-uppsamlingsdistrikt-v2.xlsx
;14800641;;nej;;Sydvästra Göteborg Skintebo Östra;;jamforelser-2018-och-2022-valdistrikt-och-uppsamlingsdistrikt-v2.xlsx
;14800642;;nej;;Sydvästra Göteborg Uggleberget;;jamforelser-2018-och-2022-valdistrikt-och-uppsamlingsdistrikt-v2.xlsx
;14800643;;nej;;Sydvästra Göteborg Brottkärr Östra;;jamforelser-2018-och-2022-valdistrikt-och-uppsamlingsdistrikt-v2.xlsx
;14800644;;nej;;Sydvästra Göteborg Brottkärr Västra;;jamforelser-2018-och-2022-valdistrikt-och-uppsamlingsdistrikt-v2.xlsx
14805241;14800645;;ja;Askim-Frölunda-Högsbo, Hovås, Södra;Sydvästra Göteborg Hovås Södra;2018-kod i kolumnen Jämförbart i källan;jamforelser-2018-och-2022-valdistrikt-och-uppsamlingsdistrikt-v2.xlsx
;14800646;;nej;;Sydvästra Göteborg Hovås Norra;;jamforelser-2018-och-2022-valdistrikt-och-uppsamlingsdistrikt-v2.xlsx
14805233;14800647;;ja;Askim-Frölunda-Högsbo, Hult;Sydvästra Göteborg Hult;2018-kod i kolumnen Jämförbart i källan;jamforelser-2018-och-2022-valdistrikt-och-uppsamlingsdistrikt-v2.xlsx
;14800701;;nej;;Västra Göteborg Långedrag Västra;;jamforelser-2018-och-2022-valdistrikt-och-uppsamlingsdistrikt-v2.xlsx
;14800702;;nej;;Västra Göteborg Långedrag Östra;;jamforelser-2018-och-2022-valdistrikt-och-uppsamlingsdistrikt-v2.xlsx
;14800703;;nej;;Västra Göteborg Tångudden;;jamforelser-2018-och-2022-valdistrikt-och-uppsamlingsdistrikt-v2.xlsx
;14800704;;nej;;Västra Göteborg Hagen Norra;;jamforelser-2018-och-2022-valdistrikt-och-uppsamlingsdistrikt-v2.xlsx
;14800705;;nej;;Västra Göteborg Nya Varvet;;jamforelser-2018-och-2022-valdistrikt-och-uppsamlingsdistrikt-v2.xlsx
14805043;14800706;;ja;Västra Göteborg, Kungsten;Västra Göteborg Kungsten;2018-kod i kolumnen Jämförbart i källan;jamforelser-2018-och-2022-valdistrikt-och-uppsamlingsdistrikt-v2.xlsx
14805041;14800707;;ja;Västra Göteborg, Ekebäck;Västra Göteborg Ekebäck;2018-kod i kolumnen Jämförbart i källan;jamforelser-2018-och-2022-valdistrikt-och-uppsamlingsdistrikt-v2.xlsx
;14800708;;nej;;Västra Göteborg Hagen Södra;;jamforelser-2018-och-2022-valdistrikt-och-uppsamlingsdistrikt-v2.xlsx
14805042;14800709;;ja;Västra Göteborg, Grimmered;Västra Göteborg Grimmered;2018-kod i kolumnen Jämförbart i källan;jamforelser-2018-och-2022-valdistrikt-och-uppsamlingsdistrikt-v2.xlsx
14805015;14800710;;ja;Västra Göteborg, Påvelund;Västra Göteborg Påvelund;2018-kod i kolumnen Jämförbart i källan;jamforelser-2018-och-2022-valdistrikt-och-uppsamlingsdistrikt-v2.xlsx
14805011;14800711;;ja;Västra Göteborg, Björnekulla;Västra Göteborg Björnekulla;2018-kod i kolumnen Jämförbart i källan;jamforelser-2018-och-2022-valdistrikt-och-uppsamlingsdistrikt-v2.xlsx
;14800712;;nej;;Västra Göteborg Osberget;;jamforelser-2018-och-2022-valdistrikt-och-uppsamlingsdistrikt-v2.xlsx
;14800713;;nej;;Västra Göteborg Källängen;;jamforelser-2018-och-2022-valdistrikt-och-uppsamlingsdistrikt-v2.xlsx
;14800714;;nej;;Västra Göteborg Fiskebäck;;jamforelser-2018-och-2022-valdistrikt-och-uppsamlingsdistrikt-v2.xlsx
;14800715;;nej;;Västra Göteborg Bratthammar;;jamforelser-2018-och-2022-valdistrikt-och-uppsamlingsdistrikt-v2.xlsx
;14800716;;nej;;Västra Göteborg Tynnered Södra;;jamforelser-2018-och-2022-valdistrikt-och-uppsamlingsdistrikt-v2.xlsx
14805072;14800717;;ja;Västra Göteborg, Tynnered, Norra;Västra Göteborg Tynnered Norra;2018-kod i kolumnen Jämförbart i källan;jamforelser-2018-och-2022-valdistrikt-och-uppsamlingsdistrikt-v2.xlsx
14805071;14800718;;ja;Västra Göteborg, Guldringen m fl;Västra Göteborg Guldringen m fl;2018-kod i kolumnen Jämförbart i källan;jamforelser-2018-och-2022-valdistrikt-och-uppsamlingsdistrikt-v2.xlsx
14805082;14800719;;ja;Västra Göteborg, Tynnered, Östra;Västra Göteborg Tynnered Östra;2018-kod i kolumnen Jämförbart i källan;jamforelser-2018-och-2022-valdistrikt-och-uppsamlingsdistrikt-v2.xlsx
;14800720;;nej;;Västra Göteborg Skattegården;;jamforelser-2018-och-2022-valdistrikt-och-uppsamlingsdistrikt-v2.xlsx
;14800721;;nej;;Västra Göteborg Rubingatan m fl;;jamforelser-2018-och-2022-valdistrikt-och-uppsamlingsdistrikt-v2.xlsx
;14800722;;nej;;Västra Göteborg Ängås;;jamforelser-2018-och-2022-valdistrikt-och-uppsamlingsdistrikt-v2.xlsx
;14800723;;nej;;Västra Göteborg Topasgatan;;jamforelser-2018-och-2022-valdistrikt-och-uppsamlingsdistrikt-v2.xlsx
;14800724;;nej;;Västra Göteborg Korsåsen;;jamforelser-2018-och-2022-valdistrikt-och-uppsamlingsdistrikt-v2.xlsx
;14800725;;nej;;Västra Göteborg Opaltorget Norra;;jamforelser-2018-och-2022-valdistrikt-och-uppsamlingsdistrikt-v2.xlsx
;14800726;;nej;;Västra Göteborg Opaltorget Södra;;jamforelser-2018-och-2022-valdistrikt-och-uppsamlingsdistrikt-v2.xlsx
;14800727;;nej;;Västra Göteborg Grevegården;;jamforelser-2018-och-2022-valdistrikt-och-uppsamlingsdistrikt-v2.xlsx
;14800728;;nej;;Västra Göteborg Önnered Norra;;jamforelser-2018-och-2022-valdistrikt-och-uppsamlingsdistrikt-v2.xlsx
;14800729;;nej;;Västra Göteborg Önnered Östra;;jamforelser-2018-och-2022-valdistrikt-och-uppsamlingsdistrikt-v2.xlsx
;14800730;;nej;;Västra Göteborg Önnered Västra;;jamforelser-2018-och-2022-valdistrikt-och-uppsamlingsdistrikt-v2.xlsx
14805214;14800731;;ja;Västra Göteborg, Åkered;Västra Göteborg Åkered;2018-kod i kolumnen Jämförbart i källan;jamforelser-2018-och-2022-valdistrikt-och-uppsamlingsdistrikt-v2.xlsx
;14800732;;nej;;Västra Göteborg Välen;;jamforelser-2018-och-2022-valdistrikt-och-uppsamlingsdistrikt-v2.xlsx
;14800733;;nej;;Västra Göteborg Näset Norra;;jamforelser-2018-och-2022-valdistrikt-och-uppsamlingsdistrikt-v2.xlsx
14805212;14800734;;ja;Västra Göteborg, Näset, Södra;Västra Göteborg Näset Södra;2018-kod i kolumnen Jämförbart i källan;jamforelser-2018-och-2022-valdistrikt-och-uppsamlingsdistrikt-v2.xlsx
;14800735;;nej;;Västra Göteborg Donsö-Vrångö;;jamforelser-2018-och-2022-valdistrikt-och-uppsamlingsdistrikt-v2.xlsx
14805053;14800736;;ja;Västra Göteborg, Styrsö-Köpstadsö;Västra Göteborg Styrsö-Köpstadsö;2018-kod i kolumnen Jämförbart i källan;jamforelser-2018-och-2022-valdistrikt-och-uppsamlingsdistrikt-v2.xlsx
14805051;14800737;;ja;Västra Göteborg, Brännö-Asperö;Västra Göteborg Brännö-Asperö;2018-kod i kolumnen Jämförbart i källan;jamforelser-2018-och-2022-valdistrikt-och-uppsamlingsdistrikt-v2.xlsx
;14800801;;nej;;Västra Hisingen Länsmansgården Ö;;jamforelser-2018-och-2022-valdistrikt-och-uppsamlingsdistrikt-v2.xlsx
;14800802;;nej;;Västra Hisingen Svartedalen Norra;;jamforelser-2018-och-2022-valdistrikt-och-uppsamlingsdistrikt-v2.xlsx
;14800803;;nej;;Västra Hisingen Väderbodarna m fl;;jamforelser-2018-och-2022-valdistrikt-och-uppsamlingsdistrikt-v2.xlsx
14807094;14800804;;ja;Västra Hisingen, Önskevädersg. m fl;Västra Hisingen Önskevädersg. m fl;2018-kod i kolumnen Jämförbart i källan;jamforelser-2018-och-2022-valdistrikt-och-uppsamlingsdistrikt-v2.xlsx
;14800805;;nej;;Västra Hisingen Svartedalen Södra;;jamforelser-2018-och-2022-valdistrikt-och-uppsamlingsdistrikt-v2.xlsx
;14800806;;nej;;Västra Hisingen Kärrmossen;;jamforelser-2018-och-2022-valdistrikt-och-uppsamlingsdistrikt-v2.xlsx
14807091;14800807;;ja;Västra Hisingen, Jättesten;Västra Hisingen Jättesten;2018-kod i kolumnen Jämförbart i källan;jamforelser-2018-och-2022-valdistrikt-och-uppsamlingsdistrikt-v2.xlsx
14807082;14800808;;ja;Västra Hisingen, Treröset;Västra Hisingen Treröset;2018-kod i kolumnen Jämförbart i källan;jamforelser-2018-och-2022-valdistrikt-och-uppsamlingsdistrikt-v2.xlsx
;14800809;;nej;;Västra Hisingen Vårväderstorget;;jamforelser-2018-och-2022-valdistrikt-och-uppsamlingsdistrikt-v2.xlsx
;14800810;;nej;;Västra Hisingen Blåsvädersgat. m fl;;jamforelser-2018-och-2022-valdistrikt-och-uppsamlingsdistrikt-v2.xlsx
;14800811;;nej;;Västra Hisingen Biskopsgården Södra;;jamforelser-2018-och-2022-valdistrikt-och-uppsamlingsdistrikt-v2.xlsx
;14800812;;nej;;Västra Hisingen Väderlekstorget;;jamforelser-2018-och-2022-valdistrikt-och-uppsamlingsdistrikt-v2.xlsx
;14800813;;nej;;Västra Hisingen Biskopsgården Norra;;jamforelser-2018-och-2022-valdistrikt-och-uppsamlingsdistrikt-v2.xlsx
;14800814;;nej;;Västra Hisingen Svarte Mosse;;jamforelser-2018-och-2022-valdistrikt-och-uppsamlingsdistrikt-v2.xlsx
;14800815;;nej;;Västra Hisingen Friskväderstorget;;jamforelser-2018-och-2022-valdistrikt-och-uppsamlingsdistrikt-v2.xlsx
;14800816;;nej;;Västra Hisingen Länsmansgården S;;jamforelser-2018-och-2022-valdistrikt-och-uppsamlingsdistrikt-v2.xlsx
;14800817;;nej;;Västra Hisingen Länsmansgården V;;jamforelser-2018-och-2022-valdistrikt-och-uppsamlingsdistrikt-v2.xlsx
;14800818;;nej;;Västra Hisingen Länsmansgården C;;jamforelser-2018-och-2022-valdistrikt-och-uppsamlingsdistrikt-v2.xlsx
;14800819;;nej;;Västra Hisingen Länsmansgården N;;jamforelser-2018-och-2022-valdistrikt-och-uppsamlingsdistrikt-v2.xlsx
14807051;14800820;;ja;Västra Hisingen, Amhult-Arendal;Västra Hisingen Amhult-Arendal;2018-kod i kolumnen Jämförbart i källan;jamforelser-2018-och-2022-valdistrikt-och-uppsamlingsdistrikt-v2.xlsx
;14800821;;nej;;Västra Hisingen Andalen;;jamforelser-2018-och-2022-valdistrikt-och-uppsamlingsdistrikt-v2.xlsx
;14800822;;nej;;Västra Hisingen Hjuvik;;jamforelser-2018-och-2022-valdistrikt-och-uppsamlingsdistrikt-v2.xlsx
14807044;14800823;;ja;Västra Hisingen, Hällsvik;Västra Hisingen Hällsvik;2018-kod i kolumnen Jämförbart i källan;jamforelser-2018-och-2022-valdistrikt-och-uppsamlingsdistrikt-v2.xlsx
;14800824;;nej;;Västra Hisingen Trånget;;jamforelser-2018-och-2022-valdistrikt-och-uppsamlingsdistrikt-v2.xlsx
14807056;14800825;;ja;Västra Hisingen, Tumlehed;Västra Hisingen Tumlehed;2018-kod i kolumnen Jämförbart i källan;jamforelser-2018-och-2022-valdistrikt-och-uppsamlingsdistrikt-v2.xlsx
;14800826;;nej;;Västra Hisingen Torslanda Röd;;jamforelser-2018-och-2022-valdistrikt-och-uppsamlingsdistrikt-v2.xlsx
;14800827;;nej;;Västra Hisingen Gossbydal;;jamforelser-2018-och-2022-valdistrikt-och-uppsamlingsdistrikt-v2.xlsx
;14800828;;nej;;Västra Hisingen Nolered;;jamforelser-2018-och-2022-valdistrikt-och-uppsamlingsdistrikt-v2.xlsx
;14800829;;nej;;Västra Hisingen Torslanda Torg;;jamforelser-2018-och-2022-valdistrikt-och-uppsamlingsdistrikt-v2.xlsx
;14800830;;nej;;Västra Hisingen Torslanda;;jamforelser-2018-och-2022-valdistrikt-och-uppsamlingsdistrikt-v2.xlsx
;14800831;;nej;;Västra Hisingen Domarringen m fl;;jamforelser-2018-och-2022-valdistrikt-och-uppsamlingsdistrikt-v2.xlsx
;14800832;;nej;;Västra Hisingen Änghagen;;jamforelser-2018-och-2022-valdistrikt-och-uppsamlingsdistrikt-v2.xlsx
;14800833;;nej;;Västra Hisingen Älvegården;;jamforelser-2018-och-2022-valdistrikt-och-uppsamlingsdistrikt-v2.xlsx
;14800834;;nej;;Västra Hisingen Lilleby;;jamforelser-2018-och-2022-valdistrikt-och-uppsamlingsdistrikt-v2.xlsx
;14800835;;nej;;Västra Hisingen Kvisljungeby;;jamforelser-2018-och-2022-valdistrikt-och-uppsamlingsdistrikt-v2.xlsx
;14800836;;nej;;Västra Hisingen Björlanda;;jamforelser-2018-och-2022-valdistrikt-och-uppsamlingsdistrikt-v2.xlsx
14807064;14800837;;ja;Västra Hisingen, Nolvik;Västra Hisingen Nolvik;2018-kod i kolumnen Jämförbart i källan;jamforelser-2018-och-2022-valdistrikt-och-uppsamlingsdistrikt-v2.xlsx
;14800901;;nej;;Centrala Hisingen Kärrdalen;;jamforelser-2018-och-2022-valdistrikt-och-uppsamlingsdistrikt-v2.xlsx
;14800902;;nej;;Centrala Hisingen Tolered Norra;;jamforelser-2018-och-2022-valdistrikt-och-uppsamlingsdistrikt-v2.xlsx
;14800903;;nej;;Centrala Hisingen Slätta Damm;;jamforelser-2018-och-2022-valdistrikt-och-uppsamlingsdistrikt-v2.xlsx
;14800904;;nej;;Centrala Hisingen Bjurslätt Norra;;jamforelser-2018-och-2022-valdistrikt-och-uppsamlingsdistrikt-v2.xlsx
;14800905;;nej;;Centrala Hisingen Hildedal;;jamforelser-2018-och-2022-valdistrikt-och-uppsamlingsdistrikt-v2.xlsx
;14800906;;nej;;Centrala Hisingen Tolered Södra;;jamforelser-2018-och-2022-valdistrikt-och-uppsamlingsdistrikt-v2.xlsx
;14800907;;nej;;Centrala Hisingen Tolered Östra;;jamforelser-2018-och-2022-valdistrikt-och-uppsamlingsdistrikt-v2.xlsx
;14800908;;nej;;Centrala Hisingen Flunsås;;jamforelser-2018-och-2022-valdistrikt-och-uppsamlingsdistrikt-v2.xlsx
;14800909;;nej;;Centrala Hisingen Wieselgrenspl.;;jamforelser-2018-och-2022-valdistrikt-och-uppsamlingsdistrikt-v2.xlsx
;14800910;;nej;;Centrala Hisingen Bjurslätt Södra;;jamforelser-2018-och-2022-valdistrikt-och-uppsamlingsdistrikt-v2.xlsx
;14800911;;nej;;Centrala Hisingen Fyrklövern;;jamforelser-2018-och-2022-valdistrikt-och-uppsamlingsdistrikt-v2.xlsx
;14800912;;nej;;Centrala Hisingen Kvillebäcken N;;jamforelser-2018-och-2022-valdistrikt-och-uppsamlingsdistrikt-v2.xlsx
;14800913;;nej;;Centrala Hisingen Kvillebäcken S;;jamforelser-2018-och-2022-valdistrikt-och-uppsamlingsdistrikt-v2.xlsx
;14800914;;nej;;Centrala Hisingen Kvillebäcken Ö;;jamforelser-2018-och-2022-valdistrikt-och-uppsamlingsdistrikt-v2.xlsx
;14800915;;nej;;Centrala Hisingen Vågmästareplatsen;;jamforelser-2018-och-2022-valdistrikt-och-uppsamlingsdistrikt-v2.xlsx
;14800916;;nej;;Centrala Hisingen Backaplan;;jamforelser-2018-och-2022-valdistrikt-och-uppsamlingsdistrikt-v2.xlsx
;14800917;;nej;;Centrala Hisingen Lundbyvassen;;jamforelser-2018-och-2022-valdistrikt-och-uppsamlingsdistrikt-v2.xlsx
;14800918;;nej;;Centrala Hisingen Porslinsfabriken;;jamforelser-2018-och-2022-valdistrikt-och-uppsamlingsdistrikt-v2.xlsx
;14800919;;nej;;Centrala Hisingen Brämaregården S;;jamforelser-2018-och-2022-valdistrikt-och-uppsamlingsdistrikt-v2.xlsx
;14800920;;nej;;Centrala Hisingen Kvillestaden;;jamforelser-2018-och-2022-valdistrikt-och-uppsamlingsdistrikt-v2.xlsx
;14800921;;nej;;Centrala Hisingen Brämaregården N;;jamforelser-2018-och-2022-valdistrikt-och-uppsamlingsdistrikt-v2.xlsx
;14800922;;nej;;Centrala Hisingen Rambergsstaden Ö;;jamforelser-2018-och-2022-valdistrikt-och-uppsamlingsdistrikt-v2.xlsx
;14800923;;nej;;Centrala Hisingen Rambergsstaden N;;jamforelser-2018-och-2022-valdistrikt-och-uppsamlingsdistrikt-v2.xlsx
;14800924;;nej;;Centrala Hisingen Rambergsvallen;;jamforelser-2018-och-2022-valdistrikt-och-uppsamlingsdistrikt-v2.xlsx
;14800925;;nej;;Centrala Hisingen Rambergsstaden S;;jamforelser-2018-och-2022-valdistrikt-och-uppsamlingsdistrikt-v2.xlsx
;14800926;;nej;;Centrala Hisingen Kyrkbyn Norra;;jamforelser-2018-och-2022-valdistrikt-och-uppsamlingsdistrikt-v2.xlsx
;14800927;;nej;;Centrala Hisingen Lundby Norra;;jamforelser-2018-och-2022-valdistrikt-och-uppsamlingsdistrikt-v2.xlsx
;14800928;;nej;;Centrala Hisingen Kyrkbyn Södra;;jamforelser-2018-och-2022-valdistrikt-och-uppsamlingsdistrikt-v2.xlsx
;14800929;;nej;;Centrala Hisingen Lundby Södra;;jamforelser-2018-och-2022-valdistrikt-och-uppsamlingsdistrikt-v2.xlsx
;14800930;;nej;;Centrala Hisingen Bräcke Norra;;jamforelser-2018-och-2022-valdistrikt-och-uppsamlingsdistrikt-v2.xlsx
14804142;14800931;;ja;Lundby, Bräcke, Södra;Centrala Hisingen Bräcke Södra;2018-kod i kolumnen Jämförbart i källan;jamforelser-2018-och-2022-valdistrikt-och-uppsamlingsdistrikt-v2.xlsx
;14800932;;nej;;Centrala Hisingen Pölsebo-Bratterås;;jamforelser-2018-och-2022-valdistrikt-och-uppsamlingsdistrikt-v2.xlsx
;14800933;;nej;;Centrala Hisingen Färjenäs;;jamforelser-2018-och-2022-valdistrikt-och-uppsamlingsdistrikt-v2.xlsx
;14800934;;nej;;Centrala Hisingen Eriksberg Västra;;jamforelser-2018-och-2022-valdistrikt-och-uppsamlingsdistrikt-v2.xlsx
;14800935;;nej;;Centrala Hisingen Eriksberg Östra;;jamforelser-2018-och-2022-valdistrikt-och-uppsamlingsdistrikt-v2.xlsx
;14800936;;nej;;Centrala Hisingen Sörhallsberget S;;jamforelser-2018-och-2022-valdistrikt-och-uppsamlingsdistrikt-v2.xlsx
;14800937;;nej;;Centrala Hisingen Sörhallsberget N;;jamforelser-2018-och-2022-valdistrikt-och-uppsamlingsdistrikt-v2.xlsx
;14800938;;nej;;Centrala Hisingen Sannegården V;;jamforelser-2018-och-2022-valdistrikt-och-uppsamlingsdistrikt-v2.xlsx
;14800939;;nej;;Centrala Hisingen Sannegården Ö;;jamforelser-2018-och-2022-valdistrikt-och-uppsamlingsdistrikt-v2.xlsx
;14800940;;nej;;Centrala Hisingen Lindholmen Södra;;jamforelser-2018-och-2022-valdistrikt-och-uppsamlingsdistrikt-v2.xlsx
;14800941;;nej;;Centrala Hisingen Lindholmen Norra;;jamforelser-2018-och-2022-valdistrikt-och-uppsamlingsdistrikt-v2.xlsx
14804081;14801001;;ja;Norra Hisingen, Rödbo;Norra Hisingen Rödbo;2018-kod i kolumnen Jämförbart i källan;jamforelser-2018-och-2022-valdistrikt-och-uppsamlingsdistrikt-v2.xlsx
14804076;14801002;;ja;Norra Hisingen, Mysterna-Svankälla;Norra Hisingen Mysterna-Svankälla;2018-kod i kolumnen Jämförbart i källan;jamforelser-2018-och-2022-valdistrikt-och-uppsamlingsdistrikt-v2.xlsx
14804071;14801003;;ja;Norra Hisingen, Gerrebacka-Ingebäck;Norra Hisingen Gerrebacka-Ingebäck;2018-kod i kolumnen Jämförbart i källan;jamforelser-2018-och-2022-valdistrikt-och-uppsamlingsdistrikt-v2.xlsx
14804072;14801004;;ja;Norra Hisingen, Kärra, Norra;Norra Hisingen Kärra Norra;2018-kod i kolumnen Jämförbart i källan;jamforelser-2018-och-2022-valdistrikt-och-uppsamlingsdistrikt-v2.xlsx
14804075;14801005;;ja;Norra Hisingen, Kärra, Östra;Norra Hisingen Kärra Östra;2018-kod i kolumnen Jämförbart i källan;jamforelser-2018-och-2022-valdistrikt-och-uppsamlingsdistrikt-v2.xlsx
14804073;14801006;;ja;Norra Hisingen, Kärra, Södra;Norra Hisingen Kärra Södra;2018-kod i kolumnen Jämförbart i källan;jamforelser-2018-och-2022-valdistrikt-och-uppsamlingsdistrikt-v2.xlsx
14804074;14801007;;ja;Norra Hisingen, Kärra, Västra;Norra Hisingen Kärra Västra;2018-kod i kolumnen Jämförbart i källan;jamforelser-2018-och-2022-valdistrikt-och-uppsamlingsdistrikt-v2.xlsx
14804092;14801008;;ja;Norra Hisingen, Skogome;Norra Hisingen Skogome;2018-kod i kolumnen Jämförbart i källan;jamforelser-2018-och-2022-valdistrikt-och-uppsamlingsdistrikt-v2.xlsx
14804135;14801009;;ja;Norra Hisingen, Åketorp;Norra Hisingen Åketorp;2018-kod i kolumnen Jämförbart i källan;jamforelser-2018-och-2022-valdistrikt-och-uppsamlingsdistrikt-v2.xlsx
;14801010;;nej;;Norra Hisingen Bäckebol Norra;;jamforelser-2018-och-2022-valdistrikt-och-uppsamlingsdistrikt-v2.xlsx
;14801011;;nej;;Norra Hisingen Backadalen;;jamforelser-2018-och-2022-valdistrikt-och-uppsamlingsdistrikt-v2.xlsx
;14801012;;nej;;Norra Hisingen Bäckebol Södra;;jamforelser-2018-och-2022-valdistrikt-och-uppsamlingsdistrikt-v2.xlsx
;14801013;;nej;;Norra Hisingen Skälltorp;;jamforelser-2018-och-2022-valdistrikt-och-uppsamlingsdistrikt-v2.xlsx
;14801014;;nej;;Norra Hisingen Selma Lagerlöfs Torg;;jamforelser-2018-och-2022-valdistrikt-och-uppsamlingsdistrikt-v2.xlsx
;14801015;;nej;;Norra Hisingen Sankt Jörgen;;jamforelser-2018-och-2022-valdistrikt-och-uppsamlingsdistrikt-v2.xlsx
;14801016;;nej;;Norra Hisingen Backa Röd;;jamforelser-2018-och-2022-valdistrikt-och-uppsamlingsdistrikt-v2.xlsx
;14801017;;nej;;Norra Hisingen Julias Gata m fl;;jamforelser-2018-och-2022-valdistrikt-och-uppsamlingsdistrikt-v2.xlsx
;14801018;;nej;;Norra Hisingen Blendas Gata m fl;;jamforelser-2018-och-2022-valdistrikt-och-uppsamlingsdistrikt-v2.xlsx
;14801019;;nej;;Norra Hisingen Backa Södra;;jamforelser-2018-och-2022-valdistrikt-och-uppsamlingsdistrikt-v2.xlsx
;14801020;;nej;;Norra Hisingen Backa Norra;;jamforelser-2018-och-2022-valdistrikt-och-uppsamlingsdistrikt-v2.xlsx
;14801021;;nej;;Norra Hisingen Bällskär;;jamforelser-2018-och-2022-valdistrikt-och-uppsamlingsdistrikt-v2.xlsx
;14801022;;nej;;Norra Hisingen Tingstad;;jamforelser-2018-och-2022-valdistrikt-och-uppsamlingsdistrikt-v2.xlsx
;14801023;;nej;;Norra Hisingen Brunnsbo Södra;;jamforelser-2018-och-2022-valdistrikt-och-uppsamlingsdistrikt-v2.xlsx
;14801024;;nej;;Norra Hisingen Folkvisegatan m fl;;jamforelser-2018-och-2022-valdistrikt-och-uppsamlingsdistrikt-v2.xlsx
;14801025;;nej;;Norra Hisingen Brunnsbo Norra;;jamforelser-2018-och-2022-valdistrikt-och-uppsamlingsdistrikt-v2.xlsx
;14801026;;nej;;Norra Hisingen Aröd;;jamforelser-2018-och-2022-valdistrikt-och-uppsamlingsdistrikt-v2.xlsx
;14801027;;nej;;Norra Hisingen Tuve Södra;;jamforelser-2018-och-2022-valdistrikt-och-uppsamlingsdistrikt-v2.xlsx
;14801028;;nej;;Norra Hisingen Gunnestorp;;jamforelser-2018-och-2022-valdistrikt-och-uppsamlingsdistrikt-v2.xlsx
;14801029;;nej;;Norra Hisingen Arvesgärde m fl;;jamforelser-2018-och-2022-valdistrikt-och-uppsamlingsdistrikt-v2.xlsx
;14801030;;nej;;Norra Hisingen Glöstorp;;jamforelser-2018-och-2022-valdistrikt-och-uppsamlingsdistrikt-v2.xlsx
;14801031;;nej;;Norra Hisingen Tuve Norra;;jamforelser-2018-och-2022-valdistrikt-och-uppsamlingsdistrikt-v2.xlsx
;14801032;;nej;;Norra Hisingen Norumshöjd;;jamforelser-2018-och-2022-valdistrikt-och-uppsamlingsdistrikt-v2.xlsx
;14801033;;nej;;Norra Hisingen Tången;;jamforelser-2018-och-2022-valdistrikt-och-uppsamlingsdistrikt-v2.xlsx
;14801034;;nej;;Norra Hisingen Säve;;jamforelser-2018-och-2022-valdistrikt-och-uppsamlingsdistrikt-v2.xlsx
