ar;val;riksdagsvalkrets_id;riksdagsvalkrets_namn;kommun_id;kommun_namn;valdistrikt_id;valdistrikt_namn;Män/Svenska medborgare/18-29 förstagångsväljare;Kvinnor/Svenska medborgare/18-29 förstagångsväljare;Män/Ej svenska medborgare/18-29 förstagångsväljare;Kvinnor/Ej svenska medborgare/18-29 förstagångsväljare;Män/Svenska medborgare/18-29 ej förstagångsväljare;Kvinnor/Svenska medborgare/18-29 ej förstagångsväljare;Män/Ej svenska medborgare/18-29 ej förstagångsväljare;Kvinnor/Ej svenska medborgare/18-29 ej förstagångsväljare;Män/Svenska medborgare/30-49;Kvinnor/Svenska medborgare/30-49;Män/Ej svenska medborgare/30-49;Kvinnor/Ej svenska medborgare/30-49;Män/Svenska medborgare/50-64;Kvinnor/Svenska medborgare/50-64;Män/Ej svenska medborgare/50-64;Kvinnor/Ej svenska medborgare/50-64;Män/Svenska medborgare/65-;Kvinnor/Svenska medborgare/65-;Män/Ej svenska medborgare/65-;Kvinnor/Ej svenska medborgare/65-;totalt
2014;rd;16;Göteborgs kommun;1480;Göteborg;14801011;Majorna-Linné, Klippan;43;36;0;0;149;183;0;0;309;345;0;0;200;247;0;0;101;96;0;0;1709
2014;rd;16;Göteborgs kommun;1480;Göteborg;14801012;Majorna-Linné, Kungsladugård;33;33;0;0;161;174;0;0;343;351;0;0;103;141;0;0;56;74;0;0;1469
2014;rd;16;Göteborgs kommun;1480;Göteborg;14801013;Majorna-Linné, Mariaplan;43;28;0;0;107;145;0;0;292;321;0;0;122;154;0;0;46;48;0;0;1306
2014;rd;16;Göteborgs kommun;1480;Göteborg;14801014;Majorna-Linné, Silverkällan;28;48;0;0;114;128;0;0;295;377;0;0;174;174;0;0;52;58;0;0;1448
2014;rd;16;Göteborgs kommun;1480;Göteborg;14801015;Majorna-Linné, Skytteskogen;47;57;0;0;146;196;0;0;241;267;0;0;223;206;0;0;138;154;0;0;1675
2014;rd;16;Göteborgs kommun;1480;Göteborg;14801016;Majorna-Linné, Svalebo;26;39;0;0;114;148;0;0;228;200;0;0;148;134;0;0;101;121;0;0;1259
2014;rd;16;Göteborgs kommun;1480;Göteborg;14801021;Majorna-Linné, Sandarne;21;26;0;0;184;215;0;0;362;375;0;0;139;151;0;0;107;159;0;0;1739
2014;rd;16;Göteborgs kommun;1480;Göteborg;14801031;Majorna-Linné, Godhem;25;24;0;0;91;118;0;0;251;289;0;0;128;103;0;0;68;72;0;0;1169
2014;rd;16;Göteborgs kommun;1480;Göteborg;14801032;Majorna-Linné, Gråberget;19;16;0;0;119;144;0;0;307;257;0;0;150;169;0;0;157;247;0;0;1585
2014;rd;16;Göteborgs kommun;1480;Göteborg;14801033;Majorna-Linné, Hängmattan;33;33;0;0;83;100;0;0;302;306;0;0;166;200;0;0;103;154;0;0;1480
2014;rd;16;Göteborgs kommun;1480;Göteborg;14801034;Majorna-Linné, Majorna;34;37;0;0;166;189;0;0;263;228;0;0;155;149;0;0;152;243;0;0;1616
2014;rd;16;Göteborgs kommun;1480;Göteborg;14801035;Majorna-Linné, Marieberg;33;31;0;0;110;123;0;0;303;327;0;0;147;167;0;0;49;65;0;0;1355
2014;rd;16;Göteborgs kommun;1480;Göteborg;14801036;Majorna-Linné, Slottsskogsgatan m fl;23;19;0;0;112;153;0;0;301;255;0;0;164;183;0;0;187;252;0;0;1649
2014;rd;16;Göteborgs kommun;1480;Göteborg;14801041;Majorna-Linné, Djurgårdsgatan m fl;18;35;0;0;125;149;0;0;405;419;0;0;162;191;0;0;64;71;0;0;1639
2014;rd;16;Göteborgs kommun;1480;Göteborg;14801042;Majorna-Linné, Gatenhielmska;39;33;0;0;124;133;0;0;267;280;0;0;107;126;0;0;70;98;0;0;1277
2014;rd;16;Göteborgs kommun;1480;Göteborg;14801043;Majorna-Linné, Karl Johans torg;34;39;0;0;158;209;0;0;369;406;0;0;154;201;0;0;87;84;0;0;1741
2014;rd;16;Göteborgs kommun;1480;Göteborg;14801044;Majorna-Linné, Söderlingska ängen;32;37;0;0;137;155;0;0;279;344;0;0;125;136;0;0;51;82;0;0;1378
2014;rd;16;Göteborgs kommun;1480;Göteborg;14801051;Majorna-Linné, Masthugget, Nedre;36;40;0;0;121;118;0;0;206;178;0;0;169;190;0;0;112;138;0;0;1308
2014;rd;16;Göteborgs kommun;1480;Göteborg;14801052;Majorna-Linné, Masthugget, Övre;28;34;0;0;137;173;0;0;325;318;0;0;145;190;0;0;80;92;0;0;1522
2014;rd;16;Göteborgs kommun;1480;Göteborg;14801053;Majorna-Linné, Masthuggstorget;20;18;0;0;162;142;0;0;276;206;0;0;128;136;0;0;90;97;0;0;1275
2014;rd;16;Göteborgs kommun;1480;Göteborg;14801054;Majorna-Linné, Oscar Fredrik;25;26;0;0;147;163;0;0;266;258;0;0;141;155;0;0;66;88;0;0;1335
2014;rd;16;Göteborgs kommun;1480;Göteborg;14801055;Majorna-Linné, Slottsskogen;13;22;0;0;80;94;0;0;192;209;0;0;109;102;0;0;106;185;0;0;1112
2014;rd;16;Göteborgs kommun;1480;Göteborg;14801056;Majorna-Linné, Stigberget;39;46;0;0;167;145;0;0;294;261;0;0;160;143;0;0;86;135;0;0;1476
2014;rd;16;Göteborgs kommun;1480;Göteborg;14801057;Majorna-Linné, Vegastaden;25;24;0;0;119;137;0;0;241;221;0;0;126;149;0;0;76;133;0;0;1251
2014;rd;16;Göteborgs kommun;1480;Göteborg;14801061;Majorna-Linné, Änggården;43;43;0;0;85;63;0;0;139;160;0;0;150;149;0;0;141;212;0;0;1185
2014;rd;16;Göteborgs kommun;1480;Göteborg;14801071;Majorna-Linné, Haga;52;39;0;0;79;94;0;0;335;353;0;0;229;265;0;0;127;190;0;0;1763
2014;rd;16;Göteborgs kommun;1480;Göteborg;14801072;Majorna-Linné, Skansberget;56;43;0;0;75;98;0;0;319;366;0;0;191;234;0;0;87;111;0;0;1580
2014;rd;16;Göteborgs kommun;1480;Göteborg;14801081;Majorna-Linné, Annedal;38;21;0;0;220;219;0;0;361;349;0;0;133;211;0;0;169;349;0;0;2070
2014;rd;16;Göteborgs kommun;1480;Göteborg;14801082;Majorna-Linné, Nilssonsberg;27;30;0;0;163;160;0;0;307;290;0;0;192;203;0;0;177;267;0;0;1816
2014;rd;16;Göteborgs kommun;1480;Göteborg;14801091;Majorna-Linné, Kommendantsängen;17;22;0;0;81;136;0;0;301;255;0;0;131;149;0;0;83;107;0;0;1282
2014;rd;16;Göteborgs kommun;1480;Göteborg;14801092;Majorna-Linné, Linné;25;39;0;0;99;136;0;0;315;264;0;0;160;186;0;0;120;155;0;0;1499
2014;rd;16;Göteborgs kommun;1480;Göteborg;14801093;Majorna-Linné, Linnéplatsen;21;17;0;0;83;89;0;0;183;183;0;0;111;156;0;0;109;117;0;0;1069
2014;rd;16;Göteborgs kommun;1480;Göteborg;14801094;Majorna-Linné, Långgatorna;26;33;0;0;205;200;0;0;341;312;0;0;190;180;0;0;99;125;0;0;1711
2014;rd;16;Göteborgs kommun;1480;Göteborg;14801095;Majorna-Linné, Olivedal;37;44;0;0;144;167;0;0;337;317;0;0;164;220;0;0;115;137;0;0;1682
2014;rd;16;Göteborgs kommun;1480;Göteborg;14801096;Majorna-Linné, Risåsen;15;29;0;0;155;171;0;0;238;210;0;0;93;108;0;0;47;79;0;0;1145
2014;rd;16;Göteborgs kommun;1480;Göteborg;14801097;Majorna-Linné, Sveaplan;16;26;0;0;69;90;0;0;229;187;0;0;168;190;0;0;167;226;0;0;1368
2014;rd;16;Göteborgs kommun;1480;Göteborg;14801101;Centrum, Framnäs;40;49;0;0;194;233;0;0;294;262;0;0;100;92;0;0;76;185;0;0;1525
2014;rd;16;Göteborgs kommun;1480;Göteborg;14801102;Centrum, Fredriksdal;38;24;0;0;125;126;0;0;169;154;0;0;94;95;0;0;80;101;0;0;1006
2014;rd;16;Göteborgs kommun;1480;Göteborg;14801103;Centrum, Fridkullagatan m fl;46;41;0;0;256;220;0;0;228;235;0;0;104;119;0;0;82;130;0;0;1461
2014;rd;16;Göteborgs kommun;1480;Göteborg;14801104;Centrum, Getebergsäng;31;33;0;0;152;172;0;0;286;251;0;0;120;158;0;0;120;147;0;0;1470
2014;rd;16;Göteborgs kommun;1480;Göteborg;14801105;Centrum, Kristinehöjd;17;18;0;0;200;242;0;0;274;235;0;0;93;85;0;0;64;106;0;0;1334
2014;rd;16;Göteborgs kommun;1480;Göteborg;14801106;Centrum, Krokslätt;35;35;0;0;120;137;0;0;231;214;0;0;148;159;0;0;123;167;0;0;1369
2014;rd;16;Göteborgs kommun;1480;Göteborg;14801107;Centrum, Mossen;90;84;0;0;382;289;0;0;65;65;0;0;27;30;0;0;27;35;0;0;1094
2014;rd;16;Göteborgs kommun;1480;Göteborg;14801108;Centrum, Olofshöjd;116;62;0;0;275;166;0;0;82;36;0;0;17;16;0;0;12;9;0;0;791
2014;rd;16;Göteborgs kommun;1480;Göteborg;14801111;Centrum, Eklanda;42;35;0;0;358;334;0;0;326;223;0;0;73;104;0;0;84;124;0;0;1703
2014;rd;16;Göteborgs kommun;1480;Göteborg;14801112;Centrum, Johanneberg, Nedre;78;68;0;0;333;320;0;0;223;199;0;0;174;200;0;0;145;194;0;0;1934
2014;rd;16;Göteborgs kommun;1480;Göteborg;14801113;Centrum, Johanneberg, Södra;33;33;0;0;253;268;0;0;298;228;0;0;92;96;0;0;72;102;0;0;1475
2014;rd;16;Göteborgs kommun;1480;Göteborg;14801114;Centrum, Johanneberg, Övre;72;52;0;0;231;218;0;0;253;209;0;0;131;135;0;0;96;169;0;0;1566
2014;rd;16;Göteborgs kommun;1480;Göteborg;14801121;Centrum, Landala;26;36;0;0;126;159;0;0;239;217;0;0;117;152;0;0;114;174;0;0;1360
2014;rd;16;Göteborgs kommun;1480;Göteborg;14801122;Centrum, Landalabergen m fl;27;31;0;0;109;148;0;0;270;257;0;0;134;177;0;0;123;228;0;0;1504
2014;rd;16;Göteborgs kommun;1480;Göteborg;14801123;Centrum, Landalagången m fl;25;20;0;0;149;184;0;0;150;136;0;0;92;94;0;0;107;177;0;0;1134
2014;rd;16;Göteborgs kommun;1480;Göteborg;14801131;Centrum, Doktor Forselius gata m fl;61;49;0;0;162;127;0;0;213;226;0;0;104;123;0;0;107;154;0;0;1326
2014;rd;16;Göteborgs kommun;1480;Göteborg;14801132;Centrum, Guldheden vattentornet;42;26;0;0;174;164;0;0;330;294;0;0;147;176;0;0;140;194;0;0;1687
2014;rd;16;Göteborgs kommun;1480;Göteborg;14801133;Centrum, Guldheden, Centrala;22;36;0;0;128;151;0;0;231;198;0;0;97;111;0;0;76;139;0;0;1189
2014;rd;16;Göteborgs kommun;1480;Göteborg;14801134;Centrum, Guldheden, Norra;32;30;0;0;135;144;0;0;344;261;0;0;100;140;0;0;88;162;0;0;1436
2014;rd;16;Göteborgs kommun;1480;Göteborg;14801135;Centrum, Guldheden, Södra;25;37;0;0;147;155;0;0;248;222;0;0;95;117;0;0;92;154;0;0;1292
2014;rd;16;Göteborgs kommun;1480;Göteborg;14801136;Centrum, Landala Egnahem;31;30;0;0;195;196;0;0;212;205;0;0;84;115;0;0;99;137;0;0;1304
2014;rd;16;Göteborgs kommun;1480;Göteborg;14801141;Centrum, Lorensberg;43;34;0;0;133;133;0;0;228;218;0;0;229;230;0;0;252;317;0;0;1817
2014;rd;16;Göteborgs kommun;1480;Göteborg;14801151;Centrum, Valand;31;34;0;0;102;124;0;0;209;176;0;0;130;130;0;0;121;122;0;0;1179
2014;rd;16;Göteborgs kommun;1480;Göteborg;14801152;Centrum, Vasastaden, Norra;35;37;0;0;165;158;0;0;317;271;0;0;174;134;0;0;95;125;0;0;1511
2014;rd;16;Göteborgs kommun;1480;Göteborg;14801153;Centrum, Vasastaden, Södra;36;42;0;0;187;165;0;0;312;269;0;0;163;198;0;0;139;200;0;0;1711
2014;rd;16;Göteborgs kommun;1480;Göteborg;14801154;Centrum, Vasastaden, Östra;45;45;0;0;113;120;0;0;312;269;0;0;180;169;0;0;119;119;0;0;1491
2014;rd;16;Göteborgs kommun;1480;Göteborg;14801161;Centrum, Inom Vallgraven;34;34;0;0;153;181;0;0;394;301;0;0;278;235;0;0;132;150;0;0;1892
2014;rd;16;Göteborgs kommun;1480;Göteborg;14801162;Centrum, Nordstan-Otterhällan;37;37;0;0;195;191;0;0;330;243;0;0;207;209;0;0;155;152;0;0;1756
2014;rd;16;Göteborgs kommun;1480;Göteborg;14801171;Centrum, Friggagatan-Stampen;9;28;0;0;144;139;0;0;311;259;0;0;139;153;0;0;108;150;0;0;1440
2014;rd;16;Göteborgs kommun;1480;Göteborg;14801172;Centrum, Gullbergsvass-Svingeln;28;52;0;0;332;386;0;0;369;280;0;0;83;72;0;0;39;33;0;0;1674
2014;rd;16;Göteborgs kommun;1480;Göteborg;14801173;Centrum, Gårda, Norra;21;21;0;0;132;158;0;0;261;187;0;0;111;116;0;0;58;45;0;0;1110
2014;rd;16;Göteborgs kommun;1480;Göteborg;14801174;Centrum, Odinsgatan-Stampen;34;33;0;0;200;187;0;0;270;208;0;0;157;169;0;0;155;206;0;0;1619
2014;rd;16;Göteborgs kommun;1480;Göteborg;14801181;Centrum, Bohusgatan m fl;32;26;0;0;68;88;0;0;228;220;0;0;200;217;0;0;166;206;0;0;1451
2014;rd;16;Göteborgs kommun;1480;Göteborg;14801182;Centrum, Gårda, Södra;39;43;0;0;208;190;0;0;177;113;0;0;77;71;0;0;101;164;0;0;1183
2014;rd;16;Göteborgs kommun;1480;Göteborg;14801183;Centrum, Heden;23;29;0;0;96;95;0;0;251;251;0;0;163;171;0;0;143;172;0;0;1394
2014;rd;16;Göteborgs kommun;1480;Göteborg;14801184;Centrum, Hedås;20;35;0;0;105;83;0;0;209;180;0;0;147;162;0;0;109;153;0;0;1203
2014;rd;16;Göteborgs kommun;1480;Göteborg;14802011;Örgryte-Härlanda, Gubbero;12;18;0;0;160;178;0;0;269;224;0;0;73;79;0;0;68;138;0;0;1219
2014;rd;16;Göteborgs kommun;1480;Göteborg;14802012;Örgryte-Härlanda, Olskroken;38;23;0;0;111;133;0;0;232;237;0;0;133;146;0;0;110;164;0;0;1327
2014;rd;16;Göteborgs kommun;1480;Göteborg;14802013;Örgryte-Härlanda, Redberget;25;27;0;0;139;177;0;0;275;250;0;0;77;98;0;0;43;46;0;0;1157
2014;rd;16;Göteborgs kommun;1480;Göteborg;14802014;Örgryte-Härlanda, Redbergsplatsen;14;17;0;0;108;121;0;0;221;202;0;0;106;124;0;0;88;170;0;0;1171
2014;rd;16;Göteborgs kommun;1480;Göteborg;14802021;Örgryte-Härlanda, Bagaregården;29;28;0;0;83;113;0;0;245;237;0;0;96;136;0;0;27;37;0;0;1031
2014;rd;16;Göteborgs kommun;1480;Göteborg;14802022;Örgryte-Härlanda, Ånäs;23;28;0;0;136;178;0;0;266;242;0;0;85;117;0;0;48;44;0;0;1167
2014;rd;16;Göteborgs kommun;1480;Göteborg;14802031;Örgryte-Härlanda, Redbergslid;24;46;0;0;206;226;0;0;300;266;0;0;151;164;0;0;118;160;0;0;1661
2014;rd;16;Göteborgs kommun;1480;Göteborg;14802032;Örgryte-Härlanda, Strömmensberg;27;32;0;0;148;210;0;0;245;215;0;0;127;125;0;0;87;164;0;0;1380
2014;rd;16;Göteborgs kommun;1480;Göteborg;14802041;Örgryte-Härlanda, Kallebäck, Västra;48;39;0;0;156;149;0;0;166;143;0;0;96;104;0;0;129;211;0;0;1241
2014;rd;16;Göteborgs kommun;1480;Göteborg;14802042;Örgryte-Härlanda, Kallebäck, Östra;29;38;0;0;174;213;0;0;356;281;0;0;124;156;0;0;109;173;0;0;1653
2014;rd;16;Göteborgs kommun;1480;Göteborg;14802051;Örgryte-Härlanda, Jakobsdal;35;38;0;0;128;101;0;0;236;240;0;0;157;185;0;0;124;148;0;0;1392
2014;rd;16;Göteborgs kommun;1480;Göteborg;14802052;Örgryte-Härlanda, Skår, Norra;49;42;0;0;48;76;0;0;134;153;0;0;158;161;0;0;124;122;0;0;1067
2014;rd;16;Göteborgs kommun;1480;Göteborg;14802053;Örgryte-Härlanda, Skår, Södra;41;54;0;0;64;88;0;0;184;196;0;0;172;162;0;0;110;111;0;0;1182
2014;rd;16;Göteborgs kommun;1480;Göteborg;14802061;Örgryte-Härlanda, Bö;34;40;0;0;54;55;0;0;171;177;0;0;109;145;0;0;85;112;0;0;982
2014;rd;16;Göteborgs kommun;1480;Göteborg;14802062;Örgryte-Härlanda, Örgryte;36;43;0;0;74;75;0;0;117;148;0;0;114;125;0;0;110;129;0;0;971
2014;rd;16;Göteborgs kommun;1480;Göteborg;14802071;Örgryte-Härlanda, Torp;37;37;0;0;157;180;0;0;311;328;0;0;153;207;0;0;154;261;0;0;1825
2014;rd;16;Göteborgs kommun;1480;Göteborg;14802081;Örgryte-Härlanda, Kärralund;69;66;0;0;129;152;0;0;294;316;0;0;212;208;0;0;119;146;0;0;1711
2014;rd;16;Göteborgs kommun;1480;Göteborg;14802082;Örgryte-Härlanda, Lunden, Gamla;21;42;0;0;227;260;0;0;290;284;0;0;107;103;0;0;66;81;0;0;1481
2014;rd;16;Göteborgs kommun;1480;Göteborg;14802083;Örgryte-Härlanda, Lunden, Nya;27;41;0;0;194;194;0;0;311;275;0;0;128;138;0;0;204;298;0;0;1810
2014;rd;16;Göteborgs kommun;1480;Göteborg;14802084;Örgryte-Härlanda, Nobelplatsen;20;34;0;0;187;255;0;0;312;260;0;0;90;87;0;0;66;85;0;0;1396
2014;rd;16;Göteborgs kommun;1480;Göteborg;14802085;Örgryte-Härlanda, Sankt Pauli;29;29;0;0;172;207;0;0;302;296;0;0;136;166;0;0;129;222;0;0;1688
2014;rd;16;Göteborgs kommun;1480;Göteborg;14802086;Örgryte-Härlanda, Överås;32;35;0;0;227;251;0;0;379;286;0;0;135;163;0;0;104;136;0;0;1748
2014;rd;16;Göteborgs kommun;1480;Göteborg;14802091;Örgryte-Härlanda, Härlanda;37;37;0;0;114;126;0;0;251;246;0;0;137;148;0;0;77;83;0;0;1256
2014;rd;16;Göteborgs kommun;1480;Göteborg;14802101;Örgryte-Härlanda, Kålltorp, Norra;26;23;0;0;190;220;0;0;248;243;0;0;106;110;0;0;54;55;0;0;1275
2014;rd;16;Göteborgs kommun;1480;Göteborg;14802102;Örgryte-Härlanda, Kålltorp, Södra;24;22;0;0;127;137;0;0;206;208;0;0;127;147;0;0;79;132;0;0;1209
2014;rd;16;Göteborgs kommun;1480;Göteborg;14802103;Örgryte-Härlanda, Kålltorp, Västra;38;27;0;0;90;98;0;0;190;193;0;0;123;140;0;0;74;80;0;0;1053
2014;rd;16;Göteborgs kommun;1480;Göteborg;14802104;Örgryte-Härlanda, Kålltorp, Östra;19;27;0;0;140;166;0;0;215;223;0;0;85;93;0;0;45;60;0;0;1073
2014;rd;16;Göteborgs kommun;1480;Göteborg;14802105;Örgryte-Härlanda, Munkebäck, Norra;21;20;0;0;164;188;0;0;239;220;0;0;80;84;0;0;58;71;0;0;1145
2014;rd;16;Göteborgs kommun;1480;Göteborg;14802106;Örgryte-Härlanda, Munkebäck, Södra;27;36;0;0;117;134;0;0;268;243;0;0;110;139;0;0;68;145;0;0;1287
2014;rd;16;Göteborgs kommun;1480;Göteborg;14802111;Örgryte-Härlanda, Fräntorp;44;34;0;0;50;44;0;0;202;208;0;0;153;138;0;0;112;124;0;0;1109
2014;rd;16;Göteborgs kommun;1480;Göteborg;14802112;Örgryte-Härlanda, Torpa;55;64;0;0;143;177;0;0;295;343;0;0;234;238;0;0;143;219;0;0;1911
2014;rd;16;Göteborgs kommun;1480;Göteborg;14802121;Örgryte-Härlanda, Björkekärr, Norra;15;17;0;0;69;77;0;0;123;127;0;0;73;94;0;0;108;189;0;0;892
2014;rd;16;Göteborgs kommun;1480;Göteborg;14802122;Örgryte-Härlanda, Björkekärr, Södra;39;30;0;0;60;76;0;0;256;282;0;0;164;153;0;0;139;188;0;0;1387
2014;rd;16;Göteborgs kommun;1480;Göteborg;14802123;Örgryte-Härlanda, Björkekärr, Västra;69;75;0;0;230;217;0;0;122;113;0;0;85;101;0;0;77;146;0;0;1235
2014;rd;16;Göteborgs kommun;1480;Göteborg;14802124;Örgryte-Härlanda, Björkekärr, Östra;36;40;0;0;132;146;0;0;166;184;0;0;121;101;0;0;106;187;0;0;1219
2014;rd;16;Göteborgs kommun;1480;Göteborg;14802125;Örgryte-Härlanda, Robertshöjd m fl;46;34;0;0;133;141;0;0;241;259;0;0;142;154;0;0;151;260;0;0;1561
2014;rd;16;Göteborgs kommun;1480;Göteborg;14803011;Östra Göteborg, Bellevue;27;24;0;0;208;223;0;0;267;200;0;0;102;87;0;0;64;83;0;0;1285
2014;rd;16;Göteborgs kommun;1480;Göteborg;14803012;Östra Göteborg, Gamlestaden;51;46;0;0;209;222;0;0;266;261;0;0;74;64;0;0;34;47;0;0;1274
2014;rd;16;Göteborgs kommun;1480;Göteborg;14803013;Östra Göteborg, Kviberg, Västra;24;34;0;0;181;187;0;0;234;216;0;0;117;127;0;0;165;264;0;0;1549
2014;rd;16;Göteborgs kommun;1480;Göteborg;14803014;Östra Göteborg, Kviberg, Östra;71;82;0;0;259;277;0;0;125;126;0;0;43;64;0;0;41;51;0;0;1139
2014;rd;16;Göteborgs kommun;1480;Göteborg;14803015;Östra Göteborg, Nylöse;22;38;0;0;151;193;0;0;313;260;0;0;182;121;0;0;75;92;0;0;1447
2014;rd;16;Göteborgs kommun;1480;Göteborg;14803021;Östra Göteborg, Fjällbo;59;37;0;0;66;71;0;0;341;371;0;0;167;142;0;0;110;162;0;0;1526
2014;rd;16;Göteborgs kommun;1480;Göteborg;14803022;Östra Göteborg, Utby;42;46;0;0;56;57;0;0;312;345;0;0;188;158;0;0;117;123;0;0;1444
2014;rd;16;Göteborgs kommun;1480;Göteborg;14803023;Östra Göteborg, Utbynäs;42;40;0;0;59;40;0;0;206;213;0;0;147;140;0;0;105;99;0;0;1091
2014;rd;16;Göteborgs kommun;1480;Göteborg;14803031;Östra Göteborg, Gregorianska g. m fl;33;28;0;0;151;163;0;0;278;201;0;0;175;140;0;0;103;120;0;0;1392
2014;rd;16;Göteborgs kommun;1480;Göteborg;14803032;Östra Göteborg, Kortedala Centrum;31;33;0;0;126;161;0;0;242;217;0;0;148;129;0;0;106;192;0;0;1385
2014;rd;16;Göteborgs kommun;1480;Göteborg;14803033;Östra Göteborg, Kortedala, Södra;44;31;0;0;96;107;0;0;220;249;0;0;144;134;0;0;80;143;0;0;1248
2014;rd;16;Göteborgs kommun;1480;Göteborg;14803034;Östra Göteborg, Kortedala, Västra;17;33;0;0;137;125;0;0;188;177;0;0;138;146;0;0;154;239;0;0;1354
2014;rd;16;Göteborgs kommun;1480;Göteborg;14803035;Östra Göteborg, Kortedala, Östra;22;28;0;0;147;184;0;0;307;195;0;0;130;135;0;0;137;188;0;0;1473
2014;rd;16;Göteborgs kommun;1480;Göteborg;14803041;Östra Göteborg, Adventsparken;29;33;0;0;103;143;0;0;208;193;0;0;137;152;0;0;156;233;0;0;1387
2014;rd;16;Göteborgs kommun;1480;Göteborg;14803042;Östra Göteborg, Kortedala, Norra;48;45;0;0;173;189;0;0;290;291;0;0;156;168;0;0;111;117;0;0;1588
2014;rd;16;Göteborgs kommun;1480;Göteborg;14803043;Östra Göteborg, Månadsgatorna m fl;42;42;0;0;131;161;0;0;259;255;0;0;174;140;0;0;103;135;0;0;1442
2014;rd;16;Göteborgs kommun;1480;Göteborg;14803051;Östra Göteborg, Bergsjön, Norra;24;27;0;0;136;164;0;0;169;144;0;0;117;83;0;0;76;83;0;0;1023
2014;rd;16;Göteborgs kommun;1480;Göteborg;14803052;Östra Göteborg, Gärdsmosse;41;41;0;0;108;138;0;0;201;202;0;0;133;89;0;0;85;114;0;0;1152
2014;rd;16;Göteborgs kommun;1480;Göteborg;14803053;Östra Göteborg, Gärdsås;34;34;0;0;63;80;0;0;146;142;0;0;147;131;0;0;102;108;0;0;987
2014;rd;16;Göteborgs kommun;1480;Göteborg;14803054;Östra Göteborg, Siriusgatan;41;53;0;0;100;159;0;0;320;269;0;0;177;131;0;0;113;112;0;0;1475
2014;rd;16;Göteborgs kommun;1480;Göteborg;14803061;Östra Göteborg, Bergsjön, Södra;73;75;0;0;109;89;0;0;266;273;0;0;167;135;0;0;79;105;0;0;1371
2014;rd;16;Göteborgs kommun;1480;Göteborg;14803062;Östra Göteborg, Bergsjön, Östra;86;76;0;0;91;85;0;0;205;307;0;0;144;130;0;0;51;77;0;0;1252
2014;rd;16;Göteborgs kommun;1480;Göteborg;14803063;Östra Göteborg, Komettorget;54;54;0;0;145;131;0;0;231;187;0;0;179;111;0;0;160;106;0;0;1358
2014;rd;16;Göteborgs kommun;1480;Göteborg;14803064;Östra Göteborg, Rymdtorget;20;32;0;0;62;72;0;0;202;127;0;0;98;81;0;0;52;67;0;0;813
2014;rd;16;Göteborgs kommun;1480;Göteborg;14804021;Lundby, Bjurslätt;63;77;0;0;143;166;0;0;306;338;0;0;199;171;0;0;111;162;0;0;1736
2014;rd;16;Göteborgs kommun;1480;Göteborg;14804022;Lundby, Flunsås;26;25;0;0;219;241;0;0;277;220;0;0;136;102;0;0;94;127;0;0;1467
2014;rd;16;Göteborgs kommun;1480;Göteborg;14804023;Lundby, Kvillebäcken, Norra;25;32;0;0;163;172;0;0;268;227;0;0;134;100;0;0;120;170;0;0;1411
2014;rd;16;Göteborgs kommun;1480;Göteborg;14804024;Lundby, Kvillebäcken, Södra;29;28;0;0;227;261;0;0;313;250;0;0;94;84;0;0;51;68;0;0;1405
2014;rd;16;Göteborgs kommun;1480;Göteborg;14804025;Lundby, Kvillebäcken, Östra;27;36;0;0;237;202;0;0;186;113;0;0;80;55;0;0;27;26;0;0;989
2014;rd;16;Göteborgs kommun;1480;Göteborg;14804026;Lundby, Wieselgrensplatsen;17;30;0;0;133;158;0;0;210;186;0;0;95;112;0;0;91;128;0;0;1160
2014;rd;16;Göteborgs kommun;1480;Göteborg;14804031;Lundby, Hilldedal;36;40;0;0;91;103;0;0;262;257;0;0;135;117;0;0;97;103;0;0;1241
2014;rd;16;Göteborgs kommun;1480;Göteborg;14804032;Lundby, Slätta Damm;38;38;0;0;219;217;0;0;330;275;0;0;152;155;0;0;138;166;0;0;1728
2014;rd;16;Göteborgs kommun;1480;Göteborg;14804041;Lundby, Kärrdalen;58;47;0;0;49;36;0;0;244;255;0;0;183;166;0;0;163;160;0;0;1361
2014;rd;16;Göteborgs kommun;1480;Göteborg;14804042;Lundby, Tolered, Norra;57;59;0;0;58;48;0;0;193;220;0;0;152;136;0;0;109;116;0;0;1148
2014;rd;16;Göteborgs kommun;1480;Göteborg;14804043;Lundby, Tolered, Södra;52;38;0;0;46;51;0;0;219;247;0;0;145;135;0;0;101;98;0;0;1132
2014;rd;16;Göteborgs kommun;1480;Göteborg;14804051;Norra Hisingen, Glöstorp;18;31;0;0;130;110;0;0;201;124;0;0;75;108;0;0;169;239;0;0;1205
2014;rd;16;Göteborgs kommun;1480;Göteborg;14804052;Norra Hisingen, Gunnestorp;64;70;0;0;89;92;0;0;263;275;0;0;166;165;0;0;172;200;0;0;1556
2014;rd;16;Göteborgs kommun;1480;Göteborg;14804053;Norra Hisingen, Norumshöjd;56;51;0;0;141;141;0;0;243;279;0;0;111;124;0;0;81;133;0;0;1360
2014;rd;16;Göteborgs kommun;1480;Göteborg;14804054;Norra Hisingen, Tuve;56;42;0;0;65;83;0;0;243;251;0;0;162;173;0;0;209;269;0;0;1553
2014;rd;16;Göteborgs kommun;1480;Göteborg;14804055;Norra Hisingen, Tången;36;51;0;0;45;34;0;0;194;195;0;0;143;133;0;0;198;207;0;0;1236
2014;rd;16;Göteborgs kommun;1480;Göteborg;14804061;Norra Hisingen, Säve;70;53;0;0;79;69;0;0;270;297;0;0;265;199;0;0;185;168;0;0;1655
2014;rd;16;Göteborgs kommun;1480;Göteborg;14804071;Norra Hisingen, Gerrebacka-Ingebäck;31;47;0;0;84;103;0;0;395;404;0;0;105;97;0;0;60;59;0;0;1385
2014;rd;16;Göteborgs kommun;1480;Göteborg;14804072;Norra Hisingen, Kärra, Norra;28;17;0;0;53;53;0;0;146;135;0;0;112;134;0;0;182;255;0;0;1115
2014;rd;16;Göteborgs kommun;1480;Göteborg;14804073;Norra Hisingen, Kärra, Södra;52;42;0;0;77;58;0;0;214;204;0;0;135;157;0;0;162;183;0;0;1284
2014;rd;16;Göteborgs kommun;1480;Göteborg;14804074;Norra Hisingen, Kärra, Västra;40;38;0;0;80;61;0;0;204;219;0;0;143;139;0;0;121;166;0;0;1211
2014;rd;16;Göteborgs kommun;1480;Göteborg;14804075;Norra Hisingen, Kärra, Östra;49;49;0;0;82;62;0;0;199;224;0;0;126;135;0;0;170;217;0;0;1313
2014;rd;16;Göteborgs kommun;1480;Göteborg;14804076;Norra Hisingen, Mysterna-Svankälla;60;52;0;0;37;27;0;0;372;402;0;0;139;127;0;0;71;50;0;0;1337
2014;rd;16;Göteborgs kommun;1480;Göteborg;14804081;Norra Hisingen, Rödbo;21;16;0;0;36;41;0;0;137;120;0;0;104;85;0;0;77;63;0;0;700
2014;rd;16;Göteborgs kommun;1480;Göteborg;14804091;Norra Hisingen, Skogome-Sankt Jörgen;37;41;0;0;86;83;0;0;362;366;0;0;207;190;0;0;211;290;0;0;1873
2014;rd;16;Göteborgs kommun;1480;Göteborg;14804101;Norra Hisingen, Aröd;40;56;0;0;147;156;0;0;284;277;0;0;191;177;0;0;148;170;0;0;1646
2014;rd;16;Göteborgs kommun;1480;Göteborg;14804102;Norra Hisingen, Backa-Tingstad;61;53;0;0;97;97;0;0;267;279;0;0;214;204;0;0;178;186;0;0;1636
2014;rd;16;Göteborgs kommun;1480;Göteborg;14804103;Norra Hisingen, Brunnsbo;40;54;0;0;140;169;0;0;245;279;0;0;141;154;0;0;133;226;0;0;1581
2014;rd;16;Göteborgs kommun;1480;Göteborg;14804121;Norra Hisingen, Backa;38;33;0;0;109;91;0;0;214;196;0;0;150;163;0;0;205;286;0;0;1485
2014;rd;16;Göteborgs kommun;1480;Göteborg;14804122;Norra Hisingen, Backa Röd;48;44;0;0;75;98;0;0;226;231;0;0;149;134;0;0;91;107;0;0;1203
2014;rd;16;Göteborgs kommun;1480;Göteborg;14804123;Norra Hisingen, Bällskär;69;67;0;0;79;68;0;0;237;259;0;0;212;194;0;0;203;219;0;0;1607
2014;rd;16;Göteborgs kommun;1480;Göteborg;14804124;Norra Hisingen, Wadköpingsgatan;55;64;0;0;160;211;0;0;211;217;0;0;109;109;0;0;60;94;0;0;1290
2014;rd;16;Göteborgs kommun;1480;Göteborg;14804131;Norra Hisingen, Backadalen;20;34;0;0;104;92;0;0;169;158;0;0;133;157;0;0;189;304;0;0;1360
2014;rd;16;Göteborgs kommun;1480;Göteborg;14804132;Norra Hisingen, Bäckebol;33;25;0;0;65;69;0;0;122;136;0;0;98;114;0;0;125;178;0;0;965
2014;rd;16;Göteborgs kommun;1480;Göteborg;14804133;Norra Hisingen, Selma Lagerlöfs torg;65;54;0;0;130;122;0;0;194;136;0;0;105;73;0;0;88;107;0;0;1074
2014;rd;16;Göteborgs kommun;1480;Göteborg;14804134;Norra Hisingen, Skälltorp;30;28;0;0;123;101;0;0;227;214;0;0;186;193;0;0;218;294;0;0;1614
2014;rd;16;Göteborgs kommun;1480;Göteborg;14804135;Norra Hisingen, Åketorp;70;47;0;0;55;50;0;0;259;275;0;0;232;240;0;0;209;174;0;0;1611
2014;rd;16;Göteborgs kommun;1480;Göteborg;14804141;Lundby, Bräcke, Norra;35;44;0;0;94;103;0;0;264;246;0;0;174;135;0;0;108;102;0;0;1305
2014;rd;16;Göteborgs kommun;1480;Göteborg;14804142;Lundby, Bräcke, Södra;35;46;0;0;103;96;0;0;237;215;0;0;117;114;0;0;94;76;0;0;1133
2014;rd;16;Göteborgs kommun;1480;Göteborg;14804143;Lundby, Kyrkbyn;23;19;0;0;126;148;0;0;250;188;0;0;130;126;0;0;113;214;0;0;1337
2014;rd;16;Göteborgs kommun;1480;Göteborg;14804144;Lundby, Lundby, Norra;19;25;0;0;139;151;0;0;187;166;0;0;100;95;0;0;115;161;0;0;1158
2014;rd;16;Göteborgs kommun;1480;Göteborg;14804145;Lundby, Lundby, Södra;25;21;0;0;131;159;0;0;230;178;0;0;100;90;0;0;73;55;0;0;1062
2014;rd;16;Göteborgs kommun;1480;Göteborg;14804151;Lundby, Brämaregården, Norra;17;18;0;0;122;135;0;0;252;192;0;0;118;116;0;0;94;160;0;0;1224
2014;rd;16;Göteborgs kommun;1480;Göteborg;14804152;Lundby, Brämaregården, Östra;26;28;0;0;243;269;0;0;287;207;0;0;107;82;0;0;47;40;0;0;1336
2014;rd;16;Göteborgs kommun;1480;Göteborg;14804153;Lundby, Brämaregården-Rambergsstaden;37;37;0;0;176;181;0;0;224;209;0;0;119;131;0;0;140;158;0;0;1412
2014;rd;16;Göteborgs kommun;1480;Göteborg;14804154;Lundby, Porslinsfabriken;20;27;0;0;222;215;0;0;262;189;0;0;113;102;0;0;53;38;0;0;1241
2014;rd;16;Göteborgs kommun;1480;Göteborg;14804155;Lundby, Rambergsstaden, Norra;25;24;0;0;93;106;0;0;168;149;0;0;110;133;0;0;155;243;0;0;1206
2014;rd;16;Göteborgs kommun;1480;Göteborg;14804156;Lundby, Rambergsstaden, Västra;14;32;0;0;235;215;0;0;314;167;0;0;112;62;0;0;56;18;0;0;1225
2014;rd;16;Göteborgs kommun;1480;Göteborg;14804161;Lundby, Eriksberg Sjöporten;14;23;0;0;114;120;0;0;244;204;0;0;152;164;0;0;181;214;0;0;1430
2014;rd;16;Göteborgs kommun;1480;Göteborg;14804162;Lundby, Eriksberg, Västra;21;19;0;0;85;82;0;0;191;163;0;0;159;179;0;0;107;100;0;0;1106
2014;rd;16;Göteborgs kommun;1480;Göteborg;14804163;Lundby, Eriksberg, Östra;22;16;0;0;56;59;0;0;225;177;0;0;185;192;0;0;148;185;0;0;1265
2014;rd;16;Göteborgs kommun;1480;Göteborg;14804164;Lundby, Pölsebo-Bratterås;21;34;0;0;164;168;0;0;334;277;0;0;110;137;0;0;45;53;0;0;1343
2014;rd;16;Göteborgs kommun;1480;Göteborg;14804165;Lundby, Sannegården;28;33;0;0;87;101;0;0;274;249;0;0;195;225;0;0;97;110;0;0;1399
2014;rd;16;Göteborgs kommun;1480;Göteborg;14804171;Lundby, Lindholmen;36;27;0;0;124;133;0;0;248;251;0;0;211;232;0;0;139;147;0;0;1548
2014;rd;16;Göteborgs kommun;1480;Göteborg;14804172;Lundby, Lundbyvassen;65;56;0;0;339;309;0;0;145;109;0;0;78;83;0;0;40;37;0;0;1261
2014;rd;16;Göteborgs kommun;1480;Göteborg;14805011;Västra Göteborg, Björnekulla;44;38;0;0;51;34;0;0;190;210;0;0;175;165;0;0;254;282;0;0;1443
2014;rd;16;Göteborgs kommun;1480;Göteborg;14805012;Västra Göteborg, Fiskebäck, Norra;45;52;0;0;42;45;0;0;248;279;0;0;179;179;0;0;164;171;0;0;1404
2014;rd;16;Göteborgs kommun;1480;Göteborg;14805013;Västra Göteborg, Fiskebäck, Södra;24;40;0;0;28;53;0;0;168;170;0;0;122;146;0;0;184;196;0;0;1131
2014;rd;16;Göteborgs kommun;1480;Göteborg;14805014;Västra Göteborg, Påvelund;59;69;0;0;65;43;0;0;246;295;0;0;194;178;0;0;208;238;0;0;1595
2014;rd;16;Göteborgs kommun;1480;Göteborg;14805021;Västra Göteborg, Långedrag;60;49;0;0;53;59;0;0;210;254;0;0;219;202;0;0;207;196;0;0;1509
2014;rd;16;Göteborgs kommun;1480;Göteborg;14805031;Västra Göteborg, Hagen;51;60;0;0;44;65;0;0;254;264;0;0;208;207;0;0;185;188;0;0;1526
2014;rd;16;Göteborgs kommun;1480;Göteborg;14805032;Västra Göteborg, Nya Varvet;44;52;0;0;56;58;0;0;217;265;0;0;194;192;0;0;164;254;0;0;1496
2014;rd;16;Göteborgs kommun;1480;Göteborg;14805033;Västra Göteborg, Tångudden;62;55;0;0;40;47;0;0;225;232;0;0;170;187;0;0;151;157;0;0;1326
2014;rd;16;Göteborgs kommun;1480;Göteborg;14805041;Västra Göteborg, Ekebäck;48;48;0;0;62;70;0;0;250;270;0;0;206;196;0;0;147;127;0;0;1424
2014;rd;16;Göteborgs kommun;1480;Göteborg;14805042;Västra Göteborg, Grimmered;69;68;0;0;65;54;0;0;264;304;0;0;238;229;0;0;204;171;0;0;1666
2014;rd;16;Göteborgs kommun;1480;Göteborg;14805051;Västra Göteborg, Brännö-Asperö;35;25;0;0;35;22;0;0;128;142;0;0;163;174;0;0;127;141;0;0;992
2014;rd;16;Göteborgs kommun;1480;Göteborg;14805052;Västra Göteborg, Donsö-Vrångö;49;43;0;0;54;57;0;0;204;198;0;0;176;171;0;0;185;214;0;0;1351
2014;rd;16;Göteborgs kommun;1480;Göteborg;14805053;Västra Göteborg, Styrsö-Köpstadsö;28;27;0;0;35;41;0;0;153;151;0;0;148;157;0;0;190;205;0;0;1135
2014;rd;16;Göteborgs kommun;1480;Göteborg;14805061;Västra Göteborg, Bratthammar;80;66;0;0;81;64;0;0;312;323;0;0;243;222;0;0;303;296;0;0;1990
2014;rd;16;Göteborgs kommun;1480;Göteborg;14805071;Västra Göteborg, Beryllg.-Guldringen;55;59;0;0;161;151;0;0;265;256;0;0;161;200;0;0;209;303;0;0;1820
2014;rd;16;Göteborgs kommun;1480;Göteborg;14805081;Västra Göteborg, Tynnered;74;56;0;0;182;173;0;0;299;306;0;0;204;225;0;0;177;252;0;0;1948
2014;rd;16;Göteborgs kommun;1480;Göteborg;14805091;Askim-Frölunda-Högsbo, Kavås;25;32;0;0;85;83;0;0;185;176;0;0;114;136;0;0;143;219;0;0;1198
2014;rd;16;Göteborgs kommun;1480;Göteborg;14805092;Askim-Frölunda-Högsbo, Kaverös, N;36;39;0;0;124;138;0;0;197;206;0;0;109;125;0;0;73;102;0;0;1149
2014;rd;16;Göteborgs kommun;1480;Göteborg;14805093;Askim-Frölunda-Högsbo, Kaverös, S;4;12;0;0;154;107;0;0;135;120;0;0;94;91;0;0;142;270;0;0;1129
2014;rd;16;Göteborgs kommun;1480;Göteborg;14805101;Askim-Frölunda-Högsbo, Flatås, V;28;47;0;0;127;119;0;0;239;223;0;0;148;159;0;0;178;251;0;0;1519
2014;rd;16;Göteborgs kommun;1480;Göteborg;14805111;Askim-Frölunda-Högsbo, Högsbohöjd, N;38;49;0;0;179;140;0;0;255;275;0;0;118;112;0;0;60;64;0;0;1290
2014;rd;16;Göteborgs kommun;1480;Göteborg;14805112;Askim-Frölunda-Högsbo, Högsbohöjd, S;33;32;0;0;138;166;0;0;267;287;0;0;120;113;0;0;103;205;0;0;1464
2014;rd;16;Göteborgs kommun;1480;Göteborg;14805121;Askim-Frölunda-Högsbo, Högsbo;10;14;0;0;97;110;0;0;240;187;0;0;156;148;0;0;157;301;0;0;1420
2014;rd;16;Göteborgs kommun;1480;Göteborg;14805122;Askim-Frölunda-Högsbo, Högsbotorp, V;19;20;0;0;160;173;0;0;277;245;0;0;118;136;0;0;104;173;0;0;1425
2014;rd;16;Göteborgs kommun;1480;Göteborg;14805123;Askim-Frölunda-Högsbo, Högsbotorp, Ö;30;26;0;0;149;164;0;0;228;199;0;0;103;116;0;0;124;212;0;0;1351
2014;rd;16;Göteborgs kommun;1480;Göteborg;14805124;Askim-Frölunda-Högsbo, Marklandsg.;22;31;0;0;157;193;0;0;241;208;0;0;94;117;0;0;159;322;0;0;1544
2014;rd;16;Göteborgs kommun;1480;Göteborg;14805131;Askim-Frölunda-Högsbo, Spinetten;11;15;0;0;57;69;0;0;138;147;0;0;90;114;0;0;105;168;0;0;914
2014;rd;16;Göteborgs kommun;1480;Göteborg;14805132;Askim-Frölunda-Högsbo, Tofta;22;21;0;0;76;99;0;0;140;157;0;0;124;149;0;0;217;323;0;0;1328
2014;rd;16;Göteborgs kommun;1480;Göteborg;14805141;Askim-Frölunda-Högsbo, Ruddalen;33;26;0;0;149;140;0;0;198;149;0;0;155;160;0;0;303;535;0;0;1848
2014;rd;16;Göteborgs kommun;1480;Göteborg;14805151;Askim-Frölunda-Högsbo, Järnbrott, V;50;55;0;0;111;123;0;0;275;296;0;0;202;228;0;0;186;243;0;0;1769
2014;rd;16;Göteborgs kommun;1480;Göteborg;14805152;Askim-Frölunda-Högsbo, Järnbrott, Ö;24;19;0;0;116;111;0;0;192;171;0;0;144;161;0;0;134;278;0;0;1350
2014;rd;16;Göteborgs kommun;1480;Göteborg;14805161;Askim-Frölunda-Högsbo, Flatås, Ö;27;43;0;0;105;135;0;0;245;247;0;0;125;96;0;0;90;130;0;0;1243
2014;rd;16;Göteborgs kommun;1480;Göteborg;14805171;Askim-Frölunda-Högsbo, Frölunda;29;30;0;0;75;76;0;0;138;164;0;0;108;101;0;0;63;83;0;0;867
2014;rd;16;Göteborgs kommun;1480;Göteborg;14805172;Askim-Frölunda-Högsbo, Frölunda Torg;34;44;0;0;86;89;0;0;162;161;0;0;123;170;0;0;152;245;0;0;1266
2014;rd;16;Göteborgs kommun;1480;Göteborg;14805173;Askim-Frölunda-Högsbo, Gånglåten;27;37;0;0;97;77;0;0;187;193;0;0;108;97;0;0;63;86;0;0;972
2014;rd;16;Göteborgs kommun;1480;Göteborg;14805174;Askim-Frölunda-Högsbo, Mandolingatan;21;31;0;0;61;73;0;0;86;97;0;0;95;118;0;0;165;296;0;0;1043
2014;rd;16;Göteborgs kommun;1480;Göteborg;14805181;Västra Göteborg, Korsåsen;51;37;0;0;86;90;0;0;201;225;0;0;157;177;0;0;190;227;0;0;1441
2014;rd;16;Göteborgs kommun;1480;Göteborg;14805182;Västra Göteborg, Ängås;73;41;0;0;107;117;0;0;257;234;0;0;141;170;0;0;80;100;0;0;1320
2014;rd;16;Göteborgs kommun;1480;Göteborg;14805191;Västra Göteborg, Önnered, Västra;74;47;0;0;49;59;0;0;205;226;0;0;144;146;0;0;195;258;0;0;1403
2014;rd;16;Göteborgs kommun;1480;Göteborg;14805192;Västra Göteborg, Önnered, Östra;47;47;0;0;60;63;0;0;256;269;0;0;161;176;0;0;220;215;0;0;1514
2014;rd;16;Göteborgs kommun;1480;Göteborg;14805201;Västra Göteborg, Grevegården;56;54;0;0;140;144;0;0;189;219;0;0;112;109;0;0;68;126;0;0;1217
2014;rd;16;Göteborgs kommun;1480;Göteborg;14805202;Västra Göteborg, Skattegården;73;47;0;0;126;120;0;0;239;246;0;0;140;174;0;0;130;173;0;0;1468
2014;rd;16;Göteborgs kommun;1480;Göteborg;14805211;Västra Göteborg, Näset, Norra;67;66;0;0;56;38;0;0;245;275;0;0;222;204;0;0;259;244;0;0;1676
2014;rd;16;Göteborgs kommun;1480;Göteborg;14805212;Västra Göteborg, Näset, Södra;49;56;0;0;51;48;0;0;210;243;0;0;224;198;0;0;149;158;0;0;1386
2014;rd;16;Göteborgs kommun;1480;Göteborg;14805213;Västra Göteborg, Åkered;51;51;0;0;63;34;0;0;254;277;0;0;191;182;0;0;174;188;0;0;1465
2014;rd;16;Göteborgs kommun;1480;Göteborg;14805221;Västra Göteborg, Opaltorget, Norra;39;35;0;0;120;106;0;0;219;184;0;0;138;146;0;0;129;182;0;0;1298
2014;rd;16;Göteborgs kommun;1480;Göteborg;14805222;Västra Göteborg, Opaltorget, Södra;42;36;0;0;61;78;0;0;164;193;0;0;92;81;0;0;88;100;0;0;935
2014;rd;16;Göteborgs kommun;1480;Göteborg;14805231;Askim-Frölunda-Högsbo, Askim;31;38;0;0;82;59;0;0;164;187;0;0;143;150;0;0;191;289;0;0;1334
2014;rd;16;Göteborgs kommun;1480;Göteborg;14805232;Askim-Frölunda-Högsbo, Hovås, Norra;40;36;0;0;39;33;0;0;154;192;0;0;167;147;0;0;141;140;0;0;1089
2014;rd;16;Göteborgs kommun;1480;Göteborg;14805233;Askim-Frölunda-Högsbo, Hult;47;30;0;0;52;34;0;0;166;199;0;0;163;146;0;0;192;187;0;0;1216
2014;rd;16;Göteborgs kommun;1480;Göteborg;14805234;Askim-Frölunda-Högsbo, Pilegården;30;36;0;0;114;137;0;0;228;229;0;0;100;139;0;0;81;110;0;0;1204
2014;rd;16;Göteborgs kommun;1480;Göteborg;14805235;Askim-Frölunda-Högsbo, Sisjön, Norra;40;58;0;0;77;73;0;0;236;260;0;0;184;197;0;0;178;187;0;0;1490
2014;rd;16;Göteborgs kommun;1480;Göteborg;14805236;Askim-Frölunda-Högsbo, Sisjön, Södra;70;70;0;0;66;57;0;0;261;271;0;0;188;186;0;0;165;148;0;0;1482
2014;rd;16;Göteborgs kommun;1480;Göteborg;14805241;Askim-Frölunda-Högsbo, Hovås, Södra;38;36;0;0;55;32;0;0;134;160;0;0;129;132;0;0;160;185;0;0;1061
2014;rd;16;Göteborgs kommun;1480;Göteborg;14805242;Askim-Frölunda-Högsbo, Trollåsen;59;49;0;0;52;37;0;0;241;280;0;0;172;153;0;0;164;153;0;0;1360
2014;rd;16;Göteborgs kommun;1480;Göteborg;14805251;Askim-Frölunda-Högsbo, Billdal;67;64;0;0;75;53;0;0;325;377;0;0;223;219;0;0;196;205;0;0;1804
2014;rd;16;Göteborgs kommun;1480;Göteborg;14805252;Askim-Frölunda-Högsbo, Brottkärr;34;32;0;0;30;32;0;0;145;175;0;0;130;125;0;0;128;115;0;0;946
2014;rd;16;Göteborgs kommun;1480;Göteborg;14805253;Askim-Frölunda-Högsbo, Lindås;59;53;0;0;39;45;0;0;272;294;0;0;168;164;0;0;193;200;0;0;1487
2014;rd;16;Göteborgs kommun;1480;Göteborg;14805254;Askim-Frölunda-Högsbo, Lyckhem;31;26;0;0;36;33;0;0;186;212;0;0;139;139;0;0;174;193;0;0;1169
2014;rd;16;Göteborgs kommun;1480;Göteborg;14805255;Askim-Frölunda-Högsbo, Nygård;52;28;0;0;34;36;0;0;213;248;0;0;130;146;0;0;165;193;0;0;1245
2014;rd;16;Göteborgs kommun;1480;Göteborg;14805256;Askim-Frölunda-Högsbo, Skintebo;34;45;0;0;51;47;0;0;242;278;0;0;116;142;0;0;97;159;0;0;1211
2014;rd;16;Göteborgs kommun;1480;Göteborg;14806011;Angered, Lövgärdet, Nedre;101;75;0;0;163;144;0;0;363;314;0;0;240;219;0;0;174;159;0;0;1952
2014;rd;16;Göteborgs kommun;1480;Göteborg;14806012;Angered, Lövgärdet, Övre;53;48;0;0;120;142;0;0;282;282;0;0;181;147;0;0;96;119;0;0;1470
2014;rd;16;Göteborgs kommun;1480;Göteborg;14806013;Angered, Lövgärdets Centrum;42;35;0;0;79;77;0;0;181;167;0;0;126;132;0;0;106;106;0;0;1051
2014;rd;16;Göteborgs kommun;1480;Göteborg;14806021;Angered, Rannebergen, Norra;50;54;0;0;116;105;0;0;262;236;0;0;230;236;0;0;154;138;0;0;1581
2014;rd;16;Göteborgs kommun;1480;Göteborg;14806022;Angered, Rannebergen, Södra;49;51;0;0;82;100;0;0;240;232;0;0;159;167;0;0;133;163;0;0;1376
2014;rd;16;Göteborgs kommun;1480;Göteborg;14806031;Angered, Gårdsten, Norra;42;37;0;0;96;94;0;0;278;230;0;0;175;142;0;0;108;91;0;0;1293
2014;rd;16;Göteborgs kommun;1480;Göteborg;14806032;Angered, Gårdsten, Södra;43;38;0;0;73;69;0;0;170;160;0;0;96;81;0;0;53;48;0;0;831
2014;rd;16;Göteborgs kommun;1480;Göteborg;14806033;Angered, Gårdsten, Västra;39;45;0;0;63;50;0;0;160;186;0;0;128;113;0;0;81;96;0;0;961
2014;rd;16;Göteborgs kommun;1480;Göteborg;14806034;Angered, Gårdsten, Östra;55;65;0;0;95;82;0;0;201;206;0;0;144;144;0;0;121;127;0;0;1240
2014;rd;16;Göteborgs kommun;1480;Göteborg;14806041;Angered, Angereds Centrum;70;78;0;0;103;96;0;0;204;216;0;0;192;215;0;0;129;152;0;0;1455
2014;rd;16;Göteborgs kommun;1480;Göteborg;14806042;Angered, Trägårdsgärdet;45;30;0;0;66;91;0;0;167;221;0;0;149;181;0;0;99;102;0;0;1151
2014;rd;16;Göteborgs kommun;1480;Göteborg;14806051;Angered, Agnesberg;21;23;0;0;42;52;0;0;97;102;0;0;101;89;0;0;79;92;0;0;698
2014;rd;16;Göteborgs kommun;1480;Göteborg;14806061;Angered, Hammarkullen, Västra;93;103;0;0;141;138;0;0;244;309;0;0;190;190;0;0;98;103;0;0;1609
2014;rd;16;Göteborgs kommun;1480;Göteborg;14806062;Angered, Hammarkullen, Östra;59;62;0;0;107;120;0;0;248;274;0;0;152;137;0;0;122;138;0;0;1419
2014;rd;16;Göteborgs kommun;1480;Göteborg;14806063;Angered, Sandeslätt;79;73;0;0;111;106;0;0;257;271;0;0;190;181;0;0;147;148;0;0;1563
2014;rd;16;Göteborgs kommun;1480;Göteborg;14806101;Angered, Gunnilse-Linnarhult;58;55;0;0;62;59;0;0;230;245;0;0;228;199;0;0;177;135;0;0;1448
2014;rd;16;Göteborgs kommun;1480;Göteborg;14806111;Angered, Björsared-Knipared;46;54;0;0;73;75;0;0;295;321;0;0;220;171;0;0;107;86;0;0;1448
2014;rd;16;Göteborgs kommun;1480;Göteborg;14806112;Angered, Olofstorp;72;66;0;0;81;74;0;0;408;408;0;0;197;155;0;0;136;145;0;0;1742
2014;rd;16;Göteborgs kommun;1480;Göteborg;14806121;Angered, Bläsebo;48;60;0;0;120;111;0;0;255;255;0;0;162;149;0;0;87;81;0;0;1328
2014;rd;16;Göteborgs kommun;1480;Göteborg;14806122;Angered, Hjällbo, Norra;94;92;0;0;96;120;0;0;210;266;0;0;129;136;0;0;76;97;0;0;1316
2014;rd;16;Göteborgs kommun;1480;Göteborg;14806123;Angered, Hjällbo, Södra;72;74;0;0;85;90;0;0;132;170;0;0;79;82;0;0;37;53;0;0;874
2014;rd;16;Göteborgs kommun;1480;Göteborg;14806124;Angered, Skolspåret;57;46;0;0;94;99;0;0;182;191;0;0;92;128;0;0;56;84;0;0;1029
2014;rd;16;Göteborgs kommun;1480;Göteborg;14806131;Angered, Eriksbo;61;67;0;0;136;162;0;0;318;328;0;0;204;171;0;0;95;117;0;0;1659
2014;rd;16;Göteborgs kommun;1480;Göteborg;14807011;Västra Hisingen, Biskopsgården, N;68;52;0;0;151;125;0;0;245;231;0;0;161;117;0;0;94;86;0;0;1330
2014;rd;16;Göteborgs kommun;1480;Göteborg;14807012;Västra Hisingen, Svarte Mosse;54;51;0;0;123;115;0;0;248;224;0;0;133;111;0;0;55;57;0;0;1171
2014;rd;16;Göteborgs kommun;1480;Göteborg;14807021;Västra Hisingen, Länsmansgården, C;35;39;0;0;139;116;0;0;193;198;0;0;109;121;0;0;95;110;0;0;1155
2014;rd;16;Göteborgs kommun;1480;Göteborg;14807022;Västra Hisingen, Länsmansgården, N;41;27;0;0;98;77;0;0;200;208;0;0;147;142;0;0;102;135;0;0;1177
2014;rd;16;Göteborgs kommun;1480;Göteborg;14807023;Västra Hisingen, Länsmansgården, S;19;39;0;0;68;79;0;0;151;163;0;0;85;95;0;0;58;96;0;0;853
2014;rd;16;Göteborgs kommun;1480;Göteborg;14807031;Västra Hisingen, Badvädersgatan m fl;19;22;0;0;101;80;0;0;146;106;0;0;115;134;0;0;185;247;0;0;1155
2014;rd;16;Göteborgs kommun;1480;Göteborg;14807032;Västra Hisingen, Stackmolnsg. m fl;44;40;0;0;120;108;0;0;244;229;0;0;151;137;0;0;142;194;0;0;1409
2014;rd;16;Göteborgs kommun;1480;Göteborg;14807041;Västra Hisingen, Andalen;76;66;0;0;49;46;0;0;400;445;0;0;215;210;0;0;140;131;0;0;1778
2014;rd;16;Göteborgs kommun;1480;Göteborg;14807042;Västra Hisingen, Hjuvik;57;66;0;0;67;56;0;0;314;343;0;0;218;208;0;0;156;142;0;0;1627
2014;rd;16;Göteborgs kommun;1480;Göteborg;14807043;Västra Hisingen, Hällsvik;57;62;0;0;57;37;0;0;264;293;0;0;223;207;0;0;144;125;0;0;1469
2014;rd;16;Göteborgs kommun;1480;Göteborg;14807051;Västra Hisingen, Amhult-Arendal;30;26;0;0;62;67;0;0;283;287;0;0;101;94;0;0;132;203;0;0;1285
2014;rd;16;Göteborgs kommun;1480;Göteborg;14807052;Västra Hisingen, Domarringen m fl;61;45;0;0;48;67;0;0;273;304;0;0;186;178;0;0;163;143;0;0;1468
2014;rd;16;Göteborgs kommun;1480;Göteborg;14807053;Västra Hisingen, Nolered;35;51;0;0;56;52;0;0;235;235;0;0;169;173;0;0;187;263;0;0;1456
2014;rd;16;Göteborgs kommun;1480;Göteborg;14807054;Västra Hisingen, Torslanda;74;57;0;0;79;76;0;0;350;375;0;0;193;190;0;0;176;227;0;0;1797
2014;rd;16;Göteborgs kommun;1480;Göteborg;14807055;Västra Hisingen, Tumlehed;45;34;0;0;67;66;0;0;261;260;0;0;202;200;0;0;177;220;0;0;1532
2014;rd;16;Göteborgs kommun;1480;Göteborg;14807061;Västra Hisingen, Björlanda;65;56;0;0;48;49;0;0;356;378;0;0;238;200;0;0;137;89;0;0;1616
2014;rd;16;Göteborgs kommun;1480;Göteborg;14807062;Västra Hisingen, Kvisljungeby;35;34;0;0;42;39;0;0;271;296;0;0;163;139;0;0;86;63;0;0;1168
2014;rd;16;Göteborgs kommun;1480;Göteborg;14807063;Västra Hisingen, Lilleby;60;60;0;0;58;37;0;0;348;386;0;0;195;175;0;0;93;70;0;0;1482
2014;rd;16;Göteborgs kommun;1480;Göteborg;14807064;Västra Hisingen, Älvegården m fl;29;26;0;0;61;67;0;0;353;365;0;0;81;79;0;0;40;34;0;0;1135
2014;rd;16;Göteborgs kommun;1480;Göteborg;14807081;Västra Hisingen, Biskopsgården, S;23;32;0;0;102;90;0;0;189;184;0;0;121;122;0;0;127;135;0;0;1125
2014;rd;16;Göteborgs kommun;1480;Göteborg;14807082;Västra Hisingen, Treröset;56;53;0;0;146;182;0;0;258;242;0;0;136;137;0;0;52;61;0;0;1323
2014;rd;16;Göteborgs kommun;1480;Göteborg;14807083;Västra Hisingen, Vårväderstorget;22;31;0;0;138;160;0;0;279;227;0;0;190;137;0;0;169;256;0;0;1609
2014;rd;16;Göteborgs kommun;1480;Göteborg;14807084;Västra Hisingen, Väderlekstorget;13;25;0;0;135;127;0;0;216;180;0;0;67;64;0;0;47;40;0;0;914
2014;rd;16;Göteborgs kommun;1480;Göteborg;14807091;Västra Hisingen, Jättesten;39;44;0;0;106;115;0;0;279;242;0;0;170;178;0;0;238;256;0;0;1667
2014;rd;16;Göteborgs kommun;1480;Göteborg;14807092;Västra Hisingen, Kärrmossen;52;53;0;0;145;128;0;0;426;338;0;0;286;172;0;0;152;144;0;0;1896
2014;rd;16;Göteborgs kommun;1480;Göteborg;14807093;Västra Hisingen, Svartedalen;38;46;0;0;151;167;0;0;236;213;0;0;117;149;0;0;123;169;0;0;1409
