ar;val;landstings_id;landstings_namn;landstingsvalkrets_id;landstingsvalkrets_namn;kommun_id;kommun_namn;valdistrikt_id;valdistrikt_namn;Män/Svenska medborgare/18-29 förstagångsväljare;Kvinnor/Svenska medborgare/18-29 förstagångsväljare;Män/Ej svenska medborgare/18-29 förstagångsväljare;Kvinnor/Ej svenska medborgare/18-29 förstagångsväljare;Män/Svenska medborgare/18-29 ej förstagångsväljare;Kvinnor/Svenska medborgare/18-29 ej förstagångsväljare;Män/Ej svenska medborgare/18-29 ej förstagångsväljare;Kvinnor/Ej svenska medborgare/18-29 ej förstagångsväljare;Män/Svenska medborgare/30-49;Kvinnor/Svenska medborgare/30-49;Män/Ej svenska medborgare/30-49;Kvinnor/Ej svenska medborgare/30-49;Män/Svenska medborgare/50-64;Kvinnor/Svenska medborgare/50-64;Män/Ej svenska medborgare/50-64;Kvinnor/Ej svenska medborgare/50-64;Män/Svenska medborgare/65-;Kvinnor/Svenska medborgare/65-;Män/Ej svenska medborgare/65-;Kvinnor/Ej svenska medborgare/65-;totalt
2014;rf;14;Västra Götalands län;1401;Göteborgs kommun;1480;Göteborg;14801011;Majorna-Linné, Klippan;42;36;0;1;148;177;7;9;295;324;27;14;192;244;11;6;98;96;7;4;1738
2014;rf;14;Västra Götalands län;1401;Göteborgs kommun;1480;Göteborg;14801012;Majorna-Linné, Kungsladugård;32;33;0;0;158;174;5;8;329;329;18;22;100;135;7;5;55;74;4;2;1490
2014;rf;14;Västra Götalands län;1401;Göteborgs kommun;1480;Göteborg;14801013;Majorna-Linné, Mariaplan;43;28;1;1;107;143;6;5;274;308;22;16;119;153;8;6;46;47;3;2;1338
2014;rf;14;Västra Götalands län;1401;Göteborgs kommun;1480;Göteborg;14801014;Majorna-Linné, Silverkällan;28;48;0;0;112;125;5;4;284;366;20;19;168;173;9;7;49;56;2;4;1479
2014;rf;14;Västra Götalands län;1401;Göteborgs kommun;1480;Göteborg;14801015;Majorna-Linné, Skytteskogen;47;57;0;0;145;189;13;9;232;249;15;19;218;203;15;7;134;153;8;2;1715
2014;rf;14;Västra Götalands län;1401;Göteborgs kommun;1480;Göteborg;14801016;Majorna-Linné, Svalebo;26;39;1;1;113;141;7;11;218;190;24;21;144;133;4;2;96;118;4;5;1298
2014;rf;14;Västra Götalands län;1401;Göteborgs kommun;1480;Göteborg;14801021;Majorna-Linné, Sandarne;21;26;0;1;183;212;12;12;350;359;21;18;135;148;6;4;104;159;5;4;1780
2014;rf;14;Västra Götalands län;1401;Göteborgs kommun;1480;Göteborg;14801031;Majorna-Linné, Godhem;25;24;2;0;88;112;1;4;238;274;16;12;126;103;3;4;68;72;4;1;1177
2014;rf;14;Västra Götalands län;1401;Göteborgs kommun;1480;Göteborg;14801032;Majorna-Linné, Gråberget;18;16;0;0;116;138;9;9;296;242;13;14;146;168;2;8;154;247;10;3;1609
2014;rf;14;Västra Götalands län;1401;Göteborgs kommun;1480;Göteborg;14801033;Majorna-Linné, Hängmattan;33;31;0;3;80;96;2;4;292;293;20;18;159;197;9;6;101;150;7;7;1508
2014;rf;14;Västra Götalands län;1401;Göteborgs kommun;1480;Göteborg;14801034;Majorna-Linné, Majorna;33;33;2;0;163;183;4;7;237;209;24;19;133;128;12;6;142;201;9;14;1559
2014;rf;14;Västra Götalands län;1401;Göteborgs kommun;1480;Göteborg;14801035;Majorna-Linné, Marieberg;33;30;1;1;106;121;6;4;291;314;21;18;145;163;9;1;48;64;2;2;1380
2014;rf;14;Västra Götalands län;1401;Göteborgs kommun;1480;Göteborg;14801036;Majorna-Linné, Slottsskogsgatan m fl;23;19;1;1;108;149;5;4;286;232;25;16;162;181;5;5;185;252;5;6;1670
2014;rf;14;Västra Götalands län;1401;Göteborgs kommun;1480;Göteborg;14801041;Majorna-Linné, Djurgårdsgatan m fl;17;35;3;0;122;146;5;7;374;393;33;26;148;174;8;6;56;50;7;3;1613
2014;rf;14;Västra Götalands län;1401;Göteborgs kommun;1480;Göteborg;14801042;Majorna-Linné, Gatenhielmska;39;32;1;1;122;130;5;2;260;269;14;12;104;125;8;7;67;95;1;3;1297
2014;rf;14;Västra Götalands län;1401;Göteborgs kommun;1480;Göteborg;14801043;Majorna-Linné, Karl Johans torg;34;38;0;2;155;205;5;11;351;386;28;23;148;199;15;3;85;83;3;4;1778
2014;rf;14;Västra Götalands län;1401;Göteborgs kommun;1480;Göteborg;14801044;Majorna-Linné, Söderlingska ängen;32;36;0;2;135;152;6;3;266;326;19;18;121;136;6;4;50;82;6;6;1406
2014;rf;14;Västra Götalands län;1401;Göteborgs kommun;1480;Göteborg;14801051;Majorna-Linné, Masthugget, Nedre;36;38;3;2;118;116;5;11;198;167;15;9;166;187;4;9;110;133;1;8;1336
2014;rf;14;Västra Götalands län;1401;Göteborgs kommun;1480;Göteborg;14801052;Majorna-Linné, Masthugget, Övre;28;34;0;0;135;172;3;7;309;307;28;18;141;186;5;7;79;91;3;2;1555
2014;rf;14;Västra Götalands län;1401;Göteborgs kommun;1480;Göteborg;14801053;Majorna-Linné, Masthuggstorget;16;17;1;0;157;140;9;8;255;196;25;33;124;130;8;7;90;97;3;4;1320
2014;rf;14;Västra Götalands län;1401;Göteborgs kommun;1480;Göteborg;14801054;Majorna-Linné, Oscar Fredrik;25;26;0;0;143;157;7;5;245;240;21;10;133;151;6;8;64;86;3;2;1332
2014;rf;14;Västra Götalands län;1401;Göteborgs kommun;1480;Göteborg;14801055;Majorna-Linné, Slottsskogen;12;20;0;1;77;93;12;4;180;196;13;8;107;98;1;6;105;184;6;6;1129
2014;rf;14;Västra Götalands län;1401;Göteborgs kommun;1480;Göteborg;14801056;Majorna-Linné, Stigberget;38;46;0;0;162;139;22;31;277;247;27;21;158;141;3;0;84;132;6;4;1538
2014;rf;14;Västra Götalands län;1401;Göteborgs kommun;1480;Göteborg;14801057;Majorna-Linné, Vegastaden;25;24;1;0;115;136;5;3;223;208;17;17;122;147;5;4;74;130;7;4;1267
2014;rf;14;Västra Götalands län;1401;Göteborgs kommun;1480;Göteborg;14801061;Majorna-Linné, Änggården;41;43;5;6;83;62;16;16;130;148;26;35;146;145;7;7;137;206;5;2;1266
2014;rf;14;Västra Götalands län;1401;Göteborgs kommun;1480;Göteborg;14801071;Majorna-Linné, Haga;51;39;0;3;76;89;6;6;304;327;14;25;218;256;13;12;116;175;6;5;1741
2014;rf;14;Västra Götalands län;1401;Göteborgs kommun;1480;Göteborg;14801072;Majorna-Linné, Skansberget;54;42;1;1;74;89;6;9;307;348;35;17;186;230;8;7;84;109;4;4;1615
2014;rf;14;Västra Götalands län;1401;Göteborgs kommun;1480;Göteborg;14801081;Majorna-Linné, Annedal;38;21;1;1;216;213;10;2;327;322;18;13;111;177;8;6;143;298;5;5;1935
2014;rf;14;Västra Götalands län;1401;Göteborgs kommun;1480;Göteborg;14801082;Majorna-Linné, Nilssonsberg;27;29;2;0;161;157;9;5;282;257;13;16;177;199;4;6;175;264;8;3;1794
2014;rf;14;Västra Götalands län;1401;Göteborgs kommun;1480;Göteborg;14801091;Majorna-Linné, Kommendantsängen;16;22;0;0;77;132;6;6;278;237;13;7;123;142;6;4;82;106;2;2;1261
2014;rf;14;Västra Götalands län;1401;Göteborgs kommun;1480;Göteborg;14801092;Majorna-Linné, Linné;24;39;0;1;98;133;8;12;298;245;28;23;153;185;7;7;115;149;4;3;1532
2014;rf;14;Västra Götalands län;1401;Göteborgs kommun;1480;Göteborg;14801093;Majorna-Linné, Linnéplatsen;21;17;0;0;83;88;4;4;175;169;7;4;105;155;4;4;109;115;1;0;1065
2014;rf;14;Västra Götalands län;1401;Göteborgs kommun;1480;Göteborg;14801094;Majorna-Linné, Långgatorna;25;31;1;1;199;198;4;8;303;273;36;30;159;164;9;6;84;105;5;0;1641
2014;rf;14;Västra Götalands län;1401;Göteborgs kommun;1480;Göteborg;14801095;Majorna-Linné, Olivedal;37;44;0;1;137;162;8;10;322;296;24;20;157;213;8;4;112;135;5;3;1698
2014;rf;14;Västra Götalands län;1401;Göteborgs kommun;1480;Göteborg;14801096;Majorna-Linné, Risåsen;14;28;1;0;150;170;6;8;223;191;19;12;91;106;4;2;46;78;0;0;1149
2014;rf;14;Västra Götalands län;1401;Göteborgs kommun;1480;Göteborg;14801097;Majorna-Linné, Sveaplan;16;26;1;0;67;88;1;4;211;172;19;16;164;183;4;5;164;224;3;7;1375
2014;rf;14;Västra Götalands län;1401;Göteborgs kommun;1480;Göteborg;14801101;Centrum, Framnäs;39;49;1;2;190;230;14;14;279;241;21;24;97;90;5;10;74;184;4;6;1574
2014;rf;14;Västra Götalands län;1401;Göteborgs kommun;1480;Göteborg;14801102;Centrum, Fredriksdal;36;23;0;0;124;123;9;10;156;141;15;13;92;92;4;5;80;101;3;2;1029
2014;rf;14;Västra Götalands län;1401;Göteborgs kommun;1480;Göteborg;14801103;Centrum, Fridkullagatan m fl;45;40;1;0;253;214;17;22;212;219;30;21;97;117;6;5;81;130;3;3;1516
2014;rf;14;Västra Götalands län;1401;Göteborgs kommun;1480;Göteborg;14801104;Centrum, Getebergsäng;31;33;1;0;150;165;11;5;271;232;16;17;113;155;5;4;116;145;3;6;1479
2014;rf;14;Västra Götalands län;1401;Göteborgs kommun;1480;Göteborg;14801105;Centrum, Kristinehöjd;16;18;0;1;196;236;13;14;248;217;27;16;89;81;2;1;61;104;5;0;1345
2014;rf;14;Västra Götalands län;1401;Göteborgs kommun;1480;Göteborg;14801106;Centrum, Krokslätt;35;34;1;0;116;135;9;3;222;197;27;23;145;152;7;9;119;164;3;5;1406
2014;rf;14;Västra Götalands län;1401;Göteborgs kommun;1480;Göteborg;14801107;Centrum, Mossen;90;84;1;2;374;285;84;51;52;56;70;40;27;30;1;2;27;35;0;0;1311
2014;rf;14;Västra Götalands län;1401;Göteborgs kommun;1480;Göteborg;14801108;Centrum, Olofshöjd;116;62;5;4;264;163;136;92;54;23;111;48;10;15;3;2;10;7;0;0;1125
2014;rf;14;Västra Götalands län;1401;Göteborgs kommun;1480;Göteborg;14801111;Centrum, Eklanda;42;34;0;0;349;330;14;14;286;201;34;21;69;98;1;5;82;122;2;2;1706
2014;rf;14;Västra Götalands län;1401;Göteborgs kommun;1480;Göteborg;14801112;Centrum, Johanneberg, Nedre;78;67;3;2;324;312;12;23;196;171;41;27;166;191;3;6;139;190;4;3;1958
2014;rf;14;Västra Götalands län;1401;Göteborgs kommun;1480;Göteborg;14801113;Centrum, Johanneberg, Södra;33;33;0;1;239;264;6;6;276;208;20;13;86;92;1;4;72;100;0;1;1455
2014;rf;14;Västra Götalands län;1401;Göteborgs kommun;1480;Göteborg;14801114;Centrum, Johanneberg, Övre;72;52;4;1;225;211;41;41;220;180;36;25;87;107;3;1;75;118;2;0;1501
2014;rf;14;Västra Götalands län;1401;Göteborgs kommun;1480;Göteborg;14801121;Centrum, Landala;25;35;1;1;121;151;9;4;206;195;10;18;109;145;7;4;110;172;4;7;1334
2014;rf;14;Västra Götalands län;1401;Göteborgs kommun;1480;Göteborg;14801122;Centrum, Landalabergen m fl;27;29;1;1;107;145;7;10;249;241;16;15;128;170;11;4;121;228;8;4;1522
2014;rf;14;Västra Götalands län;1401;Göteborgs kommun;1480;Göteborg;14801123;Centrum, Landalagången m fl;25;20;0;2;147;177;16;5;140;117;28;18;90;91;5;8;107;177;3;6;1182
2014;rf;14;Västra Götalands län;1401;Göteborgs kommun;1480;Göteborg;14801131;Centrum, Doktor Forselius gata m fl;59;48;0;0;156;125;25;17;194;207;22;19;101;122;7;7;106;154;3;1;1373
2014;rf;14;Västra Götalands län;1401;Göteborgs kommun;1480;Göteborg;14801132;Centrum, Guldheden vattentornet;42;26;1;0;169;159;12;17;311;268;35;22;147;172;9;3;137;192;3;2;1727
2014;rf;14;Västra Götalands län;1401;Göteborgs kommun;1480;Göteborg;14801133;Centrum, Guldheden, Centrala;22;36;0;1;125;148;10;10;215;182;13;12;96;110;4;4;75;139;2;1;1205
2014;rf;14;Västra Götalands län;1401;Göteborgs kommun;1480;Göteborg;14801134;Centrum, Guldheden, Norra;32;29;0;0;133;141;5;11;324;247;23;25;95;132;7;5;87;162;2;3;1463
2014;rf;14;Västra Götalands län;1401;Göteborgs kommun;1480;Göteborg;14801135;Centrum, Guldheden, Södra;25;37;1;2;145;153;9;9;233;206;18;17;92;116;4;4;90;153;3;6;1323
2014;rf;14;Västra Götalands län;1401;Göteborgs kommun;1480;Göteborg;14801136;Centrum, Landala Egnahem;29;29;0;0;187;194;2;7;200;189;16;15;82;111;7;2;98;137;1;4;1310
2014;rf;14;Västra Götalands län;1401;Göteborgs kommun;1480;Göteborg;14801141;Centrum, Lorensberg;42;34;0;1;123;124;10;12;194;188;25;18;195;198;10;10;216;254;3;4;1661
2014;rf;14;Västra Götalands län;1401;Göteborgs kommun;1480;Göteborg;14801151;Centrum, Valand;30;34;2;0;98;119;6;3;191;159;17;11;124;124;3;6;117;120;4;1;1169
2014;rf;14;Västra Götalands län;1401;Göteborgs kommun;1480;Göteborg;14801152;Centrum, Vasastaden, Norra;33;35;1;1;159;151;6;10;286;243;36;29;164;128;9;6;91;124;2;3;1517
2014;rf;14;Västra Götalands län;1401;Göteborgs kommun;1480;Göteborg;14801153;Centrum, Vasastaden, Södra;34;42;0;2;182;163;15;10;288;239;24;21;157;188;8;6;134;197;8;3;1721
2014;rf;14;Västra Götalands län;1401;Göteborgs kommun;1480;Göteborg;14801154;Centrum, Vasastaden, Östra;45;45;1;0;110;117;11;11;280;243;19;21;168;161;12;12;113;116;3;4;1492
2014;rf;14;Västra Götalands län;1401;Göteborgs kommun;1480;Göteborg;14801161;Centrum, Inom Vallgraven;33;33;1;1;149;178;9;13;353;267;28;18;244;215;14;10;117;115;6;7;1811
2014;rf;14;Västra Götalands län;1401;Göteborgs kommun;1480;Göteborg;14801162;Centrum, Nordstan-Otterhällan;37;35;0;1;190;186;11;17;299;226;30;23;201;206;9;7;154;149;2;4;1787
2014;rf;14;Västra Götalands län;1401;Göteborgs kommun;1480;Göteborg;14801171;Centrum, Friggagatan-Stampen;9;28;0;0;144;137;6;6;300;239;13;12;133;148;7;2;103;148;3;9;1447
2014;rf;14;Västra Götalands län;1401;Göteborgs kommun;1480;Göteborg;14801172;Centrum, Gullbergsvass-Svingeln;27;51;1;1;328;383;12;15;348;270;36;17;79;72;5;4;38;33;4;1;1725
2014;rf;14;Västra Götalands län;1401;Göteborgs kommun;1480;Göteborg;14801173;Centrum, Gårda, Norra;21;21;1;1;131;157;6;9;251;182;19;14;110;116;5;2;58;45;2;1;1152
2014;rf;14;Västra Götalands län;1401;Göteborgs kommun;1480;Göteborg;14801174;Centrum, Odinsgatan-Stampen;33;32;0;1;198;182;12;6;252;193;18;14;155;163;6;5;152;203;0;3;1628
2014;rf;14;Västra Götalands län;1401;Göteborgs kommun;1480;Göteborg;14801181;Centrum, Bohusgatan m fl;32;25;2;1;65;84;8;7;214;204;14;16;194;212;7;6;159;202;6;4;1462
2014;rf;14;Västra Götalands län;1401;Göteborgs kommun;1480;Göteborg;14801182;Centrum, Gårda, Södra;38;41;2;3;203;187;15;19;160;97;17;12;72;64;4;4;98;161;4;3;1204
2014;rf;14;Västra Götalands län;1401;Göteborgs kommun;1480;Göteborg;14801183;Centrum, Heden;22;29;1;0;92;93;10;6;237;230;16;12;156;163;5;3;138;171;3;3;1390
2014;rf;14;Västra Götalands län;1401;Göteborgs kommun;1480;Göteborg;14801184;Centrum, Hedås;20;35;1;2;101;77;6;9;195;158;18;11;138;156;7;6;105;146;3;4;1198
2014;rf;14;Västra Götalands län;1401;Göteborgs kommun;1480;Göteborg;14802011;Örgryte-Härlanda, Gubbero;12;18;2;2;157;175;10;8;250;214;21;11;68;76;5;4;66;135;5;1;1240
2014;rf;14;Västra Götalands län;1401;Göteborgs kommun;1480;Göteborg;14802012;Örgryte-Härlanda, Olskroken;38;21;3;2;107;129;4;9;222;226;31;20;130;142;6;6;108;163;6;4;1377
2014;rf;14;Västra Götalands län;1401;Göteborgs kommun;1480;Göteborg;14802013;Örgryte-Härlanda, Redberget;24;27;0;1;134;177;10;7;259;238;23;12;76;93;10;5;43;46;2;2;1189
2014;rf;14;Västra Götalands län;1401;Göteborgs kommun;1480;Göteborg;14802014;Örgryte-Härlanda, Redbergsplatsen;14;17;1;0;105;119;6;4;206;183;10;10;104;123;3;5;88;170;1;2;1171
2014;rf;14;Västra Götalands län;1401;Göteborgs kommun;1480;Göteborg;14802021;Örgryte-Härlanda, Bagaregården;28;27;0;0;82;112;1;5;227;233;20;14;92;128;8;4;26;37;3;2;1049
2014;rf;14;Västra Götalands län;1401;Göteborgs kommun;1480;Göteborg;14802022;Örgryte-Härlanda, Ånäs;23;28;3;1;134;177;1;10;248;234;16;12;79;113;5;3;48;44;2;2;1183
2014;rf;14;Västra Götalands län;1401;Göteborgs kommun;1480;Göteborg;14802031;Örgryte-Härlanda, Redbergslid;24;44;2;3;203;217;9;6;290;249;31;17;147;162;16;1;118;158;6;6;1709
2014;rf;14;Västra Götalands län;1401;Göteborgs kommun;1480;Göteborg;14802032;Örgryte-Härlanda, Strömmensberg;27;31;1;0;147;203;5;8;233;206;19;11;122;122;11;2;86;164;2;4;1404
2014;rf;14;Västra Götalands län;1401;Göteborgs kommun;1480;Göteborg;14802041;Örgryte-Härlanda, Kallebäck, Västra;48;39;3;3;152;147;110;40;158;131;66;24;95;101;2;4;126;209;0;2;1460
2014;rf;14;Västra Götalands län;1401;Göteborgs kommun;1480;Göteborg;14802042;Örgryte-Härlanda, Kallebäck, Östra;28;38;0;0;168;210;4;13;340;266;35;27;120;151;6;2;108;173;2;1;1692
2014;rf;14;Västra Götalands län;1401;Göteborgs kommun;1480;Göteborg;14802051;Örgryte-Härlanda, Jakobsdal;35;37;0;0;124;97;2;6;222;220;17;11;150;181;3;2;120;147;0;3;1377
2014;rf;14;Västra Götalands län;1401;Göteborgs kommun;1480;Göteborg;14802052;Örgryte-Härlanda, Skår, Norra;48;41;0;0;44;68;6;9;125;145;15;16;155;156;5;5;119;120;2;3;1082
2014;rf;14;Västra Götalands län;1401;Göteborgs kommun;1480;Göteborg;14802053;Örgryte-Härlanda, Skår, Södra;41;54;0;2;63;84;8;3;176;186;30;24;168;157;4;4;106;109;3;4;1226
2014;rf;14;Västra Götalands län;1401;Göteborgs kommun;1480;Göteborg;14802061;Örgryte-Härlanda, Bö;34;40;0;0;49;53;4;7;159;171;4;10;107;139;4;3;84;112;2;1;983
2014;rf;14;Västra Götalands län;1401;Göteborgs kommun;1480;Göteborg;14802062;Örgryte-Härlanda, Örgryte;36;42;1;0;71;71;8;8;111;137;23;13;110;121;8;4;107;129;1;2;1003
2014;rf;14;Västra Götalands län;1401;Göteborgs kommun;1480;Göteborg;14802071;Örgryte-Härlanda, Torp;37;37;0;0;152;172;7;6;294;302;14;14;148;203;1;3;152;260;3;7;1812
2014;rf;14;Västra Götalands län;1401;Göteborgs kommun;1480;Göteborg;14802081;Örgryte-Härlanda, Kärralund;67;65;1;1;123;147;13;11;283;299;20;18;202;201;5;6;118;144;4;4;1732
2014;rf;14;Västra Götalands län;1401;Göteborgs kommun;1480;Göteborg;14802082;Örgryte-Härlanda, Lunden, Gamla;21;42;2;1;220;255;8;10;273;267;23;15;103;102;8;4;64;80;3;7;1508
2014;rf;14;Västra Götalands län;1401;Göteborgs kommun;1480;Göteborg;14802083;Örgryte-Härlanda, Lunden, Nya;27;40;1;1;187;189;7;12;284;242;22;13;107;109;5;5;176;238;6;5;1676
2014;rf;14;Västra Götalands län;1401;Göteborgs kommun;1480;Göteborg;14802084;Örgryte-Härlanda, Nobelplatsen;19;33;0;0;182;249;9;7;289;245;16;8;84;81;4;4;64;82;3;2;1381
2014;rf;14;Västra Götalands län;1401;Göteborgs kommun;1480;Göteborg;14802085;Örgryte-Härlanda, Sankt Pauli;28;28;0;1;171;204;8;5;285;279;24;11;125;151;11;6;117;204;3;4;1665
2014;rf;14;Västra Götalands län;1401;Göteborgs kommun;1480;Göteborg;14802086;Örgryte-Härlanda, Överås;32;34;0;0;226;250;6;3;364;274;21;12;127;158;10;4;103;136;2;2;1764
2014;rf;14;Västra Götalands län;1401;Göteborgs kommun;1480;Göteborg;14802091;Örgryte-Härlanda, Härlanda;36;37;3;0;109;121;3;2;241;234;20;12;134;146;8;5;76;82;5;2;1276
2014;rf;14;Västra Götalands län;1401;Göteborgs kommun;1480;Göteborg;14802101;Örgryte-Härlanda, Kålltorp, Norra;26;21;3;0;188;216;6;6;236;234;23;14;103;108;7;3;52;53;5;3;1307
2014;rf;14;Västra Götalands län;1401;Göteborgs kommun;1480;Göteborg;14802102;Örgryte-Härlanda, Kålltorp, Södra;24;22;2;0;123;132;3;5;195;196;16;17;123;144;4;4;74;129;6;1;1220
2014;rf;14;Västra Götalands län;1401;Göteborgs kommun;1480;Göteborg;14802103;Örgryte-Härlanda, Kålltorp, Västra;38;27;0;1;86;94;6;5;177;182;14;13;122;138;3;2;73;80;5;1;1067
2014;rf;14;Västra Götalands län;1401;Göteborgs kommun;1480;Göteborg;14802104;Örgryte-Härlanda, Kålltorp, Östra;19;27;2;0;139;161;6;4;207;213;14;10;81;91;5;5;44;60;2;1;1091
2014;rf;14;Västra Götalands län;1401;Göteborgs kommun;1480;Göteborg;14802105;Örgryte-Härlanda, Munkebäck, Norra;21;20;3;0;162;187;4;6;226;208;15;14;78;81;0;1;58;70;1;3;1158
2014;rf;14;Västra Götalands län;1401;Göteborgs kommun;1480;Göteborg;14802106;Örgryte-Härlanda, Munkebäck, Södra;27;35;0;0;116;131;9;7;256;227;22;22;108;137;1;4;67;143;5;2;1319
2014;rf;14;Västra Götalands län;1401;Göteborgs kommun;1480;Göteborg;14802111;Örgryte-Härlanda, Fräntorp;44;34;0;0;50;39;0;5;197;206;10;7;151;136;5;3;112;123;1;3;1126
2014;rf;14;Västra Götalands län;1401;Göteborgs kommun;1480;Göteborg;14802112;Örgryte-Härlanda, Torpa;55;64;0;1;138;170;8;6;278;316;26;21;219;219;11;3;118;172;4;3;1832
2014;rf;14;Västra Götalands län;1401;Göteborgs kommun;1480;Göteborg;14802121;Örgryte-Härlanda, Björkekärr, Norra;15;15;0;1;68;74;1;2;119;125;11;6;69;91;3;3;107;189;1;4;904
2014;rf;14;Västra Götalands län;1401;Göteborgs kommun;1480;Göteborg;14802122;Örgryte-Härlanda, Björkekärr, Södra;38;30;0;2;57;72;3;4;244;273;19;13;157;151;5;1;138;186;3;1;1397
2014;rf;14;Västra Götalands län;1401;Göteborgs kommun;1480;Göteborg;14802123;Örgryte-Härlanda, Björkekärr, Västra;68;71;2;3;224;213;56;35;108;101;48;37;76;96;5;4;77;144;4;3;1375
2014;rf;14;Västra Götalands län;1401;Göteborgs kommun;1480;Göteborg;14802124;Örgryte-Härlanda, Björkekärr, Östra;36;39;4;4;131;143;13;9;158;172;35;20;115;99;3;5;105;185;7;3;1286
2014;rf;14;Västra Götalands län;1401;Göteborgs kommun;1480;Göteborg;14802125;Örgryte-Härlanda, Robertshöjd m fl;46;34;1;3;127;135;8;8;236;249;15;20;136;152;10;10;149;259;9;5;1612
2014;rf;14;Västra Götalands län;1401;Göteborgs kommun;1480;Göteborg;14803011;Östra Göteborg, Bellevue;24;23;5;1;202;218;14;9;251;184;19;14;96;82;3;4;61;82;11;8;1311
2014;rf;14;Västra Götalands län;1401;Göteborgs kommun;1480;Göteborg;14803012;Östra Göteborg, Gamlestaden;48;46;2;3;207;216;20;19;252;240;51;20;66;60;11;7;33;45;5;1;1352
2014;rf;14;Västra Götalands län;1401;Göteborgs kommun;1480;Göteborg;14803013;Östra Göteborg, Kviberg, Västra;24;33;5;2;176;183;9;10;220;205;17;17;115;127;8;8;162;262;8;15;1606
2014;rf;14;Västra Götalands län;1401;Göteborgs kommun;1480;Göteborg;14803014;Östra Göteborg, Kviberg, Östra;71;82;1;4;256;271;25;17;123;119;25;13;43;64;1;3;41;51;1;2;1213
2014;rf;14;Västra Götalands län;1401;Göteborgs kommun;1480;Göteborg;14803015;Östra Göteborg, Nylöse;22;38;4;8;150;191;18;12;296;241;37;17;178;121;28;8;72;91;11;9;1552
2014;rf;14;Västra Götalands län;1401;Göteborgs kommun;1480;Göteborg;14803021;Östra Göteborg, Fjällbo;58;37;3;1;63;69;5;3;330;356;24;22;162;133;14;5;99;143;6;6;1539
2014;rf;14;Västra Götalands län;1401;Göteborgs kommun;1480;Göteborg;14803022;Östra Göteborg, Utby;41;46;0;0;53;54;2;3;307;338;12;12;186;157;13;8;115;123;4;2;1476
2014;rf;14;Västra Götalands län;1401;Göteborgs kommun;1480;Göteborg;14803023;Östra Göteborg, Utbynäs;42;40;1;0;57;40;6;3;201;208;10;12;147;138;6;9;103;99;4;5;1131
2014;rf;14;Västra Götalands län;1401;Göteborgs kommun;1480;Göteborg;14803031;Östra Göteborg, Gregorianska g. m fl;31;26;5;1;145;156;32;28;246;177;83;44;158;133;15;10;92;104;5;12;1503
2014;rf;14;Västra Götalands län;1401;Göteborgs kommun;1480;Göteborg;14803032;Östra Göteborg, Kortedala Centrum;28;31;2;5;122;158;29;31;222;201;75;43;142;127;15;15;103;192;10;9;1560
2014;rf;14;Västra Götalands län;1401;Göteborgs kommun;1480;Göteborg;14803033;Östra Göteborg, Kortedala, Södra;44;31;3;3;93;105;13;15;212;244;25;33;143;133;6;12;76;141;4;3;1339
2014;rf;14;Västra Götalands län;1401;Göteborgs kommun;1480;Göteborg;14803034;Östra Göteborg, Kortedala, Västra;17;33;2;0;134;124;8;14;180;169;31;25;136;145;11;12;151;239;14;14;1459
2014;rf;14;Västra Götalands län;1401;Göteborgs kommun;1480;Göteborg;14803035;Östra Göteborg, Kortedala, Östra;20;28;6;4;143;175;45;44;290;180;102;59;125;131;20;25;131;188;19;25;1760
2014;rf;14;Västra Götalands län;1401;Göteborgs kommun;1480;Göteborg;14803041;Östra Göteborg, Adventsparken;28;32;5;5;101;140;22;25;197;179;40;39;133;150;23;22;153;230;10;15;1549
2014;rf;14;Västra Götalands län;1401;Göteborgs kommun;1480;Göteborg;14803042;Östra Göteborg, Kortedala, Norra;44;40;6;11;171;181;25;41;278;271;79;59;149;163;13;16;110;117;12;12;1798
2014;rf;14;Västra Götalands län;1401;Göteborgs kommun;1480;Göteborg;14803043;Östra Göteborg, Månadsgatorna m fl;37;40;10;8;127;158;32;40;239;236;89;78;166;138;18;14;101;134;15;11;1691
2014;rf;14;Västra Götalands län;1401;Göteborgs kommun;1480;Göteborg;14803051;Östra Göteborg, Bergsjön, Norra;24;25;1;1;135;161;9;12;161;131;32;21;109;82;14;8;72;82;12;13;1105
2014;rf;14;Västra Götalands län;1401;Göteborgs kommun;1480;Göteborg;14803052;Östra Göteborg, Gärdsmosse;38;39;2;11;105;132;47;44;184;184;100;77;126;84;29;20;85;108;12;15;1442
2014;rf;14;Västra Götalands län;1401;Göteborgs kommun;1480;Göteborg;14803053;Östra Göteborg, Gärdsås;34;33;3;2;61;76;9;12;136;131;18;16;142;128;9;8;101;105;5;6;1035
2014;rf;14;Västra Götalands län;1401;Göteborgs kommun;1480;Göteborg;14803054;Östra Göteborg, Siriusgatan;36;50;24;23;93;153;75;82;287;235;143;108;160;128;29;33;108;107;12;14;1900
2014;rf;14;Västra Götalands län;1401;Göteborgs kommun;1480;Göteborg;14803061;Östra Göteborg, Bergsjön, Södra;70;73;10;12;105;85;52;33;233;251;102;70;147;127;30;24;73;92;12;13;1614
2014;rf;14;Västra Götalands län;1401;Göteborgs kommun;1480;Göteborg;14803062;Östra Göteborg, Bergsjön, Östra;74;67;15;14;80;74;36;36;181;279;96;95;132;122;35;27;46;75;17;17;1518
2014;rf;14;Västra Götalands län;1401;Göteborgs kommun;1480;Göteborg;14803063;Östra Göteborg, Komettorget;52;47;6;6;137;127;75;33;209;171;120;50;163;111;29;15;155;101;23;10;1640
2014;rf;14;Västra Götalands län;1401;Göteborgs kommun;1480;Göteborg;14803064;Östra Göteborg, Rymdtorget;16;30;8;7;58;68;37;37;180;115;91;51;94;76;22;16;50;64;14;15;1049
2014;rf;14;Västra Götalands län;1401;Göteborgs kommun;1480;Göteborg;14804021;Lundby, Bjurslätt;59;76;6;6;138;162;21;13;283;316;63;44;194;165;18;16;108;158;8;17;1871
2014;rf;14;Västra Götalands län;1401;Göteborgs kommun;1480;Göteborg;14804022;Lundby, Flunsås;26;23;2;0;218;233;12;11;265;201;28;19;133;102;14;8;91;125;12;7;1530
2014;rf;14;Västra Götalands län;1401;Göteborgs kommun;1480;Göteborg;14804023;Lundby, Kvillebäcken, Norra;25;31;1;2;159;167;24;16;253;211;31;19;130;98;8;5;117;169;11;10;1487
2014;rf;14;Västra Götalands län;1401;Göteborgs kommun;1480;Göteborg;14804024;Lundby, Kvillebäcken, Södra;28;28;1;0;224;256;11;15;297;237;29;20;91;78;9;5;49;68;5;3;1454
2014;rf;14;Västra Götalands län;1401;Göteborgs kommun;1480;Göteborg;14804025;Lundby, Kvillebäcken, Östra;27;36;1;1;237;202;18;12;185;113;39;22;79;55;3;2;27;26;1;3;1089
2014;rf;14;Västra Götalands län;1401;Göteborgs kommun;1480;Göteborg;14804026;Lundby, Wieselgrensplatsen;17;28;3;5;131;157;6;11;198;169;24;23;91;108;10;5;88;127;3;8;1212
2014;rf;14;Västra Götalands län;1401;Göteborgs kommun;1480;Göteborg;14804031;Lundby, Hilldedal;36;40;2;2;88;99;12;10;255;253;36;25;134;116;9;9;95;102;5;4;1332
2014;rf;14;Västra Götalands län;1401;Göteborgs kommun;1480;Göteborg;14804032;Lundby, Slätta Damm;36;38;0;1;217;211;7;10;317;264;28;23;144;152;8;5;136;166;4;8;1775
2014;rf;14;Västra Götalands län;1401;Göteborgs kommun;1480;Göteborg;14804041;Lundby, Kärrdalen;58;46;3;1;49;35;4;6;237;249;17;17;180;163;12;6;163;159;13;5;1423
2014;rf;14;Västra Götalands län;1401;Göteborgs kommun;1480;Göteborg;14804042;Lundby, Tolered, Norra;56;56;1;0;57;45;8;10;188;210;21;13;152;135;12;9;104;115;11;7;1210
2014;rf;14;Västra Götalands län;1401;Göteborgs kommun;1480;Göteborg;14804043;Lundby, Tolered, Södra;51;38;2;1;44;47;3;5;211;239;25;11;143;132;4;2;99;97;3;5;1162
2014;rf;14;Västra Götalands län;1401;Göteborgs kommun;1480;Göteborg;14804051;Norra Hisingen, Glöstorp;18;29;1;1;129;109;4;11;190;121;10;24;74;106;17;11;169;236;17;19;1296
2014;rf;14;Västra Götalands län;1401;Göteborgs kommun;1480;Göteborg;14804052;Norra Hisingen, Gunnestorp;64;69;1;1;85;90;2;5;254;269;20;28;163;163;7;10;168;200;21;22;1642
2014;rf;14;Västra Götalands län;1401;Göteborgs kommun;1480;Göteborg;14804053;Norra Hisingen, Norumshöjd;55;48;4;3;138;135;12;13;236;267;42;42;106;123;16;16;76;133;12;12;1489
2014;rf;14;Västra Götalands län;1401;Göteborgs kommun;1480;Göteborg;14804054;Norra Hisingen, Tuve;56;41;1;2;63;75;6;4;232;239;17;8;160;168;7;10;207;267;9;9;1581
2014;rf;14;Västra Götalands län;1401;Göteborgs kommun;1480;Göteborg;14804055;Norra Hisingen, Tången;34;51;1;0;45;33;1;0;189;190;10;11;140;129;6;4;198;207;14;7;1270
2014;rf;14;Västra Götalands län;1401;Göteborgs kommun;1480;Göteborg;14804061;Norra Hisingen, Säve;70;52;2;4;78;66;7;4;262;285;30;26;256;191;11;5;175;150;4;5;1683
2014;rf;14;Västra Götalands län;1401;Göteborgs kommun;1480;Göteborg;14804071;Norra Hisingen, Gerrebacka-Ingebäck;31;45;0;1;84;100;2;3;392;401;14;16;105;95;5;7;59;58;4;3;1425
2014;rf;14;Västra Götalands län;1401;Göteborgs kommun;1480;Göteborg;14804072;Norra Hisingen, Kärra, Norra;28;17;0;0;53;53;2;5;144;129;10;4;110;134;2;4;180;253;10;6;1144
2014;rf;14;Västra Götalands län;1401;Göteborgs kommun;1480;Göteborg;14804073;Norra Hisingen, Kärra, Södra;52;42;2;0;76;55;3;1;201;198;14;11;133;157;9;7;161;181;2;7;1312
2014;rf;14;Västra Götalands län;1401;Göteborgs kommun;1480;Göteborg;14804074;Norra Hisingen, Kärra, Västra;40;38;1;1;79;59;1;7;200;212;9;12;142;138;4;7;120;166;6;7;1249
2014;rf;14;Västra Götalands län;1401;Göteborgs kommun;1480;Göteborg;14804075;Norra Hisingen, Kärra, Östra;48;46;0;1;82;62;5;4;197;217;14;6;124;134;7;2;170;216;5;13;1353
2014;rf;14;Västra Götalands län;1401;Göteborgs kommun;1480;Göteborg;14804076;Norra Hisingen, Mysterna-Svankälla;59;50;0;1;36;25;0;2;366;396;16;8;138;125;6;2;70;49;4;4;1357
2014;rf;14;Västra Götalands län;1401;Göteborgs kommun;1480;Göteborg;14804081;Norra Hisingen, Rödbo;21;15;1;0;34;39;0;1;131;119;5;5;102;83;2;1;75;62;4;0;700
2014;rf;14;Västra Götalands län;1401;Göteborgs kommun;1480;Göteborg;14804091;Norra Hisingen, Skogome-Sankt Jörgen;37;38;3;1;84;78;10;13;351;358;19;18;201;187;7;10;210;288;9;14;1936
2014;rf;14;Västra Götalands län;1401;Göteborgs kommun;1480;Göteborg;14804101;Norra Hisingen, Aröd;40;56;3;1;141;152;15;15;270;263;51;34;185;174;13;8;146;168;11;10;1756
2014;rf;14;Västra Götalands län;1401;Göteborgs kommun;1480;Göteborg;14804102;Norra Hisingen, Backa-Tingstad;60;52;2;1;95;92;5;6;253;262;27;17;211;204;8;8;175;183;5;9;1675
2014;rf;14;Västra Götalands län;1401;Göteborgs kommun;1480;Göteborg;14804103;Norra Hisingen, Brunnsbo;39;53;3;8;139;166;11;13;229;267;35;38;135;151;13;10;132;220;4;9;1675
2014;rf;14;Västra Götalands län;1401;Göteborgs kommun;1480;Göteborg;14804121;Norra Hisingen, Backa;38;33;1;2;108;89;7;13;208;188;23;20;147;163;10;16;203;281;12;11;1573
2014;rf;14;Västra Götalands län;1401;Göteborgs kommun;1480;Göteborg;14804122;Norra Hisingen, Backa Röd;47;42;6;7;69;93;10;13;208;220;40;36;136;120;8;11;79;94;5;6;1250
2014;rf;14;Västra Götalands län;1401;Göteborgs kommun;1480;Göteborg;14804123;Norra Hisingen, Bällskär;69;65;0;2;78;67;6;3;226;246;20;17;211;191;4;8;200;218;7;7;1645
2014;rf;14;Västra Götalands län;1401;Göteborgs kommun;1480;Göteborg;14804124;Norra Hisingen, Wadköpingsgatan;53;62;5;6;158;206;50;45;198;204;56;51;99;105;18;12;56;89;12;11;1496
2014;rf;14;Västra Götalands län;1401;Göteborgs kommun;1480;Göteborg;14804131;Norra Hisingen, Backadalen;20;34;0;1;102;87;4;10;159;152;32;23;132;156;13;8;189;303;8;8;1441
2014;rf;14;Västra Götalands län;1401;Göteborgs kommun;1480;Göteborg;14804132;Norra Hisingen, Bäckebol;33;24;2;0;65;69;5;8;115;128;18;13;96;111;12;8;122;175;8;8;1020
2014;rf;14;Västra Götalands län;1401;Göteborgs kommun;1480;Göteborg;14804133;Norra Hisingen, Selma Lagerlöfs torg;65;52;8;4;128;121;36;33;179;125;73;30;97;70;12;9;86;107;8;7;1250
2014;rf;14;Västra Götalands län;1401;Göteborgs kommun;1480;Göteborg;14804134;Norra Hisingen, Skälltorp;29;28;4;3;122;101;5;5;222;202;21;15;186;190;9;14;214;291;22;22;1705
2014;rf;14;Västra Götalands län;1401;Göteborgs kommun;1480;Göteborg;14804135;Norra Hisingen, Åketorp;70;46;1;0;53;49;3;3;254;263;14;14;230;238;5;10;206;171;7;5;1642
2014;rf;14;Västra Götalands län;1401;Göteborgs kommun;1480;Göteborg;14804141;Lundby, Bräcke, Norra;34;44;0;1;90;98;7;7;256;242;25;16;171;133;7;10;105;102;11;6;1365
2014;rf;14;Västra Götalands län;1401;Göteborgs kommun;1480;Göteborg;14804142;Lundby, Bräcke, Södra;34;46;2;0;101;95;5;11;229;207;19;14;117;112;4;9;91;76;8;8;1188
2014;rf;14;Västra Götalands län;1401;Göteborgs kommun;1480;Göteborg;14804143;Lundby, Kyrkbyn;23;19;1;3;123;145;18;13;241;182;42;26;125;124;10;9;110;210;7;7;1438
2014;rf;14;Västra Götalands län;1401;Göteborgs kommun;1480;Göteborg;14804144;Lundby, Lundby, Norra;19;25;0;2;136;146;13;13;183;156;19;16;98;94;7;4;113;160;8;9;1221
2014;rf;14;Västra Götalands län;1401;Göteborgs kommun;1480;Göteborg;14804145;Lundby, Lundby, Södra;25;21;0;0;128;156;8;7;215;169;27;11;94;86;7;7;69;55;9;4;1098
2014;rf;14;Västra Götalands län;1401;Göteborgs kommun;1480;Göteborg;14804151;Lundby, Brämaregården, Norra;17;18;0;1;121;132;10;15;233;176;21;16;100;104;7;8;86;140;4;9;1218
2014;rf;14;Västra Götalands län;1401;Göteborgs kommun;1480;Göteborg;14804152;Lundby, Brämaregården, Östra;23;27;2;1;239;263;19;12;263;191;32;17;104;79;8;7;47;40;6;4;1384
2014;rf;14;Västra Götalands län;1401;Göteborgs kommun;1480;Göteborg;14804153;Lundby, Brämaregården-Rambergsstaden;36;37;3;3;171;180;3;14;213;197;31;32;117;130;9;6;138;157;6;5;1488
2014;rf;14;Västra Götalands län;1401;Göteborgs kommun;1480;Göteborg;14804154;Lundby, Porslinsfabriken;20;26;1;1;221;214;9;13;250;184;16;20;109;101;4;4;51;38;2;1;1285
2014;rf;14;Västra Götalands län;1401;Göteborgs kommun;1480;Göteborg;14804155;Lundby, Rambergsstaden, Norra;25;24;0;0;93;105;5;7;163;145;13;9;108;133;5;7;152;240;7;6;1247
2014;rf;14;Västra Götalands län;1401;Göteborgs kommun;1480;Göteborg;14804156;Lundby, Rambergsstaden, Västra;13;31;5;5;232;206;28;22;297;155;79;23;105;57;15;8;51;17;16;2;1367
2014;rf;14;Västra Götalands län;1401;Göteborgs kommun;1480;Göteborg;14804161;Lundby, Eriksberg Sjöporten;14;23;1;0;113;112;4;8;236;195;20;10;145;161;6;5;180;214;3;3;1453
2014;rf;14;Västra Götalands län;1401;Göteborgs kommun;1480;Göteborg;14804162;Lundby, Eriksberg, Västra;21;19;0;0;84;81;2;7;190;158;16;11;158;178;5;4;107;100;6;1;1148
2014;rf;14;Västra Götalands län;1401;Göteborgs kommun;1480;Göteborg;14804163;Lundby, Eriksberg, Östra;22;15;0;0;56;56;4;1;213;167;12;13;182;190;6;4;147;185;5;3;1281
2014;rf;14;Västra Götalands län;1401;Göteborgs kommun;1480;Göteborg;14804164;Lundby, Pölsebo-Bratterås;20;33;1;2;163;167;5;7;322;271;17;17;109;137;3;4;45;53;1;2;1379
2014;rf;14;Västra Götalands län;1401;Göteborgs kommun;1480;Göteborg;14804165;Lundby, Sannegården;28;32;3;1;86;97;7;6;269;245;22;14;193;221;9;9;96;110;0;2;1450
2014;rf;14;Västra Götalands län;1401;Göteborgs kommun;1480;Göteborg;14804171;Lundby, Lindholmen;34;26;1;0;121;131;7;11;229;226;23;23;205;229;9;5;137;146;8;3;1574
2014;rf;14;Västra Götalands län;1401;Göteborgs kommun;1480;Göteborg;14804172;Lundby, Lundbyvassen;65;56;2;0;334;309;29;18;140;109;36;28;77;83;6;1;39;37;0;1;1370
2014;rf;14;Västra Götalands län;1401;Göteborgs kommun;1480;Göteborg;14805011;Västra Göteborg, Björnekulla;44;38;1;0;49;29;4;1;184;200;7;6;169;162;3;3;254;281;3;4;1442
2014;rf;14;Västra Götalands län;1401;Göteborgs kommun;1480;Göteborg;14805012;Västra Göteborg, Fiskebäck, Norra;44;51;0;0;40;43;3;0;241;266;9;11;177;175;5;2;164;171;4;2;1408
2014;rf;14;Västra Götalands län;1401;Göteborgs kommun;1480;Göteborg;14805013;Västra Göteborg, Fiskebäck, Södra;24;39;0;1;27;49;2;3;167;166;9;8;121;145;4;3;181;196;3;3;1151
2014;rf;14;Västra Götalands län;1401;Göteborgs kommun;1480;Göteborg;14805014;Västra Göteborg, Påvelund;58;66;0;0;58;40;5;2;242;281;15;10;190;176;3;7;207;237;3;3;1603
2014;rf;14;Västra Götalands län;1401;Göteborgs kommun;1480;Göteborg;14805021;Västra Göteborg, Långedrag;59;47;1;3;49;53;2;4;201;239;21;9;213;200;15;10;199;193;7;4;1529
2014;rf;14;Västra Götalands län;1401;Göteborgs kommun;1480;Göteborg;14805031;Västra Göteborg, Hagen;51;60;0;0;43;60;3;3;234;248;23;17;196;190;7;6;167;166;11;5;1490
2014;rf;14;Västra Götalands län;1401;Göteborgs kommun;1480;Göteborg;14805032;Västra Göteborg, Nya Varvet;39;52;0;0;54;56;2;1;208;250;13;8;188;190;2;4;162;252;4;7;1492
2014;rf;14;Västra Götalands län;1401;Göteborgs kommun;1480;Göteborg;14805033;Västra Göteborg, Tångudden;62;53;0;2;38;42;1;4;215;216;12;10;164;183;2;7;148;155;3;0;1317
2014;rf;14;Västra Götalands län;1401;Göteborgs kommun;1480;Göteborg;14805041;Västra Göteborg, Ekebäck;47;48;4;1;59;62;4;8;239;262;20;18;200;191;9;5;145;124;4;8;1458
2014;rf;14;Västra Götalands län;1401;Göteborgs kommun;1480;Göteborg;14805042;Västra Göteborg, Grimmered;67;68;0;0;61;52;1;5;259;285;21;16;235;226;7;4;203;171;5;7;1693
2014;rf;14;Västra Götalands län;1401;Göteborgs kommun;1480;Göteborg;14805051;Västra Göteborg, Brännö-Asperö;33;25;1;0;33;19;0;2;123;139;17;14;162;174;6;2;125;139;0;1;1015
2014;rf;14;Västra Götalands län;1401;Göteborgs kommun;1480;Göteborg;14805052;Västra Göteborg, Donsö-Vrångö;49;41;0;2;53;55;2;0;200;190;5;3;176;169;4;5;185;214;0;1;1354
2014;rf;14;Västra Götalands län;1401;Göteborgs kommun;1480;Göteborg;14805053;Västra Göteborg, Styrsö-Köpstadsö;27;27;0;0;34;39;3;4;144;143;8;7;146;156;1;2;189;204;5;1;1140
2014;rf;14;Västra Götalands län;1401;Göteborgs kommun;1480;Göteborg;14805061;Västra Göteborg, Bratthammar;80;66;0;0;78;63;1;0;293;303;17;9;230;212;3;6;284;277;2;1;1925
2014;rf;14;Västra Götalands län;1401;Göteborgs kommun;1480;Göteborg;14805071;Västra Göteborg, Beryllg.-Guldringen;55;58;0;1;158;146;2;1;259;252;15;12;157;197;6;2;208;303;5;10;1847
2014;rf;14;Västra Götalands län;1401;Göteborgs kommun;1480;Göteborg;14805081;Västra Göteborg, Tynnered;73;55;2;3;176;168;13;7;293;298;39;43;201;223;14;7;174;249;7;10;2055
2014;rf;14;Västra Götalands län;1401;Göteborgs kommun;1480;Göteborg;14805091;Askim-Frölunda-Högsbo, Kavås;24;32;0;0;83;83;4;3;180;172;15;15;113;135;7;4;140;218;4;1;1233
2014;rf;14;Västra Götalands län;1401;Göteborgs kommun;1480;Göteborg;14805092;Askim-Frölunda-Högsbo, Kaverös, N;36;39;1;1;121;135;21;19;186;195;46;29;105;123;4;3;73;102;1;1;1241
2014;rf;14;Västra Götalands län;1401;Göteborgs kommun;1480;Göteborg;14805093;Askim-Frölunda-Högsbo, Kaverös, S;4;12;0;0;153;105;15;9;128;115;14;12;92;90;1;2;142;266;4;8;1172
2014;rf;14;Västra Götalands län;1401;Göteborgs kommun;1480;Göteborg;14805101;Askim-Frölunda-Högsbo, Flatås, V;28;46;2;2;126;118;8;6;227;214;28;26;145;153;8;8;178;249;7;6;1585
2014;rf;14;Västra Götalands län;1401;Göteborgs kommun;1480;Göteborg;14805111;Askim-Frölunda-Högsbo, Högsbohöjd, N;37;47;2;0;174;138;32;23;245;258;52;25;113;111;8;2;59;63;3;3;1395
2014;rf;14;Västra Götalands län;1401;Göteborgs kommun;1480;Göteborg;14805112;Askim-Frölunda-Högsbo, Högsbohöjd, S;31;31;2;2;136;164;11;10;254;274;32;36;114;111;5;4;102;203;2;2;1526
2014;rf;14;Västra Götalands län;1401;Göteborgs kommun;1480;Göteborg;14805121;Askim-Frölunda-Högsbo, Högsbo;10;12;0;1;95;110;6;8;219;172;28;20;137;135;6;6;148;277;3;4;1397
2014;rf;14;Västra Götalands län;1401;Göteborgs kommun;1480;Göteborg;14805122;Askim-Frölunda-Högsbo, Högsbotorp, V;19;19;1;1;159;169;14;7;270;239;27;19;114;134;5;4;103;171;6;7;1488
2014;rf;14;Västra Götalands län;1401;Göteborgs kommun;1480;Göteborg;14805123;Askim-Frölunda-Högsbo, Högsbotorp, Ö;29;26;0;0;147;159;8;3;217;189;22;18;96;115;5;7;121;210;1;5;1378
2014;rf;14;Västra Götalands län;1401;Göteborgs kommun;1480;Göteborg;14805124;Askim-Frölunda-Högsbo, Marklandsg.;22;31;1;0;152;186;30;17;236;202;23;19;93;114;2;5;156;319;3;8;1619
2014;rf;14;Västra Götalands län;1401;Göteborgs kommun;1480;Göteborg;14805131;Askim-Frölunda-Högsbo, Spinetten;11;13;1;3;56;66;1;5;136;140;17;17;88;113;5;4;104;167;3;4;954
2014;rf;14;Västra Götalands län;1401;Göteborgs kommun;1480;Göteborg;14805132;Askim-Frölunda-Högsbo, Tofta;22;21;3;1;75;97;9;7;138;149;27;23;122;146;9;5;217;323;6;4;1404
2014;rf;14;Västra Götalands län;1401;Göteborgs kommun;1480;Göteborg;14805141;Askim-Frölunda-Högsbo, Ruddalen;32;25;5;2;147;136;13;13;191;144;17;16;151;158;15;5;301;533;10;6;1920
2014;rf;14;Västra Götalands län;1401;Göteborgs kommun;1480;Göteborg;14805151;Askim-Frölunda-Högsbo, Järnbrott, V;50;54;1;2;111;121;2;6;267;288;32;24;199;225;10;5;185;241;5;3;1831
2014;rf;14;Västra Götalands län;1401;Göteborgs kommun;1480;Göteborg;14805152;Askim-Frölunda-Högsbo, Järnbrott, Ö;24;19;0;0;115;110;4;4;186;162;10;13;143;160;3;2;133;278;3;4;1373
2014;rf;14;Västra Götalands län;1401;Göteborgs kommun;1480;Göteborg;14805161;Askim-Frölunda-Högsbo, Flatås, Ö;27;43;1;1;105;128;7;6;236;232;25;17;124;93;8;3;89;129;4;4;1282
2014;rf;14;Västra Götalands län;1401;Göteborgs kommun;1480;Göteborg;14805171;Askim-Frölunda-Högsbo, Frölunda;28;29;4;4;73;73;12;16;127;152;54;39;101;95;9;6;62;83;2;2;971
2014;rf;14;Västra Götalands län;1401;Göteborgs kommun;1480;Göteborg;14805172;Askim-Frölunda-Högsbo, Frölunda Torg;32;43;3;3;84;83;59;22;147;138;60;34;113;154;11;14;141;221;9;10;1381
2014;rf;14;Västra Götalands län;1401;Göteborgs kommun;1480;Göteborg;14805173;Askim-Frölunda-Högsbo, Gånglåten;26;36;5;3;92;76;14;18;178;184;30;42;106;96;9;11;62;86;1;5;1080
2014;rf;14;Västra Götalands län;1401;Göteborgs kommun;1480;Göteborg;14805174;Askim-Frölunda-Högsbo, Mandolingatan;21;30;2;0;57;73;14;13;84;89;21;13;94;117;10;3;163;296;7;5;1112
2014;rf;14;Västra Götalands län;1401;Göteborgs kommun;1480;Göteborg;14805181;Västra Göteborg, Korsåsen;50;35;2;1;84;84;5;13;187;210;29;15;153;174;14;17;184;225;4;6;1492
2014;rf;14;Västra Götalands län;1401;Göteborgs kommun;1480;Göteborg;14805182;Västra Göteborg, Ängås;69;36;2;3;105;111;15;24;240;219;32;33;135;165;13;10;77;98;3;7;1397
2014;rf;14;Västra Götalands län;1401;Göteborgs kommun;1480;Göteborg;14805191;Västra Göteborg, Önnered, Västra;71;46;0;0;47;54;0;1;198;217;5;7;142;144;1;6;193;257;3;4;1396
2014;rf;14;Västra Götalands län;1401;Göteborgs kommun;1480;Göteborg;14805192;Västra Göteborg, Önnered, Östra;47;46;0;1;59;57;3;5;247;262;12;11;158;174;2;6;217;211;3;2;1523
2014;rf;14;Västra Götalands län;1401;Göteborgs kommun;1480;Göteborg;14805201;Västra Göteborg, Grevegården;55;52;9;5;135;134;22;24;182;209;48;52;109;103;12;9;67;126;3;6;1362
2014;rf;14;Västra Götalands län;1401;Göteborgs kommun;1480;Göteborg;14805202;Västra Göteborg, Skattegården;69;45;6;2;121;111;16;20;225;235;43;42;137;172;10;9;130;172;5;8;1578
2014;rf;14;Västra Götalands län;1401;Göteborgs kommun;1480;Göteborg;14805211;Västra Göteborg, Näset, Norra;67;64;1;3;54;34;1;1;235;265;13;9;213;196;5;8;252;241;1;3;1666
2014;rf;14;Västra Götalands län;1401;Göteborgs kommun;1480;Göteborg;14805212;Västra Göteborg, Näset, Södra;48;56;0;0;46;46;2;1;197;234;11;11;216;196;4;7;149;157;1;0;1382
2014;rf;14;Västra Götalands län;1401;Göteborgs kommun;1480;Göteborg;14805213;Västra Göteborg, Åkered;49;51;0;0;59;33;3;2;244;270;8;12;187;178;6;5;174;188;0;1;1470
2014;rf;14;Västra Götalands län;1401;Göteborgs kommun;1480;Göteborg;14805221;Västra Göteborg, Opaltorget, Norra;39;33;2;4;117;104;9;17;211;177;35;24;136;142;10;3;126;180;9;8;1386
2014;rf;14;Västra Götalands län;1401;Göteborgs kommun;1480;Göteborg;14805222;Västra Göteborg, Opaltorget, Södra;42;36;2;0;58;74;4;9;159;187;19;30;92;80;9;4;88;100;5;2;1000
2014;rf;14;Västra Götalands län;1401;Göteborgs kommun;1480;Göteborg;14805231;Askim-Frölunda-Högsbo, Askim;30;38;3;0;80;56;3;5;143;166;10;12;127;131;8;5;160;253;4;7;1241
2014;rf;14;Västra Götalands län;1401;Göteborgs kommun;1480;Göteborg;14805232;Askim-Frölunda-Högsbo, Hovås, Norra;40;35;2;4;39;30;2;6;147;181;19;16;164;144;2;8;139;138;9;6;1131
2014;rf;14;Västra Götalands län;1401;Göteborgs kommun;1480;Göteborg;14805233;Askim-Frölunda-Högsbo, Hult;47;30;1;0;48;31;2;2;158;188;4;7;161;146;3;4;188;185;7;6;1218
2014;rf;14;Västra Götalands län;1401;Göteborgs kommun;1480;Göteborg;14805234;Askim-Frölunda-Högsbo, Pilegården;30;35;1;0;112;133;6;7;218;220;12;9;98;137;6;6;80;109;1;6;1226
2014;rf;14;Västra Götalands län;1401;Göteborgs kommun;1480;Göteborg;14805235;Askim-Frölunda-Högsbo, Sisjön, Norra;39;57;2;0;72;70;4;2;221;246;18;14;179;194;5;3;174;186;8;6;1500
2014;rf;14;Västra Götalands län;1401;Göteborgs kommun;1480;Göteborg;14805236;Askim-Frölunda-Högsbo, Sisjön, Södra;70;70;0;0;65;56;1;3;246;259;10;15;188;184;8;6;162;147;3;6;1499
2014;rf;14;Västra Götalands län;1401;Göteborgs kommun;1480;Göteborg;14805241;Askim-Frölunda-Högsbo, Hovås, Södra;38;35;5;0;50;27;0;4;125;146;17;14;123;126;7;8;153;181;2;1;1062
2014;rf;14;Västra Götalands län;1401;Göteborgs kommun;1480;Göteborg;14805242;Askim-Frölunda-Högsbo, Trollåsen;58;48;3;3;49;32;6;8;231;265;22;16;163;143;6;4;159;152;6;6;1380
2014;rf;14;Västra Götalands län;1401;Göteborgs kommun;1480;Göteborg;14805251;Askim-Frölunda-Högsbo, Billdal;65;62;1;1;68;53;0;3;318;356;15;11;216;216;11;6;193;203;4;7;1809
2014;rf;14;Västra Götalands län;1401;Göteborgs kommun;1480;Göteborg;14805252;Askim-Frölunda-Högsbo, Brottkärr;33;32;2;0;26;25;1;1;137;169;15;14;123;122;4;2;127;113;1;2;949
2014;rf;14;Västra Götalands län;1401;Göteborgs kommun;1480;Göteborg;14805253;Askim-Frölunda-Högsbo, Lindås;58;53;1;0;34;40;2;1;265;282;8;15;165;161;4;6;191;199;2;1;1488
2014;rf;14;Västra Götalands län;1401;Göteborgs kommun;1480;Göteborg;14805254;Askim-Frölunda-Högsbo, Lyckhem;31;26;0;0;36;30;1;0;181;198;7;13;136;135;7;6;172;193;3;3;1178
2014;rf;14;Västra Götalands län;1401;Göteborgs kommun;1480;Göteborg;14805255;Askim-Frölunda-Högsbo, Nygård;51;26;2;0;33;35;1;3;203;234;11;14;123;142;6;4;163;193;3;3;1250
2014;rf;14;Västra Götalands län;1401;Göteborgs kommun;1480;Göteborg;14805256;Askim-Frölunda-Högsbo, Skintebo;34;45;0;0;48;45;2;0;234;271;11;9;113;140;1;1;97;159;1;1;1212
2014;rf;14;Västra Götalands län;1401;Göteborgs kommun;1480;Göteborg;14806011;Angered, Lövgärdet, Nedre;99;74;15;10;154;139;47;58;332;284;134;68;221;206;54;30;156;147;24;26;2278
2014;rf;14;Västra Götalands län;1401;Göteborgs kommun;1480;Göteborg;14806012;Angered, Lövgärdet, Övre;52;43;5;7;118;135;45;39;261;256;98;66;174;142;22;25;93;119;22;17;1739
2014;rf;14;Västra Götalands län;1401;Göteborgs kommun;1480;Göteborg;14806013;Angered, Lövgärdets Centrum;41;35;9;13;76;75;22;23;168;159;73;58;123;130;30;18;105;104;14;20;1296
2014;rf;14;Västra Götalands län;1401;Göteborgs kommun;1480;Göteborg;14806021;Angered, Rannebergen, Norra;50;54;6;6;114;102;20;24;247;226;37;39;228;233;16;26;151;135;25;14;1753
2014;rf;14;Västra Götalands län;1401;Göteborgs kommun;1480;Göteborg;14806022;Angered, Rannebergen, Södra;44;51;6;9;81;98;35;44;231;222;84;74;155;165;26;30;128;159;23;10;1675
2014;rf;14;Västra Götalands län;1401;Göteborgs kommun;1480;Göteborg;14806031;Angered, Gårdsten, Norra;40;32;24;24;88;88;94;97;252;206;277;173;169;134;73;44;100;91;18;15;2039
2014;rf;14;Västra Götalands län;1401;Göteborgs kommun;1480;Göteborg;14806032;Angered, Gårdsten, Södra;39;34;2;3;67;64;21;23;150;146;80;44;90;75;23;14;51;45;5;9;985
2014;rf;14;Västra Götalands län;1401;Göteborgs kommun;1480;Göteborg;14806033;Angered, Gårdsten, Västra;35;35;4;4;60;47;43;39;144;165;116;87;118;107;56;40;80;95;22;19;1316
2014;rf;14;Västra Götalands län;1401;Göteborgs kommun;1480;Göteborg;14806034;Angered, Gårdsten, Östra;52;58;9;12;90;77;32;33;180;190;105;69;138;139;40;29;113;125;20;10;1521
2014;rf;14;Västra Götalands län;1401;Göteborgs kommun;1480;Göteborg;14806041;Angered, Angereds Centrum;69;78;2;4;97;92;12;13;196;209;21;26;188;212;13;16;127;151;14;10;1550
2014;rf;14;Västra Götalands län;1401;Göteborgs kommun;1480;Göteborg;14806042;Angered, Trägårdsgärdet;44;28;2;1;65;84;12;15;159;202;21;15;142;178;14;16;98;102;11;9;1218
2014;rf;14;Västra Götalands län;1401;Göteborgs kommun;1480;Göteborg;14806051;Angered, Agnesberg;21;23;1;3;41;51;4;5;92;94;22;11;97;85;10;5;78;91;14;13;761
2014;rf;14;Västra Götalands län;1401;Göteborgs kommun;1480;Göteborg;14806061;Angered, Hammarkullen, Västra;81;97;14;10;130;123;35;34;216;271;112;82;173;184;30;18;92;99;14;16;1831
2014;rf;14;Västra Götalands län;1401;Göteborgs kommun;1480;Göteborg;14806062;Angered, Hammarkullen, Östra;52;55;7;10;101;113;41;38;216;239;82;74;139;130;25;11;118;132;18;20;1621
2014;rf;14;Västra Götalands län;1401;Göteborgs kommun;1480;Göteborg;14806063;Angered, Sandeslätt;79;73;14;5;105;101;29;24;239;260;71;63;181;177;19;22;141;143;14;22;1782
2014;rf;14;Västra Götalands län;1401;Göteborgs kommun;1480;Göteborg;14806101;Angered, Gunnilse-Linnarhult;58;55;3;1;60;57;10;5;224;233;43;19;224;198;16;7;174;131;6;10;1534
2014;rf;14;Västra Götalands län;1401;Göteborgs kommun;1480;Göteborg;14806111;Angered, Björsared-Knipared;45;54;3;1;71;74;4;5;293;316;26;16;219;170;10;11;104;86;9;4;1521
2014;rf;14;Västra Götalands län;1401;Göteborgs kommun;1480;Göteborg;14806112;Angered, Olofstorp;72;66;4;3;81;72;6;2;399;401;32;35;193;153;10;8;131;143;11;9;1831
2014;rf;14;Västra Götalands län;1401;Göteborgs kommun;1480;Göteborg;14806121;Angered, Bläsebo;48;60;0;0;118;106;17;14;237;242;40;23;155;144;16;17;82;77;15;10;1421
2014;rf;14;Västra Götalands län;1401;Göteborgs kommun;1480;Göteborg;14806122;Angered, Hjällbo, Norra;85;82;10;11;94;110;32;31;190;240;64;35;124;128;11;10;74;94;8;8;1441
2014;rf;14;Västra Götalands län;1401;Göteborgs kommun;1480;Göteborg;14806123;Angered, Hjällbo, Södra;64;64;10;6;81;84;29;29;114;147;61;46;73;77;18;8;37;48;5;5;1006
2014;rf;14;Västra Götalands län;1401;Göteborgs kommun;1480;Göteborg;14806124;Angered, Skolspåret;55;45;4;3;89;89;18;17;173;170;40;22;83;124;15;13;55;80;9;11;1115
2014;rf;14;Västra Götalands län;1401;Göteborgs kommun;1480;Göteborg;14806131;Angered, Eriksbo;58;65;14;7;129;152;50;39;279;300;109;64;186;153;24;26;77;102;12;14;1860
2014;rf;14;Västra Götalands län;1401;Göteborgs kommun;1480;Göteborg;14807011;Västra Hisingen, Biskopsgården, N;61;46;16;17;145;115;63;55;223;209;134;94;152;115;32;16;90;80;17;21;1701
2014;rf;14;Västra Götalands län;1401;Göteborgs kommun;1480;Göteborg;14807012;Västra Hisingen, Svarte Mosse;46;46;9;7;116;107;66;63;216;192;164;77;118;109;26;15;50;52;11;6;1496
2014;rf;14;Västra Götalands län;1401;Göteborgs kommun;1480;Göteborg;14807021;Västra Hisingen, Länsmansgården, C;35;36;6;4;135;114;19;27;179;180;60;49;106;119;27;11;89;108;17;11;1332
2014;rf;14;Västra Götalands län;1401;Göteborgs kommun;1480;Göteborg;14807022;Västra Hisingen, Länsmansgården, N;40;27;6;2;97;73;16;15;190;201;37;42;144;138;12;16;102;135;13;9;1315
2014;rf;14;Västra Götalands län;1401;Göteborgs kommun;1480;Göteborg;14807023;Västra Hisingen, Länsmansgården, S;18;36;7;3;62;71;31;51;142;153;69;68;83;93;10;3;55;95;6;9;1065
2014;rf;14;Västra Götalands län;1401;Göteborgs kommun;1480;Göteborg;14807031;Västra Hisingen, Badvädersgatan m fl;18;22;2;4;101;75;20;13;142;95;26;26;113;134;15;12;185;247;15;21;1286
2014;rf;14;Västra Götalands län;1401;Göteborgs kommun;1480;Göteborg;14807032;Västra Hisingen, Stackmolnsg. m fl;43;39;14;8;120;100;26;29;234;214;57;58;148;134;21;18;141;192;13;13;1622
2014;rf;14;Västra Götalands län;1401;Göteborgs kommun;1480;Göteborg;14807041;Västra Hisingen, Andalen;75;66;2;2;49;43;0;0;393;440;9;15;210;209;12;7;139;131;4;5;1811
2014;rf;14;Västra Götalands län;1401;Göteborgs kommun;1480;Göteborg;14807042;Västra Hisingen, Hjuvik;55;66;1;2;61;52;3;0;295;328;13;11;216;208;12;7;155;141;4;4;1634
2014;rf;14;Västra Götalands län;1401;Göteborgs kommun;1480;Göteborg;14807043;Västra Hisingen, Hällsvik;56;60;0;0;56;34;1;0;257;284;13;10;219;203;7;7;142;124;5;2;1480
2014;rf;14;Västra Götalands län;1401;Göteborgs kommun;1480;Göteborg;14807051;Västra Hisingen, Amhult-Arendal;30;26;1;0;62;66;7;2;280;282;15;10;101;94;2;2;131;203;2;9;1325
2014;rf;14;Västra Götalands län;1401;Göteborgs kommun;1480;Göteborg;14807052;Västra Hisingen, Domarringen m fl;59;43;0;0;44;62;2;0;267;297;5;8;182;175;8;4;163;143;6;3;1471
2014;rf;14;Västra Götalands län;1401;Göteborgs kommun;1480;Göteborg;14807053;Västra Hisingen, Nolered;35;51;0;1;55;51;1;2;232;227;9;12;167;172;6;6;187;261;3;6;1484
2014;rf;14;Västra Götalands län;1401;Göteborgs kommun;1480;Göteborg;14807054;Västra Hisingen, Torslanda;73;57;0;0;78;72;0;2;342;366;6;7;193;190;3;5;176;227;9;11;1817
2014;rf;14;Västra Götalands län;1401;Göteborgs kommun;1480;Göteborg;14807055;Västra Hisingen, Tumlehed;45;33;0;0;64;64;3;1;245;248;13;11;191;189;6;3;169;214;7;4;1510
2014;rf;14;Västra Götalands län;1401;Göteborgs kommun;1480;Göteborg;14807061;Västra Hisingen, Björlanda;65;56;1;0;48;47;1;0;352;373;12;15;237;199;10;5;135;88;2;2;1648
2014;rf;14;Västra Götalands län;1401;Göteborgs kommun;1480;Göteborg;14807062;Västra Hisingen, Kvisljungeby;33;34;0;0;42;37;2;2;266;292;6;8;162;138;5;3;85;63;3;2;1183
2014;rf;14;Västra Götalands län;1401;Göteborgs kommun;1480;Göteborg;14807063;Västra Hisingen, Lilleby;60;60;0;0;58;37;1;1;340;375;11;12;193;174;8;4;93;69;5;7;1508
2014;rf;14;Västra Götalands län;1401;Göteborgs kommun;1480;Göteborg;14807064;Västra Hisingen, Älvegården m fl;28;26;1;0;60;67;6;1;349;360;12;14;79;78;2;0;40;33;2;1;1159
2014;rf;14;Västra Götalands län;1401;Göteborgs kommun;1480;Göteborg;14807081;Västra Hisingen, Biskopsgården, S;23;31;6;5;97;89;20;17;180;175;49;43;115;120;13;8;122;135;9;16;1273
2014;rf;14;Västra Götalands län;1401;Göteborgs kommun;1480;Göteborg;14807082;Västra Hisingen, Treröset;55;53;11;7;141;177;26;28;241;226;88;79;129;133;16;20;50;61;10;11;1562
2014;rf;14;Västra Götalands län;1401;Göteborgs kommun;1480;Göteborg;14807083;Västra Hisingen, Vårväderstorget;20;30;4;3;132;158;35;34;257;197;70;46;171;119;23;23;154;229;25;23;1753
2014;rf;14;Västra Götalands län;1401;Göteborgs kommun;1480;Göteborg;14807084;Västra Hisingen, Väderlekstorget;11;22;1;3;133;122;27;15;203;160;72;34;61;61;8;4;46;39;3;2;1027
2014;rf;14;Västra Götalands län;1401;Göteborgs kommun;1480;Göteborg;14807091;Västra Hisingen, Jättesten;38;44;1;4;102;108;24;28;263;233;36;26;167;175;17;19;231;254;23;21;1814
2014;rf;14;Västra Götalands län;1401;Göteborgs kommun;1480;Göteborg;14807092;Västra Hisingen, Kärrmossen;52;52;7;4;137;114;47;25;383;310;94;34;254;156;33;10;134;113;9;4;1972
2014;rf;14;Västra Götalands län;1401;Göteborgs kommun;1480;Göteborg;14807093;Västra Hisingen, Svartedalen;38;46;2;1;150;167;15;14;224;207;29;37;114;147;9;19;118;168;12;14;1531
