ar;val;kod;namn;parti_kalla;parti;roster;andel
2002;rf;14800101;Domkyrko 1;KPML;KPML;13;
2002;rf;14800101;Domkyrko 1;ÖVR;ÖVR;2;
2002;rf;14800102;Domkyrko 2;KPML;KPML;6;
2002;rf;14800102;Domkyrko 2;ÖVR;ÖVR;1;
2002;rf;14800103;Domkyrko 3;KPML;KPML;5;
2002;rf;14800103;Domkyrko 3;PPG;PPG;1;
2002;rf;14800103;Domkyrko 3;ÖVR;ÖVR;1;
2002;rf;14800104;Domkyrko 4;KPML;KPML;1;
2002;rf;14800104;Domkyrko 4;ND;ND;3;
2002;rf;14800104;Domkyrko 4;PPG;PPG;3;
2002;rf;14800105;Domkyrko 5;0332;0332;1;
2002;rf;14800105;Domkyrko 5;KPML;KPML;4;
2002;rf;14800105;Domkyrko 5;PPG;PPG;1;
2002;rf;14800105;Domkyrko 5;ÖVR;ÖVR;1;
2002;rf;14800106;Domkyrko 6;0332;0332;1;
2002;rf;14800106;Domkyrko 6;KPML;KPML;8;
2002;rf;14800106;Domkyrko 6;ND;ND;2;
2002;rf;14800106;Domkyrko 6;PPG;PPG;1;
2002;rf;14800107;Domkyrko 7;KPML;KPML;6;
2002;rf;14800107;Domkyrko 7;PPG;PPG;2;
2002;rf;14800108;Domkyrko 8;0332;0332;2;
2002;rf;14800108;Domkyrko 8;KPML;KPML;1;
2002;rf;14800108;Domkyrko 8;ND;ND;2;
2002;rf;14800108;Domkyrko 8;ÖVR;ÖVR;3;
2002;rf;14800401;Nylöse 1;KPML;KPML;17;
2002;rf;14800401;Nylöse 1;ND;ND;2;
2002;rf;14800401;Nylöse 1;PPG;PPG;1;
2002;rf;14800401;Nylöse 1;ÖVR;ÖVR;4;
2002;rf;14800402;Nylöse 2;KPML;KPML;28;
2002;rf;14800402;Nylöse 2;ND;ND;2;
2002;rf;14800402;Nylöse 2;ÖVR;ÖVR;1;
2002;rf;14800403;Nylöse 3;KPML;KPML;2;
2002;rf;14800403;Nylöse 3;ND;ND;1;
2002;rf;14800403;Nylöse 3;PPG;PPG;1;
2002;rf;14800403;Nylöse 3;ÖVR;ÖVR;1;
2002;rf;14800404;Nylöse 4;KPML;KPML;16;
2002;rf;14800404;Nylöse 4;PPG;PPG;1;
2002;rf;14800405;Nylöse 5;KPML;KPML;14;
2002;rf;14800405;Nylöse 5;ND;ND;2;
2002;rf;14800406;Nylöse 6;0332;0332;1;
2002;rf;14800406;Nylöse 6;KPML;KPML;5;
2002;rf;14800406;Nylöse 6;PPG;PPG;2;
2002;rf;14800407;Nylöse 7;KPML;KPML;1;
2002;rf;14800407;Nylöse 7;PPG;PPG;4;
2002;rf;14800407;Nylöse 7;ÖVR;ÖVR;2;
2002;rf;14800501;Kortedala 1;KPML;KPML;24;
2002;rf;14800501;Kortedala 1;ND;ND;3;
2002;rf;14800501;Kortedala 1;PPG;PPG;1;
2002;rf;14800501;Kortedala 1;ÖVR;ÖVR;1;
2002;rf;14800502;Kortedala 2;KPML;KPML;12;
2002;rf;14800502;Kortedala 2;ND;ND;2;
2002;rf;14800503;Kortedala 3;KPML;KPML;13;
2002;rf;14800503;Kortedala 3;ND;ND;1;
2002;rf;14800503;Kortedala 3;ÖVR;ÖVR;2;
2002;rf;14800504;Kortedala 4;KPML;KPML;14;
2002;rf;14800504;Kortedala 4;ND;ND;1;
2002;rf;14800504;Kortedala 4;PPG;PPG;5;
2002;rf;14800504;Kortedala 4;ÖVR;ÖVR;2;
2002;rf;14800505;Kortedala 5;KommF;KOMMF;3;
2002;rf;14800505;Kortedala 5;KPML;KPML;14;
2002;rf;14800505;Kortedala 5;ND;ND;1;
2002;rf;14800505;Kortedala 5;ÖVR;ÖVR;2;
2002;rf;14800506;Kortedala 6;KPML;KPML;15;
2002;rf;14800506;Kortedala 6;ND;ND;3;
2002;rf;14800507;Kortedala 7;KPML;KPML;29;
2002;rf;14800507;Kortedala 7;ND;ND;3;
2002;rf;14800507;Kortedala 7;ÖVR;ÖVR;1;
2002;rf;14800508;Kortedala 8;KPML;KPML;18;
2002;rf;14800508;Kortedala 8;PPG;PPG;1;
2002;rf;14800509;Kortedala 9;KPML;KPML;15;
2002;rf;14800509;Kortedala 9;ND;ND;1;
2002;rf;14800509;Kortedala 9;ÖVR;ÖVR;2;
2002;rf;14800601;Härlanda 1;KPML;KPML;9;
2002;rf;14800601;Härlanda 1;PPG;PPG;3;
2002;rf;14800602;Härlanda 2;KPML;KPML;19;
2002;rf;14800602;Härlanda 2;ND;ND;2;
2002;rf;14800602;Härlanda 2;PPG;PPG;4;
2002;rf;14800603;Härlanda 3;KPML;KPML;8;
2002;rf;14800603;Härlanda 3;PPG;PPG;2;
2002;rf;14800604;Härlanda 4;KPML;KPML;4;
2002;rf;14800604;Härlanda 4;PPG;PPG;3;
2002;rf;14800604;Härlanda 4;ÖVR;ÖVR;1;
2002;rf;14800605;Härlanda 5;0332;0332;1;
2002;rf;14800605;Härlanda 5;KPML;KPML;10;
2002;rf;14800605;Härlanda 5;ND;ND;3;
2002;rf;14800605;Härlanda 5;PPG;PPG;2;
2002;rf;14800605;Härlanda 5;ÖVR;ÖVR;1;
2002;rf;14800606;Härlanda 6;KPML;KPML;5;
2002;rf;14800606;Härlanda 6;ND;ND;1;
2002;rf;14800606;Härlanda 6;PPG;PPG;4;
2002;rf;14800607;Härlanda 7;KPML;KPML;2;
2002;rf;14800607;Härlanda 7;ND;ND;1;
2002;rf;14800607;Härlanda 7;PPG;PPG;5;
2002;rf;14800607;Härlanda 7;ÖVR;ÖVR;1;
2002;rf;14800608;Härlanda 8;KPML;KPML;17;
2002;rf;14800608;Härlanda 8;ND;ND;1;
2002;rf;14800608;Härlanda 8;PPG;PPG;1;
2002;rf;14800608;Härlanda 8;ÖVR;ÖVR;1;
2002;rf;14800609;Härlanda 9;KPML;KPML;10;
2002;rf;14800609;Härlanda 9;ND;ND;1;
2002;rf;14800609;Härlanda 9;PPG;PPG;3;
2002;rf;14800609;Härlanda 9;ÖVR;ÖVR;1;
2002;rf;14800610;Härlanda 10;KPML;KPML;8;
2002;rf;14800610;Härlanda 10;PPG;PPG;5;
2002;rf;14800610;Härlanda 10;ÖVR;ÖVR;3;
2002;rf;14800611;Härlanda 11;KPML;KPML;7;
2002;rf;14800611;Härlanda 11;ND;ND;1;
2002;rf;14800701;Vasa 1;KPML;KPML;1;
2002;rf;14800701;Vasa 1;ÖVR;ÖVR;3;
2002;rf;14800702;Vasa 2;KPML;KPML;3;
2002;rf;14800702;Vasa 2;ND;ND;1;
2002;rf;14800703;Vasa 3;KPML;KPML;2;
2002;rf;14800703;Vasa 3;ND;ND;1;
2002;rf;14800703;Vasa 3;PPG;PPG;1;
2002;rf;14800704;Vasa 4;PPG;PPG;2;
2002;rf;14800705;Vasa 5;KPML;KPML;2;
2002;rf;14800706;Vasa 6;0332;0332;1;
2002;rf;14800706;Vasa 6;KPML;KPML;8;
2002;rf;14800706;Vasa 6;ÖVR;ÖVR;1;
2002;rf;14800707;Vasa 7;KPML;KPML;5;
2002;rf;14800708;Vasa 8;KPML;KPML;4;
2002;rf;14800708;Vasa 8;PPG;PPG;1;
2002;rf;14800708;Vasa 8;ÖVR;ÖVR;1;
2002;rf;14800709;Vasa 9;KPML;KPML;7;
2002;rf;14800710;Vasa 10;ND;ND;2;
2002;rf;14800801;Johanneberg 1;KPML;KPML;2;
2002;rf;14800801;Johanneberg 1;ND;ND;2;
2002;rf;14800801;Johanneberg 1;ÖVR;ÖVR;2;
2002;rf;14800802;Johanneberg 2;KPML;KPML;1;
2002;rf;14800802;Johanneberg 2;ND;ND;2;
2002;rf;14800802;Johanneberg 2;PPG;PPG;1;
2002;rf;14800802;Johanneberg 2;ÖVR;ÖVR;1;
2002;rf;14800803;Johanneberg 3;ND;ND;1;
2002;rf;14800803;Johanneberg 3;PPG;PPG;2;
2002;rf;14800803;Johanneberg 3;ÖVR;ÖVR;1;
2002;rf;14800804;Johanneberg 4;KPML;KPML;4;
2002;rf;14800804;Johanneberg 4;ND;ND;1;
2002;rf;14800805;Johanneberg 5;KPML;KPML;2;
2002;rf;14800805;Johanneberg 5;ND;ND;1;
2002;rf;14800805;Johanneberg 5;ÖVR;ÖVR;2;
2002;rf;14800806;Johanneberg 6;KPML;KPML;10;
2002;rf;14800806;Johanneberg 6;PPG;PPG;2;
2002;rf;14800807;Johanneberg 7;KPML;KPML;6;
2002;rf;14800807;Johanneberg 7;ÖVR;ÖVR;1;
2002;rf;14800808;Johanneberg 8;KPML;KPML;7;
2002;rf;14800808;Johanneberg 8;ND;ND;2;
2002;rf;14800808;Johanneberg 8;PPG;PPG;1;
2002;rf;14800809;Johanneberg 9;KPML;KPML;7;
2002;rf;14800809;Johanneberg 9;PPG;PPG;2;
2002;rf;14800810;Johanneberg 10;KPML;KPML;5;
2002;rf;14800810;Johanneberg 10;ND;ND;1;
2002;rf;14800810;Johanneberg 10;PPG;PPG;1;
2002;rf;14800810;Johanneberg 10;ÖVR;ÖVR;1;
2002;rf;14800811;Johanneberg 11;KPML;KPML;4;
2002;rf;14800811;Johanneberg 11;PPG;PPG;1;
2002;rf;14800811;Johanneberg 11;ÖVR;ÖVR;2;
2002;rf;14800812;Johanneberg 12;KPML;KPML;2;
2002;rf;14800812;Johanneberg 12;ND;ND;1;
2002;rf;14800812;Johanneberg 12;ÖVR;ÖVR;1;
2002;rf;14800813;Johanneberg 13;KPML;KPML;9;
2002;rf;14800901;Annedal 1;KPML;KPML;11;
2002;rf;14800901;Annedal 1;ND;ND;2;
2002;rf;14800901;Annedal 1;PPG;PPG;2;
2002;rf;14800902;Annedal 2;KPML;KPML;7;
2002;rf;14800902;Annedal 2;PPG;PPG;3;
2002;rf;14800903;Annedal 3;KPML;KPML;13;
2002;rf;14800903;Annedal 3;ND;ND;2;
2002;rf;14800903;Annedal 3;PPG;PPG;1;
2002;rf;14800904;Annedal 4;KPML;KPML;6;
2002;rf;14800904;Annedal 4;PPG;PPG;2;
2002;rf;14800904;Annedal 4;ÖVR;ÖVR;1;
2002;rf;14800905;Annedal 5;KPML;KPML;6;
2002;rf;14800905;Annedal 5;PPG;PPG;1;
2002;rf;14800906;Annedal 6;KPML;KPML;12;
2002;rf;14800906;Annedal 6;PPG;PPG;1;
2002;rf;14800906;Annedal 6;ÖVR;ÖVR;1;
2002;rf;14800907;Annedal 7;KPML;KPML;9;
2002;rf;14800907;Annedal 7;ND;ND;8;
2002;rf;14800907;Annedal 7;ÖVR;ÖVR;1;
2002;rf;14800908;Annedal 8;KPML;KPML;5;
2002;rf;14800908;Annedal 8;ND;ND;2;
2002;rf;14800908;Annedal 8;PPG;PPG;2;
2002;rf;14800908;Annedal 8;ÖVR;ÖVR;2;
2002;rf;14800909;Annedal 9;KPML;KPML;4;
2002;rf;14800909;Annedal 9;PPG;PPG;3;
2002;rf;14800910;Annedal 10;KPML;KPML;6;
2002;rf;14800910;Annedal 10;PPG;PPG;1;
2002;rf;14800911;Annedal 11;KPML;KPML;6;
2002;rf;14800911;Annedal 11;ND;ND;4;
2002;rf;14800911;Annedal 11;PPG;PPG;4;
2002;rf;14801001;Haga 1;KPML;KPML;17;
2002;rf;14801001;Haga 1;ND;ND;1;
2002;rf;14801002;Haga 2;KPML;KPML;3;
2002;rf;14801002;Haga 2;ND;ND;4;
2002;rf;14801002;Haga 2;PPG;PPG;5;
2002;rf;14801003;Haga 3;KPML;KPML;22;
2002;rf;14801101;Oskar Fredrik 1;KPML;KPML;15;
2002;rf;14801101;Oskar Fredrik 1;PPG;PPG;2;
2002;rf;14801102;Oskar Fredrik 2;KPML;KPML;45;
2002;rf;14801102;Oskar Fredrik 2;ND;ND;1;
2002;rf;14801102;Oskar Fredrik 2;PPG;PPG;1;
2002;rf;14801102;Oskar Fredrik 2;ÖVR;ÖVR;1;
2002;rf;14801103;Oskar Fredrik 3;KPML;KPML;22;
2002;rf;14801103;Oskar Fredrik 3;ND;ND;1;
2002;rf;14801103;Oskar Fredrik 3;PPG;PPG;4;
2002;rf;14801103;Oskar Fredrik 3;ÖVR;ÖVR;1;
2002;rf;14801104;Oskar Fredrik 4;KPML;KPML;3;
2002;rf;14801104;Oskar Fredrik 4;PPG;PPG;2;
2002;rf;14801104;Oskar Fredrik 4;ÖVR;ÖVR;1;
2002;rf;14801105;Oskar Fredrik 5;KPML;KPML;35;
2002;rf;14801105;Oskar Fredrik 5;ND;ND;2;
2002;rf;14801105;Oskar Fredrik 5;PPG;PPG;2;
2002;rf;14801106;Oskar Fredrik 6;KPML;KPML;10;
2002;rf;14801106;Oskar Fredrik 6;ÖVR;ÖVR;1;
2002;rf;14801107;Oskar Fredrik 7;KPML;KPML;21;
2002;rf;14801107;Oskar Fredrik 7;PPG;PPG;2;
2002;rf;14801201;Masthugg 1;KPML;KPML;22;
2002;rf;14801201;Masthugg 1;PPG;PPG;3;
2002;rf;14801201;Masthugg 1;ÖVR;ÖVR;1;
2002;rf;14801202;Masthugg 2;KPML;KPML;33;
2002;rf;14801202;Masthugg 2;ND;ND;1;
2002;rf;14801202;Masthugg 2;PPG;PPG;2;
2002;rf;14801202;Masthugg 2;ÖVR;ÖVR;1;
2002;rf;14801203;Masthugg 3;KPML;KPML;29;
2002;rf;14801203;Masthugg 3;ND;ND;2;
2002;rf;14801204;Masthugg 4;KPML;KPML;41;
2002;rf;14801204;Masthugg 4;ÖVR;ÖVR;1;
2002;rf;14801205;Masthugg 5;KPML;KPML;28;
2002;rf;14801205;Masthugg 5;ÖVR;ÖVR;1;
2002;rf;14801206;Masthugg 6;KPML;KPML;21;
2002;rf;14801206;Masthugg 6;PPG;PPG;3;
2002;rf;14801206;Masthugg 6;ÖVR;ÖVR;1;
2002;rf;14801207;Masthugg 7;KPML;KPML;22;
2002;rf;14801207;Masthugg 7;PPG;PPG;1;
2002;rf;14801207;Masthugg 7;ÖVR;ÖVR;6;
2002;rf;14801208;Masthugg 8;KPML;KPML;40;
2002;rf;14801208;Masthugg 8;ND;ND;2;
2002;rf;14801208;Masthugg 8;PPG;PPG;1;
2002;rf;14801208;Masthugg 8;ÖVR;ÖVR;1;
2002;rf;14801301;Karl Johan 1;KPML;KPML;14;
2002;rf;14801301;Karl Johan 1;ND;ND;5;
2002;rf;14801301;Karl Johan 1;PPG;PPG;1;
2002;rf;14801301;Karl Johan 1;ÖVR;ÖVR;1;
2002;rf;14801302;Karl Johan 2;KPML;KPML;18;
2002;rf;14801302;Karl Johan 2;ÖVR;ÖVR;1;
2002;rf;14801303;Karl Johan 3;KPML;KPML;28;
2002;rf;14801303;Karl Johan 3;ND;ND;2;
2002;rf;14801304;Karl Johan 4;KPML;KPML;14;
2002;rf;14801304;Karl Johan 4;ND;ND;2;
2002;rf;14801305;Karl Johan 5;KPML;KPML;34;
2002;rf;14801305;Karl Johan 5;ND;ND;3;
2002;rf;14801305;Karl Johan 5;ÖVR;ÖVR;1;
2002;rf;14801306;Karl Johan 6;KPML;KPML;48;
2002;rf;14801306;Karl Johan 6;ND;ND;1;
2002;rf;14801306;Karl Johan 6;PPG;PPG;2;
2002;rf;14801307;Karl Johan 7;KPML;KPML;10;
2002;rf;14801307;Karl Johan 7;ND;ND;3;
2002;rf;14801308;Karl Johan 8;KPML;KPML;34;
2002;rf;14801308;Karl Johan 8;ND;ND;5;
2002;rf;14801308;Karl Johan 8;ÖVR;ÖVR;2;
2002;rf;14801309;Karl Johan 9;0332;0332;1;
2002;rf;14801309;Karl Johan 9;KPML;KPML;14;
2002;rf;14801309;Karl Johan 9;ND;ND;1;
2002;rf;14801309;Karl Johan 9;PPG;PPG;3;
2002;rf;14801309;Karl Johan 9;ÖVR;ÖVR;1;
2002;rf;14801310;Karl Johan 10;KPML;KPML;16;
2002;rf;14801310;Karl Johan 10;ND;ND;1;
2002;rf;14801310;Karl Johan 10;PPG;PPG;4;
2002;rf;14801311;Karl Johan 11;KPML;KPML;41;
2002;rf;14801311;Karl Johan 11;PPG;PPG;1;
2002;rf;14801312;Karl Johan 12;KPML;KPML;17;
2002;rf;14801312;Karl Johan 12;ND;ND;3;
2002;rf;14801601;Örgryte 1;KPML;KPML;8;
2002;rf;14801601;Örgryte 1;PPG;PPG;1;
2002;rf;14801602;Örgryte 2;KPML;KPML;3;
2002;rf;14801602;Örgryte 2;PPG;PPG;3;
2002;rf;14801603;Örgryte 3;KPML;KPML;2;
2002;rf;14801603;Örgryte 3;ND;ND;1;
2002;rf;14801603;Örgryte 3;PPG;PPG;1;
2002;rf;14801604;Örgryte 4;KPML;KPML;7;
2002;rf;14801604;Örgryte 4;ND;ND;1;
2002;rf;14801604;Örgryte 4;PPG;PPG;1;
2002;rf;14801604;Örgryte 4;ÖVR;ÖVR;2;
2002;rf;14801605;Örgryte 5;KPML;KPML;6;
2002;rf;14801605;Örgryte 5;ND;ND;2;
2002;rf;14801605;Örgryte 5;PPG;PPG;1;
2002;rf;14801606;Örgryte 6;KPML;KPML;4;
2002;rf;14801607;Örgryte 7;KPML;KPML;1;
2002;rf;14801607;Örgryte 7;ND;ND;1;
2002;rf;14801607;Örgryte 7;ÖVR;ÖVR;2;
2002;rf;14801608;Örgryte 8;KPML;KPML;2;
2002;rf;14801608;Örgryte 8;PPG;PPG;3;
2002;rf;14801609;Örgryte 9;PPG;PPG;1;
2002;rf;14801609;Örgryte 9;ÖVR;ÖVR;1;
2002;rf;14801701;Lundby 1;0332;0332;1;
2002;rf;14801701;Lundby 1;KPML;KPML;10;
2002;rf;14801701;Lundby 1;ND;ND;2;
2002;rf;14801701;Lundby 1;PPG;PPG;5;
2002;rf;14801701;Lundby 1;ÖVR;ÖVR;2;
2002;rf;14801702;Lundby 2;KPML;KPML;5;
2002;rf;14801702;Lundby 2;ND;ND;2;
2002;rf;14801702;Lundby 2;PPG;PPG;3;
2002;rf;14801702;Lundby 2;ÖVR;ÖVR;2;
2002;rf;14801703;Lundby 3;KPML;KPML;10;
2002;rf;14801703;Lundby 3;ND;ND;3;
2002;rf;14801703;Lundby 3;PPG;PPG;4;
2002;rf;14801703;Lundby 3;ÖVR;ÖVR;1;
2002;rf;14801704;Lundby 4;KPML;KPML;13;
2002;rf;14801704;Lundby 4;PPG;PPG;2;
2002;rf;14801705;Lundby 5;KPML;KPML;12;
2002;rf;14801705;Lundby 5;ND;ND;4;
2002;rf;14801705;Lundby 5;PPG;PPG;2;
2002;rf;14801705;Lundby 5;ÖVR;ÖVR;3;
2002;rf;14801706;Lundby 6;KPML;KPML;9;
2002;rf;14801706;Lundby 6;ND;ND;1;
2002;rf;14801706;Lundby 6;PPG;PPG;3;
2002;rf;14801707;Lundby 7;KPML;KPML;8;
2002;rf;14801707;Lundby 7;ND;ND;2;
2002;rf;14801707;Lundby 7;PPG;PPG;1;
2002;rf;14801707;Lundby 7;ÖVR;ÖVR;1;
2002;rf;14801708;Lundby 8;KPML;KPML;19;
2002;rf;14801708;Lundby 8;ND;ND;2;
2002;rf;14801708;Lundby 8;ÖVR;ÖVR;2;
2002;rf;14801709;Lundby 9;KPML;KPML;7;
2002;rf;14801709;Lundby 9;ND;ND;1;
2002;rf;14801709;Lundby 9;PPG;PPG;1;
2002;rf;14801709;Lundby 9;ÖVR;ÖVR;1;
2002;rf;14801710;Lundby 10;KPML;KPML;2;
2002;rf;14801711;Lundby 11;KPML;KPML;3;
2002;rf;14801711;Lundby 11;ND;ND;1;
2002;rf;14801711;Lundby 11;PPG;PPG;1;
2002;rf;14801711;Lundby 11;ÖVR;ÖVR;4;
2002;rf;14801712;Lundby 12;KPML;KPML;10;
2002;rf;14801712;Lundby 12;ND;ND;4;
2002;rf;14801712;Lundby 12;PPG;PPG;1;
2002;rf;14801712;Lundby 12;ÖVR;ÖVR;1;
2002;rf;14801713;Lundby 13;KPML;KPML;3;
2002;rf;14801713;Lundby 13;ND;ND;2;
2002;rf;14801713;Lundby 13;PPG;PPG;4;
2002;rf;14801714;Lundby 14;KPML;KPML;12;
2002;rf;14801714;Lundby 14;ND;ND;1;
2002;rf;14801714;Lundby 14;ÖVR;ÖVR;2;
2002;rf;14801801;Biskopsgården 1;KPML;KPML;19;
2002;rf;14801801;Biskopsgården 1;ND;ND;5;
2002;rf;14801801;Biskopsgården 1;ÖVR;ÖVR;2;
2002;rf;14801802;Biskopsgården 2;KPML;KPML;20;
2002;rf;14801802;Biskopsgården 2;ND;ND;2;
2002;rf;14801803;Biskopsgården 3;KPML;KPML;32;
2002;rf;14801803;Biskopsgården 3;ND;ND;7;
2002;rf;14801803;Biskopsgården 3;ÖVR;ÖVR;2;
2002;rf;14801804;Biskopsgården 4;KPML;KPML;22;
2002;rf;14801804;Biskopsgården 4;ND;ND;2;
2002;rf;14801804;Biskopsgården 4;ÖVR;ÖVR;4;
2002;rf;14801805;Biskopsgården 5;KPML;KPML;6;
2002;rf;14801805;Biskopsgården 5;ND;ND;1;
2002;rf;14801805;Biskopsgården 5;PPG;PPG;4;
2002;rf;14801805;Biskopsgården 5;ÖVR;ÖVR;4;
2002;rf;14801806;Biskopsgården 6;KPML;KPML;3;
2002;rf;14801806;Biskopsgården 6;ND;ND;1;
2002;rf;14801806;Biskopsgården 6;PPG;PPG;2;
2002;rf;14801806;Biskopsgården 6;ÖVR;ÖVR;1;
2002;rf;14801807;Biskopsgården 7;KPML;KPML;13;
2002;rf;14801807;Biskopsgården 7;ND;ND;2;
2002;rf;14801808;Biskopsgården 8;KPML;KPML;24;
2002;rf;14801808;Biskopsgården 8;ND;ND;1;
2002;rf;14801808;Biskopsgården 8;PPG;PPG;1;
2002;rf;14801809;Biskopsgården 9;0332;0332;1;
2002;rf;14801809;Biskopsgården 9;KommF;KOMMF;1;
2002;rf;14801809;Biskopsgården 9;KPML;KPML;14;
2002;rf;14801809;Biskopsgården 9;PPG;PPG;1;
2002;rf;14801810;Biskopsgården 10;KPML;KPML;8;
2002;rf;14801810;Biskopsgården 10;ND;ND;1;
2002;rf;14801810;Biskopsgården 10;ÖVR;ÖVR;1;
2002;rf;14801811;Biskopsgården 11;KPML;KPML;26;
2002;rf;14801811;Biskopsgården 11;ND;ND;5;
2002;rf;14801812;Biskopsgården 12;KPML;KPML;17;
2002;rf;14801812;Biskopsgården 12;ND;ND;1;
2002;rf;14801812;Biskopsgården 12;PPG;PPG;1;
2002;rf;14801812;Biskopsgården 12;ÖVR;ÖVR;2;
2002;rf;14801813;Biskopsgården 13;KPML;KPML;23;
2002;rf;14801901;Brämaregården 1;KPML;KPML;22;
2002;rf;14801901;Brämaregården 1;ND;ND;3;
2002;rf;14801902;Brämaregården 2;KPML;KPML;15;
2002;rf;14801902;Brämaregården 2;ND;ND;2;
2002;rf;14801903;Brämaregården 3;KPML;KPML;16;
2002;rf;14801903;Brämaregården 3;ND;ND;1;
2002;rf;14801903;Brämaregården 3;ÖVR;ÖVR;1;
2002;rf;14801904;Brämaregården 4;KPML;KPML;12;
2002;rf;14801904;Brämaregården 4;ND;ND;2;
2002;rf;14801904;Brämaregården 4;PPG;PPG;2;
2002;rf;14801904;Brämaregården 4;ÖVR;ÖVR;1;
2002;rf;14801905;Brämaregården 5;KPML;KPML;21;
2002;rf;14801905;Brämaregården 5;ND;ND;2;
2002;rf;14801905;Brämaregården 5;PPG;PPG;3;
2002;rf;14801906;Brämaregården 6;KPML;KPML;19;
2002;rf;14801906;Brämaregården 6;ND;ND;2;
2002;rf;14801906;Brämaregården 6;PPG;PPG;1;
2002;rf;14801906;Brämaregården 6;ÖVR;ÖVR;2;
2002;rf;14801907;Brämaregården 7;KPML;KPML;10;
2002;rf;14801907;Brämaregården 7;ND;ND;1;
2002;rf;14801907;Brämaregården 7;PPG;PPG;1;
2002;rf;14801907;Brämaregården 7;ÖVR;ÖVR;1;
2002;rf;14801908;Brämaregården 8;KPML;KPML;25;
2002;rf;14801908;Brämaregården 8;ND;ND;3;
2002;rf;14801908;Brämaregården 8;ÖVR;ÖVR;4;
2002;rf;14802001;Backa 1;KPML;KPML;10;
2002;rf;14802001;Backa 1;PPG;PPG;1;
2002;rf;14802002;Backa 2;KPML;KPML;2;
2002;rf;14802002;Backa 2;ÖVR;ÖVR;1;
2002;rf;14802003;Backa 3;KPML;KPML;5;
2002;rf;14802003;Backa 3;ND;ND;4;
2002;rf;14802003;Backa 3;PPG;PPG;2;
2002;rf;14802003;Backa 3;ÖVR;ÖVR;1;
2002;rf;14802004;Backa 4;KPML;KPML;5;
2002;rf;14802004;Backa 4;ÖVR;ÖVR;3;
2002;rf;14802005;Backa 5;KPML;KPML;16;
2002;rf;14802005;Backa 5;PPG;PPG;1;
2002;rf;14802005;Backa 5;ÖVR;ÖVR;1;
2002;rf;14802101;Högsbo 1;KPML;KPML;6;
2002;rf;14802101;Högsbo 1;ND;ND;1;
2002;rf;14802101;Högsbo 1;PPG;PPG;1;
2002;rf;14802101;Högsbo 1;ÖVR;ÖVR;2;
2002;rf;14802102;Högsbo 2;KPML;KPML;12;
2002;rf;14802102;Högsbo 2;ND;ND;1;
2002;rf;14802102;Högsbo 2;ÖVR;ÖVR;1;
2002;rf;14802103;Högsbo 3;KPML;KPML;21;
2002;rf;14802103;Högsbo 3;PPG;PPG;1;
2002;rf;14802104;Högsbo 4;KPML;KPML;8;
2002;rf;14802104;Högsbo 4;ND;ND;4;
2002;rf;14802104;Högsbo 4;PPG;PPG;3;
2002;rf;14802105;Högsbo 5;KPML;KPML;5;
2002;rf;14802105;Högsbo 5;ND;ND;2;
2002;rf;14802105;Högsbo 5;PPG;PPG;5;
2002;rf;14802105;Högsbo 5;ÖVR;ÖVR;1;
2002;rf;14802106;Högsbo 6;KPML;KPML;6;
2002;rf;14802106;Högsbo 6;PPG;PPG;3;
2002;rf;14802107;Högsbo 7;KPML;KPML;28;
2002;rf;14802107;Högsbo 7;ND;ND;2;
2002;rf;14802107;Högsbo 7;PPG;PPG;1;
2002;rf;14802107;Högsbo 7;ÖVR;ÖVR;1;
2002;rf;14802108;Högsbo 8;KPML;KPML;7;
2002;rf;14802108;Högsbo 8;ND;ND;1;
2002;rf;14802108;Högsbo 8;PPG;PPG;2;
2002;rf;14802108;Högsbo 8;ÖVR;ÖVR;1;
2002;rf;14802109;Högsbo 9;KPML;KPML;12;
2002;rf;14802109;Högsbo 9;PPG;PPG;9;
2002;rf;14802110;Högsbo 10;KPML;KPML;6;
2002;rf;14802110;Högsbo 10;ND;ND;5;
2002;rf;14802110;Högsbo 10;PPG;PPG;2;
2002;rf;14802110;Högsbo 10;ÖVR;ÖVR;2;
2002;rf;14802111;Högsbo 11;KPML;KPML;3;
2002;rf;14802111;Högsbo 11;ND;ND;6;
2002;rf;14802111;Högsbo 11;PPG;PPG;5;
2002;rf;14802111;Högsbo 11;ÖVR;ÖVR;1;
2002;rf;14802112;Högsbo 12;KPML;KPML;13;
2002;rf;14802112;Högsbo 12;ND;ND;4;
2002;rf;14802112;Högsbo 12;PPG;PPG;2;
2002;rf;14802112;Högsbo 12;ÖVR;ÖVR;2;
2002;rf;14802201;Västra Frölunda 1;KPML;KPML;5;
2002;rf;14802201;Västra Frölunda 1;ND;ND;1;
2002;rf;14802201;Västra Frölunda 1;PPG;PPG;4;
2002;rf;14802202;Västra Frölunda 2;KPML;KPML;3;
2002;rf;14802202;Västra Frölunda 2;ND;ND;2;
2002;rf;14802202;Västra Frölunda 2;PPG;PPG;7;
2002;rf;14802202;Västra Frölunda 2;ÖVR;ÖVR;1;
2002;rf;14802203;Västra Frölunda 3;KPML;KPML;10;
2002;rf;14802203;Västra Frölunda 3;ND;ND;1;
2002;rf;14802203;Västra Frölunda 3;PPG;PPG;3;
2002;rf;14802203;Västra Frölunda 3;ÖVR;ÖVR;1;
2002;rf;14802204;Västra Frölunda 4;KPML;KPML;6;
2002;rf;14802204;Västra Frölunda 4;ND;ND;2;
2002;rf;14802204;Västra Frölunda 4;PPG;PPG;5;
2002;rf;14802205;Västra Frölunda 5;KPML;KPML;4;
2002;rf;14802205;Västra Frölunda 5;ND;ND;1;
2002;rf;14802205;Västra Frölunda 5;ÖVR;ÖVR;2;
2002;rf;14802206;Västra Frölunda 6;KPML;KPML;9;
2002;rf;14802206;Västra Frölunda 6;PPG;PPG;8;
2002;rf;14802207;Västra Frölunda 7;KPML;KPML;6;
2002;rf;14802207;Västra Frölunda 7;ND;ND;1;
2002;rf;14802207;Västra Frölunda 7;PPG;PPG;2;
2002;rf;14802207;Västra Frölunda 7;ÖVR;ÖVR;1;
2002;rf;14802208;Västra Frölunda 8;KPML;KPML;3;
2002;rf;14802208;Västra Frölunda 8;ND;ND;2;
2002;rf;14802208;Västra Frölunda 8;PPG;PPG;1;
2002;rf;14802209;Västra Frölunda 9;KPML;KPML;4;
2002;rf;14802210;Västra Frölunda 10;KPML;KPML;6;
2002;rf;14802210;Västra Frölunda 10;ÖVR;ÖVR;1;
2002;rf;14802301;Älvsborg 1;ND;ND;2;
2002;rf;14802301;Älvsborg 1;PPG;PPG;1;
2002;rf;14802302;Älvsborg 2;KPML;KPML;1;
2002;rf;14802302;Älvsborg 2;ND;ND;1;
2002;rf;14802302;Älvsborg 2;PPG;PPG;3;
2002;rf;14802302;Älvsborg 2;ÖVR;ÖVR;2;
2002;rf;14802303;Älvsborg 3;KPML;KPML;4;
2002;rf;14802303;Älvsborg 3;ND;ND;1;
2002;rf;14802303;Älvsborg 3;PPG;PPG;1;
2002;rf;14802303;Älvsborg 3;ÖVR;ÖVR;2;
2002;rf;14802304;Älvsborg 4;KPML;KPML;7;
2002;rf;14802304;Älvsborg 4;ÖVR;ÖVR;1;
2002;rf;14802305;Älvsborg 5;KPML;KPML;2;
2002;rf;14802305;Älvsborg 5;PPG;PPG;2;
2002;rf;14802306;Älvsborg 6;KPML;KPML;2;
2002;rf;14802306;Älvsborg 6;ND;ND;2;
2002;rf;14802306;Älvsborg 6;PPG;PPG;1;
2002;rf;14802307;Älvsborg 7;KPML;KPML;9;
2002;rf;14802307;Älvsborg 7;ND;ND;1;
2002;rf;14802307;Älvsborg 7;PPG;PPG;3;
2002;rf;14802308;Älvsborg 8;KPML;KPML;2;
2002;rf;14802308;Älvsborg 8;ND;ND;1;
2002;rf;14802308;Älvsborg 8;ÖVR;ÖVR;1;
2002;rf;14802310;Älvsborg 10;KPML;KPML;6;
2002;rf;14802310;Älvsborg 10;ÖVR;ÖVR;2;
2002;rf;14802401;Tynnered 1;KPML;KPML;13;
2002;rf;14802401;Tynnered 1;ND;ND;1;
2002;rf;14802401;Tynnered 1;PPG;PPG;2;
2002;rf;14802401;Tynnered 1;ÖVR;ÖVR;3;
2002;rf;14802402;Tynnered 2;KPML;KPML;13;
2002;rf;14802402;Tynnered 2;ND;ND;3;
2002;rf;14802402;Tynnered 2;ÖVR;ÖVR;1;
2002;rf;14802403;Tynnered 3;KPML;KPML;4;
2002;rf;14802403;Tynnered 3;PPG;PPG;4;
2002;rf;14802403;Tynnered 3;ÖVR;ÖVR;1;
2002;rf;14802404;Tynnered 4;KPML;KPML;3;
2002;rf;14802404;Tynnered 4;ND;ND;2;
2002;rf;14802404;Tynnered 4;PPG;PPG;2;
2002;rf;14802405;Tynnered 5;KPML;KPML;22;
2002;rf;14802405;Tynnered 5;ND;ND;4;
2002;rf;14802405;Tynnered 5;PPG;PPG;4;
2002;rf;14802405;Tynnered 5;ÖVR;ÖVR;2;
2002;rf;14802406;Tynnered 6;KPML;KPML;2;
2002;rf;14802406;Tynnered 6;ÖVR;ÖVR;1;
2002;rf;14802407;Tynnered 7;KPML;KPML;6;
2002;rf;14802407;Tynnered 7;ND;ND;3;
2002;rf;14802407;Tynnered 7;PPG;PPG;1;
2002;rf;14802407;Tynnered 7;ÖVR;ÖVR;1;
2002;rf;14802408;Tynnered 8;KPML;KPML;13;
2002;rf;14802408;Tynnered 8;ND;ND;1;
2002;rf;14802408;Tynnered 8;PPG;PPG;8;
2002;rf;14802409;Tynnered 9;KPML;KPML;5;
2002;rf;14802409;Tynnered 9;PPG;PPG;4;
2002;rf;14802409;Tynnered 9;ÖVR;ÖVR;2;
2002;rf;14802410;Tynnered 10;KPML;KPML;1;
2002;rf;14802410;Tynnered 10;ND;ND;3;
2002;rf;14802410;Tynnered 10;ÖVR;ÖVR;1;
2002;rf;14802601;Angered 1;KPML;KPML;7;
2002;rf;14802601;Angered 1;ND;ND;2;
2002;rf;14802601;Angered 1;PPG;PPG;2;
2002;rf;14802601;Angered 1;ÖVR;ÖVR;1;
2002;rf;14802602;Angered 2;KPML;KPML;6;
2002;rf;14802602;Angered 2;PPG;PPG;2;
2002;rf;14802602;Angered 2;ÖVR;ÖVR;2;
2002;rf;14802603;Angered 3;KPML;KPML;22;
2002;rf;14802603;Angered 3;PPG;PPG;1;
2002;rf;14802604;Angered 4;KommF;KOMMF;1;
2002;rf;14802604;Angered 4;KPML;KPML;58;
2002;rf;14802605;Angered 5;KPML;KPML;26;
2002;rf;14802605;Angered 5;ND;ND;1;
2002;rf;14802605;Angered 5;PPG;PPG;1;
2002;rf;14802605;Angered 5;ÖVR;ÖVR;4;
2002;rf;14802606;Angered 6;KPML;KPML;24;
2002;rf;14802606;Angered 6;ND;ND;1;
2002;rf;14802606;Angered 6;ÖVR;ÖVR;1;
2002;rf;14802607;Angered 7;KPML;KPML;20;
2002;rf;14802607;Angered 7;ÖVR;ÖVR;1;
2002;rf;14802608;Angered 8;KPML;KPML;31;
2002;rf;14802608;Angered 8;PPG;PPG;2;
2002;rf;14802609;Angered 9;KPML;KPML;26;
2002;rf;14802609;Angered 9;PPG;PPG;1;
2002;rf;14802701;Bergum 1;KPML;KPML;1;
2002;rf;14802702;Bergum 2;KPML;KPML;10;
2002;rf;14802702;Bergum 2;ND;ND;1;
2002;rf;14802801;Torslanda 1;KPML;KPML;3;
2002;rf;14802801;Torslanda 1;ND;ND;3;
2002;rf;14802801;Torslanda 1;PPG;PPG;1;
2002;rf;14802801;Torslanda 1;ÖVR;ÖVR;2;
2002;rf;14802802;Torslanda 2;KPML;KPML;9;
2002;rf;14802802;Torslanda 2;PPG;PPG;2;
2002;rf;14802802;Torslanda 2;ÖVR;ÖVR;1;
2002;rf;14802803;Torslanda 3;KPML;KPML;6;
2002;rf;14802803;Torslanda 3;ND;ND;1;
2002;rf;14802803;Torslanda 3;PPG;PPG;2;
2002;rf;14802803;Torslanda 3;ÖVR;ÖVR;3;
2002;rf;14802804;Torslanda 4;KPML;KPML;6;
2002;rf;14802804;Torslanda 4;ND;ND;1;
2002;rf;14802804;Torslanda 4;PPG;PPG;2;
2002;rf;14802804;Torslanda 4;ÖVR;ÖVR;2;
2002;rf;14802805;Torslanda 5;KPML;KPML;1;
2002;rf;14802805;Torslanda 5;ÖVR;ÖVR;2;
2002;rf;14802806;Torslanda 6;KPML;KPML;2;
2002;rf;14802806;Torslanda 6;PPG;PPG;2;
2002;rf;14802806;Torslanda 6;ÖVR;ÖVR;3;
2002;rf;14802807;Torslanda 7;0332;0332;1;
2002;rf;14802807;Torslanda 7;KPML;KPML;5;
2002;rf;14802807;Torslanda 7;PPG;PPG;2;
2002;rf;14802901;Björlanda 1;KPML;KPML;6;
2002;rf;14802901;Björlanda 1;ND;ND;7;
2002;rf;14802901;Björlanda 1;ÖVR;ÖVR;1;
2002;rf;14802902;Björlanda 2;KPML;KPML;11;
2002;rf;14802902;Björlanda 2;ND;ND;7;
2002;rf;14802902;Björlanda 2;PPG;PPG;1;
2002;rf;14802903;Björlanda 3;0332;0332;1;
2002;rf;14802903;Björlanda 3;KPML;KPML;4;
2002;rf;14802903;Björlanda 3;ND;ND;2;
2002;rf;14802903;Björlanda 3;ÖVR;ÖVR;1;
2002;rf;14803001;Tuve 1;KPML;KPML;7;
2002;rf;14803001;Tuve 1;PPG;PPG;1;
2002;rf;14803001;Tuve 1;ÖVR;ÖVR;1;
2002;rf;14803002;Tuve 2;KPML;KPML;7;
2002;rf;14803002;Tuve 2;ND;ND;2;
2002;rf;14803002;Tuve 2;ÖVR;ÖVR;2;
2002;rf;14803003;Tuve 3;KPML;KPML;11;
2002;rf;14803003;Tuve 3;PPG;PPG;1;
2002;rf;14803004;Tuve 4;0332;0332;2;
2002;rf;14803004;Tuve 4;KPML;KPML;13;
2002;rf;14803004;Tuve 4;ND;ND;1;
2002;rf;14803004;Tuve 4;ÖVR;ÖVR;1;
2002;rf;14803005;Tuve 5;KPML;KPML;9;
2002;rf;14803005;Tuve 5;ND;ND;4;
2002;rf;14803006;Tuve 6;KPML;KPML;6;
2002;rf;14803006;Tuve 6;ÖVR;ÖVR;2;
2002;rf;14803101;Säve 1;KPML;KPML;9;
2002;rf;14803101;Säve 1;PPG;PPG;2;
2002;rf;14803101;Säve 1;ÖVR;ÖVR;1;
2002;rf;14803102;Säve 2;KPML;KPML;10;
2002;rf;14803102;Säve 2;ND;ND;2;
2002;rf;14803102;Säve 2;ÖVR;ÖVR;3;
2002;rf;14803103;Säve 3;KPML;KPML;2;
2002;rf;14803103;Säve 3;PPG;PPG;1;
2002;rf;14803103;Säve 3;ÖVR;ÖVR;3;
2002;rf;14803104;Säve 4;KPML;KPML;2;
2002;rf;14803104;Säve 4;ND;ND;3;
2002;rf;14803105;Säve 5;KPML;KPML;1;
2002;rf;14803105;Säve 5;ÖVR;ÖVR;3;
2002;rf;14803106;Säve 6;KPML;KPML;13;
2002;rf;14803106;Säve 6;PPG;PPG;1;
2002;rf;14803107;Säve 7;KPML;KPML;3;
2002;rf;14803107;Säve 7;ND;ND;2;
2002;rf;14803107;Säve 7;PPG;PPG;1;
2002;rf;14803107;Säve 7;ÖVR;ÖVR;1;
2002;rf;14803108;Säve 8;PPG;PPG;1;
2002;rf;14803108;Säve 8;ÖVR;ÖVR;1;
2002;rf;14803201;Bergsjön 1;KPML;KPML;7;
2002;rf;14803201;Bergsjön 1;ÖVR;ÖVR;3;
2002;rf;14803202;Bergsjön 2;KPML;KPML;26;
2002;rf;14803202;Bergsjön 2;ND;ND;1;
2002;rf;14803202;Bergsjön 2;PPG;PPG;1;
2002;rf;14803202;Bergsjön 2;ÖVR;ÖVR;3;
2002;rf;14803203;Bergsjön 3;KommF;KOMMF;1;
2002;rf;14803203;Bergsjön 3;KPML;KPML;23;
2002;rf;14803203;Bergsjön 3;ND;ND;2;
2002;rf;14803203;Bergsjön 3;PPG;PPG;2;
2002;rf;14803204;Bergsjön 4;KPML;KPML;14;
2002;rf;14803204;Bergsjön 4;PPG;PPG;1;
2002;rf;14803205;Bergsjön 5;KPML;KPML;9;
2002;rf;14803205;Bergsjön 5;PPG;PPG;1;
2002;rf;14803206;Bergsjön 6;KPML;KPML;16;
2002;rf;14803206;Bergsjön 6;ND;ND;3;
2002;rf;14803206;Bergsjön 6;ÖVR;ÖVR;2;
2002;rf;14803207;Bergsjön 7;KPML;KPML;13;
2002;rf;14803208;Bergsjön 8;KPML;KPML;18;
2002;rf;14803208;Bergsjön 8;ND;ND;1;
2002;rf;14803301;S:t Pauli 1;KPML;KPML;11;
2002;rf;14803301;S:t Pauli 1;ÖVR;ÖVR;1;
2002;rf;14803302;S:t Pauli 2;KPML;KPML;16;
2002;rf;14803302;S:t Pauli 2;ND;ND;1;
2002;rf;14803303;S:t Pauli 3;KPML;KPML;5;
2002;rf;14803303;S:t Pauli 3;ND;ND;1;
2002;rf;14803303;S:t Pauli 3;ÖVR;ÖVR;2;
2002;rf;14803304;S:t Pauli 4;KPML;KPML;8;
2002;rf;14803304;S:t Pauli 4;ND;ND;1;
2002;rf;14803304;S:t Pauli 4;ÖVR;ÖVR;1;
2002;rf;14803305;S:t Pauli 5;KPML;KPML;9;
2002;rf;14803306;S:t Pauli 6;KPML;KPML;10;
2002;rf;14803306;S:t Pauli 6;ND;ND;1;
2002;rf;14803306;S:t Pauli 6;ÖVR;ÖVR;1;
2002;rf;14803307;S:t Pauli 7;KPML;KPML;10;
2002;rf;14803307;S:t Pauli 7;ND;ND;1;
2002;rf;14803307;S:t Pauli 7;PPG;PPG;1;
2002;rf;14803307;S:t Pauli 7;ÖVR;ÖVR;2;
2002;rf;14803308;S:t Pauli 8;KPML;KPML;4;
2002;rf;14803308;S:t Pauli 8;ÖVR;ÖVR;1;
2002;rf;14803309;S:t Pauli 9;KPML;KPML;6;
2002;rf;14803309;S:t Pauli 9;ND;ND;1;
2002;rf;14803310;S:t Pauli 10;KPML;KPML;14;
2002;rf;14803310;S:t Pauli 10;ND;ND;2;
2002;rf;14803310;S:t Pauli 10;PPG;PPG;2;
2002;rf;14803310;S:t Pauli 10;ÖVR;ÖVR;3;
2002;rf;14803401;Gunnared 1;KommF;KOMMF;1;
2002;rf;14803401;Gunnared 1;KPML;KPML;21;
2002;rf;14803401;Gunnared 1;PPG;PPG;1;
2002;rf;14803401;Gunnared 1;ÖVR;ÖVR;1;
2002;rf;14803402;Gunnared 2;KPML;KPML;14;
2002;rf;14803403;Gunnared 3;KPML;KPML;22;
2002;rf;14803403;Gunnared 3;ND;ND;1;
2002;rf;14803403;Gunnared 3;PPG;PPG;1;
2002;rf;14803403;Gunnared 3;ÖVR;ÖVR;3;
2002;rf;14803404;Gunnared 4;KPML;KPML;21;
2002;rf;14803404;Gunnared 4;ND;ND;1;
2002;rf;14803405;Gunnared 5;KPML;KPML;15;
2002;rf;14803405;Gunnared 5;ND;ND;1;
2002;rf;14803405;Gunnared 5;PPG;PPG;4;
2002;rf;14803405;Gunnared 5;ÖVR;ÖVR;1;
2002;rf;14803406;Gunnared 6;KPML;KPML;35;
2002;rf;14803406;Gunnared 6;ND;ND;1;
2002;rf;14803406;Gunnared 6;PPG;PPG;1;
2002;rf;14803406;Gunnared 6;ÖVR;ÖVR;4;
2002;rf;14803407;Gunnared 7;KPML;KPML;18;
2002;rf;14803407;Gunnared 7;ND;ND;1;
2002;rf;14803407;Gunnared 7;ÖVR;ÖVR;4;
2002;rf;14803408;Gunnared 8;KPML;KPML;30;
2002;rf;14803409;Gunnared 9;KPML;KPML;18;
2002;rf;14803409;Gunnared 9;PPG;PPG;1;
2002;rf;14803409;Gunnared 9;ÖVR;ÖVR;1;
2002;rf;14803410;Gunnared 10;KommF;KOMMF;1;
2002;rf;14803410;Gunnared 10;KPML;KPML;21;
2002;rf;14803410;Gunnared 10;PPG;PPG;1;
2002;rf;14803411;Gunnared 11;KommF;KOMMF;1;
2002;rf;14803411;Gunnared 11;KPML;KPML;17;
2002;rf;14803411;Gunnared 11;ND;ND;2;
2002;rf;14803501;Rödbo 1;KPML;KPML;3;
2002;rf;14803501;Rödbo 1;ÖVR;ÖVR;2;
2002;rf;14803601;Askim 1;KPML;KPML;1;
2002;rf;14803601;Askim 1;PPG;PPG;1;
2002;rf;14803602;Askim 2;KPML;KPML;4;
2002;rf;14803602;Askim 2;ND;ND;4;
2002;rf;14803602;Askim 2;ÖVR;ÖVR;1;
2002;rf;14803603;Askim 3;KPML;KPML;1;
2002;rf;14803603;Askim 3;ÖVR;ÖVR;1;
2002;rf;14803604;Askim 4;PPG;PPG;2;
2002;rf;14803605;Askim 5;PPG;PPG;1;
2002;rf;14803606;Askim 6;KPML;KPML;1;
2002;rf;14803607;Askim 7;KPML;KPML;1;
2002;rf;14803608;Askim 8;KPML;KPML;2;
2002;rf;14803609;Askim 9;KPML;KPML;1;
2002;rf;14803609;Askim 9;PPG;PPG;1;
2002;rf;14803610;Askim 10;KPML;KPML;4;
2002;rf;14803610;Askim 10;ND;ND;3;
2002;rf;14803610;Askim 10;PPG;PPG;2;
2002;rf;14803610;Askim 10;ÖVR;ÖVR;1;
2002;rf;14803611;Askim 11;ND;ND;1;
2002;rf;14803612;Askim 12;ÖVR;ÖVR;1;
2002;rf;14803701;Styrsö 1;KPML;KPML;6;
2002;rf;14803701;Styrsö 1;ND;ND;1;
2002;rf;14803702;Styrsö 2;ÖVR;ÖVR;1;
2002;rf;14803703;Styrsö 3;KPML;KPML;4;
2002;rf;14803703;Styrsö 3;ND;ND;1;
2002;rf;14803801;Björkekärr 1;KPML;KPML;24;
2002;rf;14803801;Björkekärr 1;PPG;PPG;1;
2002;rf;14803802;Björkekärr 2;KPML;KPML;12;
2002;rf;14803802;Björkekärr 2;ND;ND;2;
2002;rf;14803802;Björkekärr 2;PPG;PPG;3;
2002;rf;14803802;Björkekärr 2;ÖVR;ÖVR;3;
2002;rf;14803803;Björkekärr 3;KPML;KPML;4;
2002;rf;14803803;Björkekärr 3;PPG;PPG;3;
2002;rf;14803803;Björkekärr 3;ÖVR;ÖVR;2;
2002;rf;14803804;Björkekärr 4;KPML;KPML;6;
2002;rf;14803804;Björkekärr 4;PPG;PPG;1;
2002;rf;14803901;Brunnsbo 1;KPML;KPML;17;
2002;rf;14803901;Brunnsbo 1;ND;ND;3;
2002;rf;14803901;Brunnsbo 1;PPG;PPG;9;
2002;rf;14803901;Brunnsbo 1;ÖVR;ÖVR;2;
2002;rf;14803902;Brunnsbo 2;KPML;KPML;7;
2002;rf;14803902;Brunnsbo 2;PPG;PPG;2;
2002;rf;14803902;Brunnsbo 2;ÖVR;ÖVR;2;
2002;rf;14803903;Brunnsbo 3;KPML;KPML;11;
2002;rf;14803903;Brunnsbo 3;ND;ND;1;
2002;rf;14803903;Brunnsbo 3;PPG;PPG;3;
2002;rf;14804001;Bäckebol 1;KPML;KPML;4;
2002;rf;14804001;Bäckebol 1;ND;ND;2;
2002;rf;14804001;Bäckebol 1;PPG;PPG;2;
2002;rf;14804002;Bäckebol 2;PPG;PPG;5;
2002;rf;14804003;Bäckebol 3;KPML;KPML;2;
2002;rf;14804003;Bäckebol 3;PPG;PPG;1;
2002;rf;14804003;Bäckebol 3;ÖVR;ÖVR;3;
2002;rf;14804004;Bäckebol 4;KPML;KPML;7;
2002;rf;14804004;Bäckebol 4;ND;ND;3;
2002;rf;14804004;Bäckebol 4;ÖVR;ÖVR;1;
2002;rf;14804005;Bäckebol 5;KPML;KPML;16;
2002;rf;14804005;Bäckebol 5;ND;ND;1;
2002;rf;14804101;Näset 1;KPML;KPML;1;
2002;rf;14804101;Näset 1;ND;ND;1;
2002;rf;14804101;Näset 1;PPG;PPG;1;
2002;rf;14804102;Näset 2;KPML;KPML;26;
2002;rf;14804102;Näset 2;ND;ND;1;
2002;rf;14804102;Näset 2;PPG;PPG;3;
2002;rf;14804102;Näset 2;ÖVR;ÖVR;1;
2002;rf;14804103;Näset 3;KPML;KPML;6;
2002;rf;14804103;Näset 3;PPG;PPG;4;
2002;rf;14804103;Näset 3;ÖVR;ÖVR;1;
2002;rf;14804104;Näset 4;KPML;KPML;4;
2002;rf;14804104;Näset 4;ND;ND;3;
2002;rf;14804104;Näset 4;PPG;PPG;3;
